row,name,knob,stem,region,SAM,SID,ERGAS,PSNR,SSIM,DE,S_SAM,S_SID,S_ERGAS,S_PSNR,S_DE,S_SPEC,S_SPAT,SSC
M1,dropped pixels,drop 0.01,train/Category-1_a_0030,full,0.0723758,0.0001333,0.422141,68.0162,0.999883,0.00807517,0.985629,0.993357,0.868738,1,0.997312,0.947478,0.999941,0.972972
M1,dropped pixels,drop 0.01,train/Category-1_a_0030,object,0.0139121,5.48397e-06,0.178799,67.9817,0.999947,0.00386245,0.997221,0.999726,0.942142,1,0.998713,0.979331,0.999974,0.989411
M1,dropped pixels,drop 0.01,train/Category-1_a_0030,table,0.223893,0.000671357,1.59309,62.8302,0.999663,0.0167785,0.956209,0.966989,0.587999,1,0.994423,0.816176,0.999831,0.902614
M1,dropped pixels,drop 0.01,train/Category-1_a_0030,background,0.0682284,0.000103367,0.664085,69.1719,0.999893,0.00799976,0.986447,0.994845,0.801427,1,0.997337,0.923062,0.999946,0.960359
M1,dropped pixels,drop 0.1,train/Category-1_a_0030,full,0.505305,0.00132574,1.34878,58.0703,0.998851,0.0795872,0.903878,0.935862,0.637888,1,0.97382,0.81412,0.999426,0.898522
M1,dropped pixels,drop 0.1,train/Category-1_a_0030,object,0.088462,4.94426e-05,0.586231,57.4061,0.999461,0.0403476,0.982463,0.997531,0.822497,1,0.986641,0.930663,0.99973,0.962674
M1,dropped pixels,drop 0.1,train/Category-1_a_0030,table,1.44168,0.00685114,4.87034,53.2342,0.99685,0.158387,0.749509,0.709953,0.197218,1,0.948574,0.471683,0.998425,0.680999
M1,dropped pixels,drop 0.1,train/Category-1_a_0030,background,0.490256,0.00101145,2.1003,59.2498,0.998937,0.0791135,0.906602,0.950685,0.496536,1,0.973974,0.753589,0.999469,0.864507
M1,dropped pixels,drop 0.5,train/Category-1_a_0030,full,2.45069,0.00669232,2.99641,51.1006,0.994056,0.399707,0.612541,0.715613,0.36832,1,0.875259,0.544519,0.997028,0.722561
M1,dropped pixels,drop 0.5,train/Category-1_a_0030,object,0.419847,0.000247226,1.28818,50.7976,0.997446,0.195426,0.919459,0.987715,0.650904,1,0.936934,0.839254,0.998723,0.906795
M1,dropped pixels,drop 0.5,train/Category-1_a_0030,table,7.01656,0.0348375,10.9601,46.1453,0.983403,0.803547,0.245782,0.175191,0.025904,0.87151,0.765023,0.103707,0.927456,0.301307
M1,dropped pixels,drop 0.5,train/Category-1_a_0030,background,2.37699,0.00508071,4.69869,52.2281,0.994485,0.397886,0.621638,0.775664,0.208831,1,0.87579,0.465231,0.997242,0.667997
M1,dropped pixels,pool 2,train/Category-1_a_0030,full,5.10212,0.0145534,4.99946,45.9427,0.983888,0.902127,0.360442,0.483034,0.18891,0.864756,0.740293,0.320397,0.924322,0.526372
M1,dropped pixels,pool 2,train/Category-1_a_0030,object,0.909409,0.00060381,2.33343,43.4347,0.991019,0.533878,0.8337,0.970261,0.459411,0.781158,0.836976,0.718952,0.886088,0.79136
M1,dropped pixels,pool 2,train/Category-1_a_0030,table,14.4554,0.0758419,20.6461,41.0482,0.954905,1.8008,0.0555165,0.0225483,0.00102604,0.701607,0.548665,0.0108701,0.828256,0.0892011
M1,dropped pixels,pool 2,train/Category-1_a_0030,background,4.95732,0.0110277,7.27776,47.8769,0.985453,0.881623,0.371033,0.576151,0.0883967,0.92923,0.74537,0.266355,0.957341,0.486362
M1,dropped pixels,pool 4,train/Category-1_a_0030,full,6.22248,0.0209644,9.32189,39.9943,0.970727,1.2059,0.288086,0.350561,0.0447216,0.666476,0.669003,0.165298,0.818602,0.356881
M1,dropped pixels,pool 4,train/Category-1_a_0030,object,1.36003,0.00165952,5.04228,35.3373,0.966409,1.09541,0.76185,0.920373,0.186233,0.511243,0.694102,0.507337,0.738826,0.606529
M1,dropped pixels,pool 4,train/Category-1_a_0030,table,17.6977,0.10934,56.5478,34.2455,0.909308,2.53251,0.0290268,0.00422395,1e-06,0.474851,0.429914,0.00049679,0.69208,0.0172643
M1,dropped pixels,pool 4,train/Category-1_a_0030,background,5.9912,0.0157263,10.7526,44.4851,0.977746,1.09311,0.301725,0.45552,0.0277588,0.81617,0.694635,0.156257,0.896958,0.360291
M1,dropped pixels,pool 8,train/Category-1_a_0030,full,6.93871,0.0257474,17.9266,33.8586,0.952343,1.57031,0.249638,0.275996,0.00254016,0.461954,0.592481,0.0559361,0.707149,0.193676
M1,dropped pixels,pool 8,train/Category-1_a_0030,object,2.13712,0.0056271,10.2691,29.103,0.909321,2.21075,0.652187,0.75476,0.0326138,0.303433,0.478588,0.252267,0.606377,0.377472
M1,dropped pixels,pool 8,train/Category-1_a_0030,table,19.9687,0.133926,139.458,26.8036,0.840932,3.6879,0.0184305,0.00123548,1e-06,0.226786,0.292498,0.000283437,0.533859,0.0112395
M1,dropped pixels,pool 8,train/Category-1_a_0030,background,6.53897,0.0186666,16.0463,40.6416,0.971781,1.23463,0.270416,0.393242,0.00475403,0.688054,0.662627,0.0796621,0.829918,0.248587
M2,dropped bands,every 10,train/Category-1_a_0030,full,6.78405,0.0119522,5.63652,38.4089,0.996976,5.16695,0.257481,0.550125,0.152767,0.613629,0.178652,0.278663,0.805302,0.377943
M2,dropped bands,every 10,train/Category-1_a_0030,object,1.27485,0.00123153,2.41871,44.4912,0.999149,1.58191,0.77494,0.940281,0.446535,0.816374,0.590194,0.687797,0.907762,0.740746
M2,dropped bands,every 10,train/Category-1_a_0030,table,3.01671,0.00613531,4.87047,50.6636,0.995254,0.741384,0.54698,0.735823,0.19721,1,0.781041,0.429758,0.997627,0.631178
M2,dropped bands,every 10,train/Category-1_a_0030,background,8.21387,0.0145818,7.57054,37.48,0.996736,6.29655,0.193443,0.482348,0.0801774,0.582667,0.122597,0.195579,0.789702,0.297197
M2,dropped bands,every 4,train/Category-1_a_0030,full,4.46432,0.00743806,4.65219,44.0485,0.996771,2.30618,0.409482,0.689421,0.212093,0.801617,0.463603,0.391215,0.899194,0.537005
M2,dropped bands,every 4,train/Category-1_a_0030,object,1.09063,0.000660714,2.08676,47.9117,0.99893,0.768282,0.804024,0.967504,0.498782,0.93039,0.774069,0.729364,0.96466,0.811559
M2,dropped bands,every 4,train/Category-1_a_0030,table,6.88027,0.021695,8.66116,48.5976,0.991745,0.979032,0.252573,0.337986,0.0557402,0.953255,0.721557,0.168197,0.9725,0.386733
M2,dropped bands,every 4,train/Category-1_a_0030,background,4.86338,0.00729098,6.95816,43.338,0.996867,2.73311,0.37807,0.69451,0.098334,0.777932,0.402107,0.295564,0.8874,0.454798
M2,dropped bands,every 2,train/Category-1_a_0030,full,8.87047,0.0235093,8.04893,39.4155,0.993854,4.62659,0.169637,0.308675,0.0683594,0.647182,0.213911,0.15297,0.820518,0.289581
M2,dropped bands,every 2,train/Category-1_a_0030,object,1.82847,0.00204258,3.37878,45.045,0.998169,1.48188,0.693715,0.902913,0.324243,0.834832,0.610206,0.587804,0.916501,0.690533
M2,dropped bands,every 2,train/Category-1_a_0030,table,10.8571,0.0454773,12.6562,45.6913,0.98467,1.36144,0.114017,0.102914,0.0147175,0.856378,0.635201,0.0556876,0.920524,0.214155
M2,dropped bands,every 2,train/Category-1_a_0030,background,10.0118,0.0253831,11.8161,38.5678,0.993959,5.55521,0.135016,0.281069,0.0194733,0.618927,0.156964,0.0904091,0.806443,0.21124
M3,low-rank,k=30,train/Category-1_a_0030,full,1.61663,0.00331411,1.39592,79.2629,0.999992,0.026579,0.723738,0.847296,0.627942,1,0.991179,0.727521,0.999996,0.851814
M3,low-rank,k=30,train/Category-1_a_0030,object,0.309299,6.65661e-05,0.550714,79.1125,0.999999,0.0145934,0.940015,0.996677,0.832292,1,0.995147,0.920425,0.999999,0.958688
M3,low-rank,k=30,train/Category-1_a_0030,table,5.23311,0.0211837,8.34284,73.1658,0.999969,0.0608921,0.351122,0.346739,0.0619798,1,0.979907,0.196142,0.999984,0.44153
M3,low-rank,k=30,train/Category-1_a_0030,background,1.50085,0.00212998,2.7076,80.9159,0.999994,0.0254008,0.740693,0.898976,0.405542,1,0.991569,0.646359,0.999997,0.802943
M3,low-rank,k=12,train/Category-1_a_0030,full,4.28486,0.0280004,5.41854,50.5852,0.99709,0.617144,0.424445,0.246592,0.164281,1,0.814065,0.258104,0.998545,0.492352
M3,low-rank,k=12,train/Category-1_a_0030,object,1.16396,0.00089996,3.07156,48.005,0.998916,0.447592,0.792319,0.955999,0.359208,0.933499,0.861399,0.647989,0.966208,0.777749
M3,low-rank,k=12,train/Category-1_a_0030,table,13.9889,0.178745,18.7448,44.4343,0.990727,1.6857,0.0609449,0.000131402,0.0019338,0.814476,0.570124,0.00249259,0.902601,0.0442736
M3,low-rank,k=12,train/Category-1_a_0030,background,3.90044,0.017955,6.62817,53.3391,0.997384,0.54164,0.458366,0.407485,0.109768,1,0.834814,0.273694,0.998692,0.508947
M3,low-rank,k=8,train/Category-1_a_0030,full,5.86883,0.0743298,7.58528,38.2226,0.974549,1.92271,0.309201,0.0243192,0.0797843,0.607419,0.526817,0.0843404,0.790984,0.243011
M3,low-rank,k=8,train/Category-1_a_0030,object,1.75084,0.004686,4.45577,35.1871,0.989005,1.31986,0.70457,0.791124,0.226444,0.506238,0.644065,0.501622,0.747621,0.598848
M3,low-rank,k=8,train/Category-1_a_0030,table,21.0994,0.513884,26.8962,30.2639,0.832264,9.72339,0.0147004,1e-06,0.000127753,0.34213,0.0391197,0.000123377,0.587197,0.00566957
M3,low-rank,k=8,train/Category-1_a_0030,background,5.1168,0.0432517,8.16666,43.7887,0.98615,1.25054,0.359385,0.115028,0.0657286,0.792958,0.659122,0.139542,0.889554,0.336828
M3,low-rank,k=4,train/Category-1_a_0030,full,10.8824,0.3011,12.9923,34.9588,0.960471,2.52117,0.11344,1e-06,0.0131574,0.498628,0.431542,0.00114282,0.729549,0.0266877
M3,low-rank,k=4,train/Category-1_a_0030,object,3.5712,0.00870884,7.33632,30.5753,0.969412,2.72619,0.489564,0.646979,0.0866878,0.352509,0.403036,0.301684,0.66096,0.41461
M3,low-rank,k=4,train/Category-1_a_0030,table,38.6663,2.53105,63.1353,29.8382,0.879508,6.16477,0.000438016,1e-06,1e-06,0.32794,0.128103,7.59446e-06,0.603724,0.00169698
M3,low-rank,k=4,train/Category-1_a_0030,background,9.47229,0.131825,14.1295,38.5185,0.966936,2.1145,0.1504,0.00137231,0.00900631,0.617284,0.494192,0.0122956,0.79211,0.0919462
M3,low-rank,k=2,train/Category-1_a_0030,full,13.0259,0.390207,43.4803,25.2025,0.956874,5.72606,0.0738897,1e-06,1e-06,0.173416,0.148275,4.19625e-05,0.565145,0.00398425
M3,low-rank,k=2,train/Category-1_a_0030,object,9.10791,0.0564077,28.4955,17.3437,0.916313,14.0193,0.16177,0.0595829,7.4963e-05,0,0.00934337,0.00897336,0.458157,0.0357609
M3,low-rank,k=2,train/Category-1_a_0030,table,39.7418,3.32681,67.1835,30.1757,0.883042,5.35343,0.000353243,1e-06,1e-06,0.33919,0.167885,7.069e-06,0.611116,0.00171228
M3,low-rank,k=2,train/Category-1_a_0030,background,11.077,0.157526,16.2784,35.399,0.972051,4.18348,0.10911,0.000379633,0.00440003,0.513299,0.247959,0.00566972,0.742675,0.0550449
M4,added noise,sigma 0.001,train/Category-1_a_0030,full,1.31825,0.00690114,0.891731,57.2275,0.998333,0.307194,0.768242,0.70818,0.742863,1,0.90267,0.73935,0.999166,0.846501
M4,added noise,sigma 0.001,train/Category-1_a_0030,object,0.166349,2.51374e-05,0.233319,65.2173,0.999774,0.0827353,0.967278,0.998744,0.925175,1,0.972798,0.963259,0.999887,0.977367
M4,added noise,sigma 0.001,train/Category-1_a_0030,table,4.62218,0.0426035,6.87543,50.1542,0.992304,0.765159,0.396755,0.118816,0.101083,1,0.774875,0.168278,0.996152,0.394286
M4,added noise,sigma 0.001,train/Category-1_a_0030,background,1.20439,0.00460916,2.01917,58.4949,0.998667,0.303756,0.785937,0.79417,0.510147,1,0.903705,0.682861,0.999333,0.813708
M4,added noise,sigma 0.003,train/Category-1_a_0030,full,3.83699,0.0695564,2.66819,47.9306,0.986471,0.911578,0.464219,0.0308746,0.410904,0.931019,0.737965,0.180588,0.958745,0.400079
M4,added noise,sigma 0.003,train/Category-1_a_0030,object,0.499438,0.000227326,0.700027,55.6031,0.997945,0.249419,0.904939,0.988698,0.791882,1,0.920223,0.891486,0.998972,0.932148
M4,added noise,sigma 0.003,train/Category-1_a_0030,table,12.9583,0.513426,20.1357,40.9456,0.941045,2.21267,0.0748953,1e-06,0.00121637,0.698187,0.478281,0.000449959,0.819616,0.0177134
M4,added noise,sigma 0.003,train/Category-1_a_0030,background,3.55265,0.0379829,6.0486,49.1514,0.988869,0.906473,0.491384,0.149697,0.133161,0.971713,0.739221,0.213962,0.980291,0.438994
M4,added noise,sigma 0.01,train/Category-1_a_0030,full,11.3325,0.42694,8.80358,38.2451,0.897909,2.85191,0.103674,1e-06,0.0531558,0.608171,0.386495,0.00176634,0.75304,0.0329986
M4,added noise,sigma 0.01,train/Category-1_a_0030,object,1.66249,0.00262668,2.33454,45.0657,0.978562,0.826147,0.71713,0.876925,0.459241,0.835524,0.759282,0.660998,0.907043,0.753929
M4,added noise,sigma 0.01,train/Category-1_a_0030,table,30.6067,3.60597,59.1416,32.0396,0.710244,5.96636,0.00219549,1e-06,1e-06,0.40132,0.136861,1.2997e-05,0.555782,0.00217812
M4,added noise,sigma 0.01,train/Category-1_a_0030,background,11.2304,0.187046,20.0949,39.0508,0.901476,2.92367,0.105814,8.67658e-05,0.00123301,0.635026,0.37736,0.00224536,0.768251,0.0373321
M4,added noise,sigma 0.03,train/Category-1_a_0030,full,26.1167,1.97667,25.0906,29.7043,0.585529,7.0325,0.00538935,1e-06,0.000233222,0.323477,0.0959272,0.00010792,0.454503,0.005546
M4,added noise,sigma 0.03,train/Category-1_a_0030,object,4.85409,0.0566921,6.97515,35.6779,0.867581,2.40295,0.378773,0.0587418,0.0977784,0.522597,0.448887,0.129576,0.695089,0.281058
M4,added noise,sigma 0.03,train/Category-1_a_0030,table,47.1592,7.72221,157.04,24.4897,0.401252,11.181,8.01314e-05,1e-06,1e-06,0.149656,0.0240648,4.31123e-06,0.275454,0.000756005
M4,added noise,sigma 0.03,train/Category-1_a_0030,background,28.045,1.76281,56.8835,30.1232,0.55038,7.49605,0.00366476,1e-06,1e-06,0.337439,0.0821932,1.54175e-05,0.443909,0.00203136
M4,added noise,sigma 0.05,train/Category-1_a_0030,full,33.9264,3.93697,39.0186,26.1072,0.408548,9.68774,0.00113029,1e-06,2.24634e-06,0.203574,0.0395873,1.36423e-05,0.306061,0.00150353
M4,added noise,sigma 0.05,train/Category-1_a_0030,object,7.67712,0.21308,11.5055,31.6368,0.752492,3.8065,0.215364,2.36066e-05,0.0215976,0.387894,0.281159,0.00478856,0.570193,0.0469951
M4,added noise,sigma 0.05,train/Category-1_a_0030,table,52.6857,9.24423,253.695,21.1209,0.280776,14.085,2.65322e-05,1e-06,1e-06,0.037363,0.00914082,2.98257e-06,0.15907,0.000448744
M4,added noise,sigma 0.05,train/Category-1_a_0030,background,37.0352,4.11105,86.7241,26.4691,0.355905,10.3647,0.000606963,1e-06,1e-06,0.215637,0.0315906,8.46683e-06,0.285771,0.00111789
M5,smoothing,sigma 0.5px,train/Category-1_a_0030,full,1.9379,0.00261622,1.71057,55.7488,0.997995,0.322029,0.678698,0.877384,0.565418,1,0.898217,0.695684,0.998998,0.820466
M5,smoothing,sigma 0.5px,train/Category-1_a_0030,object,0.335445,8.1986e-05,0.740682,55.1249,0.999155,0.162182,0.935112,0.995909,0.781224,1,0.947375,0.8994,0.999577,0.940569
M5,smoothing,sigma 0.5px,train/Category-1_a_0030,table,5.47886,0.0141236,6.32417,50.756,0.994363,0.645411,0.334281,0.493525,0.121474,1,0.806431,0.271624,0.997182,0.504127
M5,smoothing,sigma 0.5px,train/Category-1_a_0030,background,1.88597,0.00193807,2.66624,56.9813,0.998141,0.319859,0.685784,0.907643,0.41117,1,0.898867,0.634904,0.99907,0.783911
M5,smoothing,sigma 1px,train/Category-1_a_0030,full,4.79646,0.0130567,4.72901,46.4409,0.985891,0.840512,0.383164,0.520568,0.206731,0.881365,0.755655,0.34548,0.933628,0.5502
M5,smoothing,sigma 1px,train/Category-1_a_0030,object,0.865884,0.000551116,2.23094,43.7956,0.992086,0.506151,0.840989,0.97282,0.475378,0.793188,0.844748,0.72994,0.892637,0.800551
M5,smoothing,sigma 1px,train/Category-1_a_0030,table,13.5878,0.0680682,19.7385,41.4633,0.959636,1.68965,0.0660358,0.0332597,0.00138853,0.715443,0.569375,0.0145017,0.837539,0.104009
M5,smoothing,sigma 1px,train/Category-1_a_0030,background,4.6584,0.00988923,6.82331,48.4915,0.987359,0.818548,0.393891,0.609899,0.102855,0.949716,0.761207,0.291264,0.968538,0.512282
M5,smoothing,sigma 2px,train/Category-1_a_0030,full,6.05965,0.0199455,8.90535,40.3687,0.972693,1.17099,0.297622,0.368884,0.0513829,0.678956,0.676833,0.178016,0.825825,0.372145
M5,smoothing,sigma 2px,train/Category-1_a_0030,object,1.32586,0.00156683,4.86472,35.6656,0.969784,1.06383,0.767074,0.924649,0.197587,0.522186,0.701448,0.519427,0.745985,0.616761
M5,smoothing,sigma 2px,train/Category-1_a_0030,table,17.2575,0.10416,51.6235,34.6653,0.917072,2.45271,0.031698,0.00547251,1e-06,0.488842,0.441503,0.000557707,0.702957,0.0184658
M5,smoothing,sigma 2px,train/Category-1_a_0030,background,5.83183,0.0149506,10.0188,44.884,0.978859,1.06209,0.311497,0.473534,0.0354507,0.829468,0.701853,0.173571,0.904164,0.381383
M5,smoothing,sigma 4px,train/Category-1_a_0030,full,6.83262,0.0250358,16.8523,34.2996,0.955588,1.5389,0.254992,0.285992,0.00363398,0.476652,0.598716,0.0642324,0.71612,0.208788
M5,smoothing,sigma 4px,train/Category-1_a_0030,object,2.10136,0.00542453,9.58353,29.6062,0.92129,2.1357,0.656869,0.762444,0.0409865,0.320208,0.490711,0.273806,0.620749,0.397984
M5,smoothing,sigma 4px,train/Category-1_a_0030,table,19.6974,0.130557,134.707,27.1669,0.850666,3.61156,0.0194585,0.00146215,1e-06,0.238898,0.300036,0.000305282,0.544782,0.0117925
M5,smoothing,sigma 4px,train/Category-1_a_0030,background,6.43615,0.0181262,15.0795,41.1058,0.972709,1.21607,0.276034,0.404013,0.00656178,0.703525,0.666739,0.0901142,0.838117,0.26555
M6,destriping,own profile,train/Category-1_a_0030,full,6.17407,0.0684439,4.91242,43.1547,0.979916,1.20955,0.290889,0.0326407,0.194471,0.771825,0.668191,0.122682,0.87587,0.31476
M6,destriping,own profile,train/Category-1_a_0030,object,0.881232,0.000730934,1.62867,48.4706,0.995719,0.419481,0.838411,0.964113,0.581066,0.949021,0.869509,0.777327,0.97237,0.854937
M6,destriping,own profile,train/Category-1_a_0030,table,20.0092,0.380768,25.8724,36.6187,0.922428,2.81608,0.018282,1e-06,0.000179715,0.553957,0.391138,0.000148663,0.738193,0.0095238
M6,destriping,own profile,train/Category-1_a_0030,background,5.7867,0.0498345,9.18906,44.2284,0.982704,1.198,0.314321,0.0827671,0.0467463,0.807612,0.670768,0.10674,0.895158,0.296015
M6,destriping,train template,train/Category-1_a_0030,full,5.92003,0.0365956,4.5511,45.4667,0.982792,0.99167,0.30605,0.160449,0.219362,0.848889,0.718524,0.22085,0.91584,0.433662
M6,destriping,train template,train/Category-1_a_0030,object,0.791302,0.000465054,1.54609,51.6149,0.996188,0.313914,0.853627,0.977016,0.597285,1,0.90065,0.792715,0.998094,0.875895
M6,destriping,train template,train/Category-1_a_0030,table,19.2779,0.225341,18.8262,39.1838,0.936915,2.26032,0.0211615,1.27876e-05,0.00188202,0.63946,0.470745,0.000798584,0.788187,0.0232219
M6,destriping,train template,train/Category-1_a_0030,background,5.54954,0.0244368,7.80948,46.3472,0.984868,0.992811,0.329589,0.294687,0.0740393,0.87824,0.71825,0.193018,0.931554,0.407815
M7,gain error,global +1%,train/Category-1_a_0030,full,0.0231442,1.79737e-08,2.01047,55.9464,0.999981,0.125179,0.995382,0.999999,0.511628,1,0.959132,0.798573,0.999991,0.88805
M7,gain error,global +1%,train/Category-1_a_0030,object,0.00609664,1.57153e-08,1.1654,51.2238,0.999955,0.211973,0.998781,0.999999,0.678095,1,0.931781,0.878187,0.999978,0.927229
M7,gain error,global +1%,train/Category-1_a_0030,table,0.0844477,1.74281e-08,1.7438,62.3221,0.999975,0.0645779,0.983252,0.999999,0.559189,1,0.978704,0.819234,0.999987,0.902193
M7,gain error,global +1%,train/Category-1_a_0030,background,0.0202073,1.8459e-08,1.15907,57.4772,0.999987,0.114756,0.995967,0.999999,0.679529,1,0.96247,0.877979,0.999993,0.931642
M7,gain error,global -1%,train/Category-1_a_0030,full,0.0233342,1.79806e-08,2.01047,55.8781,0.999981,0.126042,0.995344,0.999999,0.511628,1,0.958856,0.798563,0.99999,0.888006
M7,gain error,global -1%,train/Category-1_a_0030,object,0.00676949,1.57458e-08,1.1654,51.1329,0.999955,0.214589,0.998647,0.999999,0.678095,1,0.930969,0.878147,0.999978,0.927087
M7,gain error,global -1%,train/Category-1_a_0030,table,0.085276,1.74025e-08,1.7438,62.2718,0.999974,0.0650147,0.983089,0.999999,0.559189,1,0.978562,0.819188,0.999987,0.902149
M7,gain error,global -1%,train/Category-1_a_0030,background,0.0202409,1.84647e-08,1.15907,57.4266,0.999986,0.115328,0.99596,0.999999,0.679529,1,0.962287,0.877977,0.999993,0.931614
M7,gain error,global +3%,train/Category-1_a_0030,full,0.0231372,1.79796e-08,6.03142,46.4785,0.999844,0.372791,0.995383,0.999999,0.133925,0.882616,0.883147,0.510839,0.94123,0.686816
M7,gain error,global +3%,train/Category-1_a_0030,object,0.00685008,1.57268e-08,3.49621,41.7877,0.999686,0.626805,0.998631,0.999999,0.311797,0.726258,0.811448,0.677785,0.862972,0.757764
M7,gain error,global +3%,train/Category-1_a_0030,table,0.0835658,1.74404e-08,5.23141,52.8292,0.999779,0.192435,0.983426,0.999999,0.174854,1,0.937869,0.556082,0.999889,0.73854
M7,gain error,global +3%,train/Category-1_a_0030,background,0.0201438,1.84632e-08,3.4772,47.9847,0.999881,0.342587,0.995979,0.999999,0.313779,0.932823,0.892083,0.678617,0.966352,0.800148
M7,gain error,global -3%,train/Category-1_a_0030,full,0.0231724,1.79887e-08,6.03142,46.2725,0.999838,0.380542,0.995376,0.999999,0.133925,0.875751,0.880868,0.510838,0.937795,0.685671
M7,gain error,global -3%,train/Category-1_a_0030,object,0.00512745,1.56885e-08,3.49621,41.5126,0.999697,0.650221,0.998975,0.999999,0.311797,0.717085,0.805139,0.677863,0.858391,0.755512
M7,gain error,global -3%,train/Category-1_a_0030,table,0.0861522,1.7411e-08,5.23141,52.6783,0.999762,0.196369,0.982917,0.999999,0.174854,1,0.93664,0.555986,0.999881,0.738329
M7,gain error,global -3%,train/Category-1_a_0030,background,0.0202564,1.84852e-08,3.4772,47.8327,0.999873,0.34774,0.995957,0.999999,0.313779,0.927756,0.890553,0.678612,0.963815,0.799203
M7,gain error,global +10%,train/Category-1_a_0030,full,0.0223633,1.79465e-08,20.1048,36.2717,0.998529,1.21224,0.995537,0.999999,0.00122896,0.542391,0.667591,0.106954,0.77046,0.280956
M7,gain error,global +10%,train/Category-1_a_0030,object,0.00525197,1.56816e-08,11.6541,31.6898,0.997689,1.98924,0.99895,0.999999,0.0205543,0.389661,0.515261,0.273831,0.693675,0.416821
M7,gain error,global +10%,train/Category-1_a_0030,table,0.0808298,1.74401e-08,17.4381,42.5396,0.997732,0.626775,0.983964,0.999999,0.0029894,0.751319,0.811456,0.143281,0.874526,0.350029
M7,gain error,global +10%,train/Category-1_a_0030,background,0.0197248,1.84291e-08,11.5907,37.6962,0.99877,1.12326,0.996063,0.999999,0.0209931,0.589872,0.687689,0.2755,0.794321,0.457792
M7,gain error,global -10%,train/Category-1_a_0030,full,0.0235701,1.80319e-08,20.1048,35.5835,0.998301,1.29519,0.995297,0.999999,0.00122896,0.519452,0.649385,0.106946,0.758876,0.278302
M7,gain error,global -10%,train/Category-1_a_0030,object,0.00528721,1.57689e-08,11.6541,30.7675,0.998022,2.22698,0.998943,0.999999,0.0205543,0.358918,0.476005,0.27383,0.67847,0.408713
M7,gain error,global -10%,train/Category-1_a_0030,table,0.0894899,1.74567e-08,17.4381,42.0357,0.997124,0.670412,0.982261,0.999999,0.0029894,0.734522,0.799738,0.143198,0.865823,0.347945
M7,gain error,global -10%,train/Category-1_a_0030,background,0.0204029,1.85211e-08,11.5907,37.1884,0.998473,1.18068,0.995928,0.999999,0.0209931,0.572948,0.67465,0.275487,0.785711,0.454731
M7,gain error,per band 1%,train/Category-1_a_0030,full,0.542521,9.5841e-05,2.01047,57.831,0.999989,0.486662,0.897175,0.995219,0.511628,1,0.850254,0.770164,0.999994,0.856492
M7,gain error,per band 1%,train/Category-1_a_0030,object,0.566142,9.82558e-05,1.1654,53.3467,0.999986,0.618094,0.892947,0.995099,0.678095,1,0.813808,0.844619,0.999993,0.891061
M7,gain error,per band 1%,train/Category-1_a_0030,table,0.499024,9.3485e-05,1.7438,64.2844,0.999981,0.258063,0.905014,0.995337,0.559189,1,0.917575,0.795661,0.999991,0.88056
M7,gain error,per band 1%,train/Category-1_a_0030,background,0.542409,9.56186e-05,1.15907,59.1769,0.99999,0.484683,0.897195,0.99523,0.679529,1,0.850815,0.846589,0.999995,0.898071
M7,gain error,per band 3%,train/Category-1_a_0030,full,1.61448,0.000859516,6.03142,48.3058,0.999897,1.44484,0.72405,0.957935,0.133925,0.943527,0.617785,0.452886,0.971712,0.619809
M7,gain error,per band 3%,train/Category-1_a_0030,object,1.69407,0.000882483,3.49621,43.8227,0.999867,1.82358,0.712615,0.956835,0.311797,0.79409,0.544515,0.596835,0.896979,0.678895
M7,gain error,per band 3%,train/Category-1_a_0030,table,1.4597,0.000837658,5.23141,54.7621,0.999833,0.778246,0.746813,0.958982,0.174854,1,0.771502,0.500303,0.999917,0.680306
M7,gain error,per band 3%,train/Category-1_a_0030,background,1.61493,0.000857345,3.4772,49.6507,0.999909,1.43994,0.723984,0.958039,0.313779,0.988357,0.618797,0.601513,0.994133,0.720212
M7,gain error,per band 10%,train/Category-1_a_0030,full,5.26482,0.00945361,20.1048,37.8969,0.998875,4.58552,0.348902,0.623329,0.00122896,0.596562,0.216859,0.0644149,0.797718,0.186452
M7,gain error,per band 10%,train/Category-1_a_0030,object,5.5866,0.0097561,11.6541,33.4165,0.998527,5.62583,0.327155,0.613973,0.0205543,0.447216,0.153313,0.160424,0.722871,0.269862
M7,gain error,per band 10%,train/Category-1_a_0030,table,4.71133,0.0091859,17.4381,44.3651,0.998238,2.61959,0.389744,0.631729,0.0029894,0.812171,0.417614,0.0902882,0.905204,0.254562
M7,gain error,per band 10%,train/Category-1_a_0030,background,5.25935,0.00942298,11.5907,39.2394,0.999005,4.58565,0.349284,0.624284,0.0209931,0.641313,0.21685,0.16604,0.820159,0.30227
M8,zero-clamping,zero <0.001,train/Category-1_a_0030,full,0.0481525,0.00521353,0.0219355,74.4607,0.999969,0.0025717,0.990416,0.77053,0.992715,1,0.999143,0.911613,0.999984,0.954656
M8,zero-clamping,zero <0.001,train/Category-1_a_0030,object,0.00541182,0,0,120,1,0,0.998918,1,1,1,1,0.999639,1,0.99982
M8,zero-clamping,zero <0.001,train/Category-1_a_0030,table,0.229768,0.0279072,0.404585,67.169,0.999827,0.0140548,0.955086,0.247744,0.873837,1,0.995326,0.591323,0.999914,0.768412
M8,zero-clamping,zero <0.001,train/Category-1_a_0030,background,0.0379725,0.00391727,0.0463718,75.7065,0.999977,0.00190314,0.992434,0.822124,0.984662,1,0.999366,0.929627,0.999988,0.964076
M8,zero-clamping,zero <0.003,train/Category-1_a_0030,full,0.325594,0.10771,0.186883,53.9942,0.997015,0.0381158,0.936956,0.00458245,0.939606,1,0.987375,0.159192,0.998507,0.398021
M8,zero-clamping,zero <0.003,train/Category-1_a_0030,object,0.00541442,1.3992e-07,0.000317967,120,1,7.56548e-08,0.998918,0.999993,0.999894,1,1,0.999601,1,0.999801
M8,zero-clamping,zero <0.003,train/Category-1_a_0030,table,2.25611,0.678391,4.02805,46.1395,0.983757,0.26172,0.63685,1e-06,0.261144,0.871316,0.916457,0.00549928,0.927537,0.0712911
M8,zero-clamping,zero <0.003,train/Category-1_a_0030,background,0.191825,0.0706557,0.356815,55.6962,0.997784,0.0228182,0.962362,0.0292234,0.887862,1,0.992423,0.292284,0.998892,0.539807
M8,zero-clamping,zero <0.01,train/Category-1_a_0030,full,2.5554,1.06482,1.33763,37.4715,0.960509,0.338886,0.599847,1e-06,0.640263,0.582384,0.893185,0.00726886,0.771446,0.0765476
M8,zero-clamping,zero <0.01,train/Category-1_a_0030,object,0.00546343,2.69209e-06,0.00234826,120,1,1.12565e-06,0.998908,0.999865,0.999218,1,1,0.99933,1,0.999665
M8,zero-clamping,zero <0.01,train/Category-1_a_0030,table,24.2763,9.92768,34.6493,27.477,0.631697,3.27884,0.00778731,1e-06,9.63824e-06,0.249234,0.335228,4.21821e-05,0.440465,0.00413746
M8,zero-clamping,zero <0.01,train/Category-1_a_0030,background,0.849772,0.373504,1.62214,42.9417,0.986159,0.106836,0.843703,1e-06,0.582332,0.764724,0.965015,0.00789078,0.875442,0.0843373
M8,zero-clamping,zero <0.02,train/Category-1_a_0030,full,4.7465,1.86299,2.58408,32.4518,0.928485,0.609089,0.387012,1e-06,0.422587,0.415059,0.816254,0.00546865,0.671772,0.0624082
M8,zero-clamping,zero <0.02,train/Category-1_a_0030,object,0.00662305,6.76953e-05,0.0252285,70.3616,0.999945,0.000388079,0.998676,0.996621,0.991626,1,0.999871,0.995637,0.999973,0.997787
M8,zero-clamping,zero <0.02,train/Category-1_a_0030,table,44.0962,18.0665,60.9895,22.24,0.301495,5.76787,0.000147861,1e-06,1e-06,0.0746669,0.146223,5.28792e-06,0.188081,0.000960318
M8,zero-clamping,zero <0.02,train/Category-1_a_0030,background,1.67952,0.58313,3.00574,38.7958,0.978128,0.204584,0.714692,1e-06,0.367176,0.626526,0.934079,0.00640222,0.802327,0.073324
M8,zero-clamping,floor 0.005,train/Category-1_a_0030,full,0.462074,0.00502395,0.305208,48.7676,0.996285,0.073105,0.911727,0.777869,0.903268,0.958921,0.975926,0.862044,0.977603,0.91777
M8,zero-clamping,floor 0.005,train/Category-1_a_0030,object,0.00541538,4.92972e-09,0.000346194,120,1,9.26289e-08,0.998918,1,0.999885,1,1,0.999601,1,0.9998
M8,zero-clamping,floor 0.005,train/Category-1_a_0030,table,3.22057,0.0299069,6.28048,41.1494,0.976484,0.497351,0.525128,0.224171,0.123256,0.704981,0.847229,0.243903,0.840732,0.453356
M8,zero-clamping,floor 0.005,train/Category-1_a_0030,background,0.270773,0.00347069,0.602656,50.2648,0.997576,0.0442308,0.947286,0.840688,0.818006,1,0.985365,0.866877,0.998788,0.928611
M8,zero-clamping,floor 0.02,train/Category-1_a_0030,full,2.56551,0.0257022,3.27967,33.2628,0.973973,0.728069,0.598636,0.27662,0.335135,0.442093,0.784515,0.381436,0.708033,0.52774
M8,zero-clamping,floor 0.02,train/Category-1_a_0030,object,0.00574572,5.0257e-07,0.00651828,94.5152,0.999999,4.13327e-05,0.998852,0.999975,0.99783,1,0.999986,0.998885,1,0.99944
M8,zero-clamping,floor 0.02,train/Category-1_a_0030,table,21.8682,0.194137,79.3674,24.0788,0.7791,6.50359,0.0126053,6.0865e-05,1e-06,0.135958,0.114422,9.15461e-05,0.457529,0.00525706
M8,zero-clamping,floor 0.02,train/Category-1_a_0030,background,1.10573,0.0136054,4.91507,36.6796,0.988675,0.284077,0.801599,0.506479,0.194299,0.555987,0.909653,0.428874,0.772331,0.589831
M9,constant,zeros,train/Category-1_a_0030,full,90,23.5896,201.048,9.28265,0.00299429,23.867,1e-06,1e-06,1e-06,0,0.000350672,1e-06,0.00149714,3.11227e-05
M9,constant,zeros,train/Category-1_a_0030,object,90,23.6184,116.541,3.83058,0.000436506,54.9887,1e-06,1e-06,1e-06,0,1e-06,1e-06,0.000218253,6.58622e-06
M9,constant,zeros,train/Category-1_a_0030,table,90,23.71,174.38,17.3578,0.0140418,9.40373,1e-06,1e-06,1e-06,0,0.0435181,1e-06,0.00702091,0.000110164
M9,constant,zeros,train/Category-1_a_0030,background,90,23.5719,115.907,11.4502,0.00236703,19.3963,1e-06,1e-06,1e-06,0,0.00155631,1e-06,0.00118351,3.58447e-05
M9,constant,train mean,train/Category-1_a_0030,full,19.3215,0.135686,175.451,14.7489,0.81817,15.127,0.0209775,0.00113137,1e-06,0,0.00645861,0.000287377,0.409085,0.00581945
M9,constant,train mean,train/Category-1_a_0030,object,16.3966,0.196366,94.8671,9.89588,0.655233,28.2777,0.0376536,5.44472e-05,1e-06,0,8.06078e-05,0.000127036,0.327617,0.00185481
M9,constant,train mean,train/Category-1_a_0030,table,35.4701,0.369075,853.285,11.1687,0.385141,25.4202,0.000830046,1e-06,1e-06,0,0.000208955,9.39797e-06,0.19257,0.000483205
M9,constant,train mean,train/Category-1_a_0030,background,18.2496,0.100577,181.112,17.9468,0.892905,11.5828,0.0259934,0.0065462,1e-06,0,0.0210485,0.000554137,0.446453,0.00994748
M9,constant,ones,train/Category-1_a_0030,full,19.3791,0.137468,814.953,2.87434,0.470084,57.6953,0.0207371,0.00103494,1e-06,0,1e-06,0.0002779,0.235042,0.00126428
M9,constant,ones,train/Category-1_a_0030,object,17.6743,0.249073,159.63,6.51168,0.606887,32.1109,0.0291629,3.90338e-06,1e-06,0,2.2463e-05,4.84645e-05,0.303443,0.000920787
M9,constant,ones,train/Category-1_a_0030,table,33.9558,0.337498,6795.46,1.03942,0.161558,86.1999,0.00112367,1e-06,1e-06,0,1e-06,1.03963e-05,0.0807789,0.000168265
M9,constant,ones,train/Category-1_a_0030,background,18.2333,0.0960215,1922.31,2.64169,0.475146,59.6942,0.0260781,0.00822091,1e-06,0,1e-06,0.000598501,0.237573,0.00186235
M1,dropped pixels,drop 0.01,train/Category-2_a_0002,full,0.052341,0.000119748,0.281467,64.3649,0.999887,0.00737368,0.989586,0.99403,0.910445,1,0.997545,0.963908,0.999943,0.981407
M1,dropped pixels,drop 0.01,train/Category-2_a_0002,object,0.0203671,1.00158e-05,0.231621,63.7591,0.999918,0.00582348,0.995935,0.999499,0.925698,1,0.998061,0.973108,0.999959,0.986161
M1,dropped pixels,drop 0.01,train/Category-2_a_0002,table,0.234108,0.000809819,1.42505,63.2984,0.999678,0.0156946,0.954258,0.960318,0.621874,1,0.994782,0.829076,0.999839,0.909771
M1,dropped pixels,drop 0.01,train/Category-2_a_0002,background,0.0794571,0.000192784,0.666726,67.1077,0.999871,0.00883696,0.984234,0.990407,0.800722,1,0.997059,0.920728,0.999935,0.9591
M1,dropped pixels,drop 0.1,train/Category-2_a_0002,full,0.366851,0.00115462,0.889405,54.3927,0.998875,0.0733343,0.929257,0.943904,0.743439,1,0.975852,0.867167,0.999438,0.927627
M1,dropped pixels,drop 0.1,train/Category-2_a_0002,object,0.159998,0.000103635,0.733093,53.83,0.999185,0.0586444,0.968507,0.994832,0.783202,1,0.980642,0.910421,0.999592,0.95123
M1,dropped pixels,drop 0.1,train/Category-2_a_0002,table,1.49412,0.00797952,4.7961,52.9997,0.996739,0.157022,0.74169,0.671007,0.202159,1,0.949006,0.465101,0.998369,0.676264
M1,dropped pixels,drop 0.1,train/Category-2_a_0002,background,0.556983,0.00178898,2.07521,57.1439,0.998727,0.0857387,0.894584,0.914435,0.500707,1,0.971825,0.742653,0.999363,0.857895
M1,dropped pixels,drop 0.5,train/Category-2_a_0002,full,1.77707,0.00575371,1.97326,47.4561,0.994306,0.367325,0.700884,0.749997,0.518014,0.915203,0.884757,0.64816,0.954754,0.777727
M1,dropped pixels,drop 0.5,train/Category-2_a_0002,object,0.779533,0.000519501,1.62031,46.9345,0.995954,0.291402,0.855639,0.974359,0.582688,0.897816,0.907434,0.786108,0.946885,0.857269
M1,dropped pixels,drop 0.5,train/Category-2_a_0002,table,7.19232,0.0403149,10.9784,45.9059,0.982966,0.797518,0.237292,0.133221,0.025746,0.863532,0.766562,0.093366,0.923249,0.285521
M1,dropped pixels,drop 0.5,train/Category-2_a_0002,background,2.70028,0.00874043,4.73906,50.1089,0.993502,0.432144,0.582715,0.645958,0.206039,1,0.865846,0.426452,0.996751,0.638347
M1,dropped pixels,pool 2,train/Category-2_a_0002,full,3.7231,0.0124949,4.16119,40.5227,0.982009,0.904308,0.474915,0.535397,0.249808,0.684092,0.739755,0.398993,0.83305,0.566345
M1,dropped pixels,pool 2,train/Category-2_a_0002,object,1.67546,0.00123805,3.46719,39.5701,0.985247,0.769691,0.715272,0.939975,0.314827,0.652336,0.773706,0.595964,0.818792,0.692639
M1,dropped pixels,pool 2,train/Category-2_a_0002,table,14.9108,0.0878521,20.6825,40.8004,0.954025,1.80199,0.0506837,0.0123685,0.00101367,0.693348,0.548447,0.00859728,0.823686,0.0791712
M1,dropped pixels,pool 2,train/Category-2_a_0002,background,5.5965,0.0186075,9.30063,44.6199,0.982158,0.978457,0.326508,0.394407,0.0450397,0.820662,0.721695,0.179671,0.90141,0.389238
M1,dropped pixels,pool 4,train/Category-2_a_0002,full,4.67844,0.0182656,10.1934,32.5123,0.945614,1.50093,0.392316,0.401206,0.0334467,0.417078,0.606343,0.173961,0.681346,0.338308
M1,dropped pixels,pool 4,train/Category-2_a_0002,object,2.23696,0.00250934,8.56338,31.2762,0.940615,1.45474,0.639294,0.882085,0.0575868,0.375872,0.61575,0.31904,0.658243,0.453699
M1,dropped pixels,pool 4,train/Category-2_a_0002,table,18.1563,0.124646,51.2302,34.1819,0.9127,2.51349,0.0264826,0.0019649,1e-06,0.472731,0.432649,0.000373336,0.692716,0.0149853
M1,dropped pixels,pool 4,train/Category-2_a_0002,background,6.87037,0.0265482,22.079,38.5075,0.968389,1.31343,0.253074,0.265163,0.000636414,0.616918,0.645449,0.0349543,0.792654,0.161402
M1,dropped pixels,pool 8,train/Category-2_a_0002,full,5.50037,0.0238647,19.5276,26.5424,0.876604,2.41121,0.332846,0.303239,0.00148967,0.21808,0.447654,0.0531749,0.547342,0.165533
M1,dropped pixels,pool 8,train/Category-2_a_0002,object,2.85264,0.0051382,16.2598,25.6263,0.857861,2.47306,0.565227,0.773438,0.00442745,0.187544,0.438518,0.124624,0.522702,0.248592
M1,dropped pixels,pool 8,train/Category-2_a_0002,table,20.2478,0.14982,167.988,25.4626,0.828628,3.81433,0.01743,0.000558081,1e-06,0.182086,0.280427,0.000213468,0.505357,0.0095082
M1,dropped pixels,pool 8,train/Category-2_a_0002,background,7.83789,0.0338535,44.3547,31.5998,0.939201,1.82843,0.20855,0.184027,1e-06,0.386661,0.543635,0.00337311,0.662931,0.0459013
M2,dropped bands,every 10,train/Category-2_a_0002,full,2.586,0.00432959,1.65691,43.5893,0.998357,1.78873,0.596188,0.805349,0.575623,0.78631,0.550877,0.651381,0.892334,0.709186
M2,dropped bands,every 10,train/Category-2_a_0002,object,0.591348,0.000431149,0.978245,53.1851,0.999372,0.401593,0.888456,0.978673,0.721746,1,0.874709,0.856156,0.999686,0.906793
M2,dropped bands,every 10,train/Category-2_a_0002,table,3.11549,0.00695688,4.70614,50.6522,0.995244,0.734263,0.53628,0.706209,0.208313,1,0.782897,0.428891,0.997622,0.630765
M2,dropped bands,every 10,train/Category-2_a_0002,background,7.54445,0.0135394,5.95341,38.1149,0.996694,5.66693,0.221155,0.508155,0.137453,0.603832,0.151226,0.249048,0.800263,0.34771
M2,dropped bands,every 4,train/Category-2_a_0002,full,2.58241,0.0047455,2.00338,48.4256,0.997614,0.966997,0.596616,0.788774,0.512839,0.947521,0.724457,0.622601,0.972568,0.744524
M2,dropped bands,every 4,train/Category-2_a_0002,object,1.17634,0.000847475,1.60511,54.2196,0.998749,0.37414,0.790358,0.958511,0.585647,1,0.88275,0.762698,0.999375,0.856953
M2,dropped bands,every 4,train/Category-2_a_0002,table,7.05045,0.0245287,8.43105,48.5364,0.991617,0.963507,0.244121,0.293336,0.0601839,0.951215,0.725301,0.162736,0.971416,0.38055
M2,dropped bands,every 4,train/Category-2_a_0002,background,4.84022,0.00876952,5.22151,43.8049,0.996514,2.48938,0.379826,0.645019,0.175432,0.793497,0.436139,0.350285,0.895006,0.502682
M2,dropped bands,every 2,train/Category-2_a_0002,full,4.32846,0.0117937,2.51566,44.1032,0.995534,1.78491,0.420761,0.554501,0.432336,0.803441,0.55158,0.4655,0.899488,0.601311
M2,dropped bands,every 2,train/Category-2_a_0002,object,1.4153,0.0011393,1.73463,51.4654,0.997718,0.557054,0.753474,0.944627,0.560901,1,0.830535,0.736329,0.998859,0.834192
M2,dropped bands,every 2,train/Category-2_a_0002,table,11.1057,0.0510018,12.4815,45.6685,0.984444,1.34084,0.108485,0.0780746,0.0155998,0.855618,0.639578,0.050933,0.920031,0.204981
M2,dropped bands,every 2,train/Category-2_a_0002,background,9.75573,0.027285,8.85121,39.0701,0.993279,5.06991,0.142111,0.255573,0.0523186,0.635669,0.184525,0.12386,0.814474,0.254204
M3,low-rank,k=30,train/Category-2_a_0002,full,1.19686,0.00339625,0.577534,78.0925,0.999991,0.0239562,0.787123,0.843823,0.824885,1,0.992046,0.818268,0.999996,0.903498
M3,low-rank,k=30,train/Category-2_a_0002,object,0.473693,0.000166953,0.449111,78.9782,0.999995,0.0183947,0.909611,0.991687,0.860963,1,0.993887,0.919189,0.999997,0.957861
M3,low-rank,k=30,train/Category-2_a_0002,table,5.43539,0.0264559,7.86149,72.8564,0.999965,0.0602643,0.3372,0.266389,0.0727667,1,0.980112,0.186973,0.999983,0.4311
M3,low-rank,k=30,train/Category-2_a_0002,background,1.77163,0.00471405,1.93822,79.2468,0.999991,0.0272549,0.701646,0.790016,0.5241,1,0.990956,0.662302,0.999996,0.81271
M3,low-rank,k=12,train/Category-2_a_0002,full,3.5398,0.0321385,2.68862,49.0276,0.997212,0.676227,0.492648,0.200503,0.408115,0.967587,0.79819,0.342884,0.9824,0.562588
M3,low-rank,k=12,train/Category-2_a_0002,object,1.78846,0.00240145,2.24304,49.5129,0.998234,0.570997,0.699289,0.886856,0.473463,0.983764,0.826684,0.664659,0.990999,0.789816
M3,low-rank,k=12,train/Category-2_a_0002,table,14.6397,0.254619,18.1639,44.0461,0.989789,1.73494,0.0535066,2.95815e-06,0.00234695,0.801537,0.560843,0.000718859,0.895663,0.0236537
M3,low-rank,k=12,train/Category-2_a_0002,background,4.6794,0.0412105,5.85342,51.0904,0.996835,0.626299,0.392241,0.127387,0.142112,1,0.811585,0.192207,0.998418,0.424662
M3,low-rank,k=8,train/Category-2_a_0002,full,4.98914,0.0864117,4.15948,36.0006,0.9658,2.6555,0.36868,0.0132921,0.24995,0.533355,0.412645,0.106996,0.749577,0.258944
M3,low-rank,k=8,train/Category-2_a_0002,object,2.48278,0.00373889,3.51523,36.3019,0.98057,2.21805,0.608624,0.82949,0.309826,0.543398,0.477425,0.538798,0.761984,0.597351
M3,low-rank,k=8,train/Category-2_a_0002,table,21.9537,0.704569,26.0974,30.4638,0.820283,9.43728,0.0123917,1e-06,0.00016673,0.348792,0.0430342,0.000127364,0.584537,0.00583419
M3,low-rank,k=8,train/Category-2_a_0002,background,6.29384,0.111744,7.89267,40.0592,0.971876,1.72853,0.284004,0.00374553,0.0720144,0.668641,0.562043,0.0424703,0.820259,0.176356
M3,low-rank,k=4,train/Category-2_a_0002,full,10.1479,0.316524,8.96803,34.7634,0.966247,2.87648,0.131389,1e-06,0.0503205,0.492114,0.383342,0.00187687,0.729181,0.0335929
M3,low-rank,k=4,train/Category-2_a_0002,object,6.38804,0.0218629,7.65075,35.5112,0.980942,2.6979,0.278703,0.335161,0.0780622,0.517039,0.406855,0.193915,0.748991,0.347767
M3,low-rank,k=4,train/Category-2_a_0002,table,38.7525,2.72915,60.3864,29.4308,0.866996,6.33046,0.000430524,1e-06,1e-06,0.314359,0.121219,7.55091e-06,0.590677,0.00166536
M3,low-rank,k=4,train/Category-2_a_0002,background,11.1516,0.34353,15.7796,36.4619,0.958534,2.29092,0.107494,1e-06,0.00519599,0.548729,0.465968,0.000823539,0.753631,0.0231793
M3,low-rank,k=2,train/Category-2_a_0002,full,14.8065,0.452749,13.0896,23.2439,0.933017,10.3254,0.0517516,1e-06,0.0127374,0.108129,0.0320069,0.000870299,0.520573,0.0140084
M3,low-rank,k=2,train/Category-2_a_0002,object,12.7507,0.118212,11.2992,21.6396,0.92941,13.2443,0.0780702,0.00271054,0.023135,0.054652,0.0120973,0.01698,0.492031,0.0524287
M3,low-rank,k=2,train/Category-2_a_0002,table,39.2462,3.45568,64.0219,30.0459,0.872917,5.11873,0.00039005,1e-06,1e-06,0.334865,0.181546,7.30646e-06,0.603891,0.00175403
M3,low-rank,k=2,train/Category-2_a_0002,background,12.6958,0.403681,19.4056,33.5881,0.960436,4.40871,0.0789322,1e-06,0.00155148,0.452936,0.230024,0.000496592,0.706686,0.0158305
M4,added noise,sigma 0.001,train/Category-2_a_0002,full,0.97112,0.00859133,0.344421,56.7248,0.998187,0.253462,0.823473,0.650791,0.891538,1,0.918983,0.781767,0.999094,0.872764
M4,added noise,sigma 0.001,train/Category-2_a_0002,object,0.317121,9.3958e-05,0.24674,59.5269,0.998986,0.165338,0.938545,0.995313,0.921045,1,0.946378,0.951113,0.999493,0.967049
M4,added noise,sigma 0.001,train/Category-2_a_0002,table,4.91103,0.0704679,6.57526,49.803,0.991633,0.761322,0.374484,0.0294991,0.111721,0.993434,0.775867,0.107265,0.992534,0.314455
M4,added noise,sigma 0.001,train/Category-2_a_0002,background,1.45866,0.0116966,1.34608,56.5767,0.998117,0.326116,0.746969,0.557201,0.638463,1,0.896995,0.64291,0.999058,0.788588
M4,added noise,sigma 0.003,train/Category-2_a_0002,full,2.77091,0.0799844,1.02986,47.4682,0.985587,0.749603,0.574542,0.01833,0.709434,0.915608,0.778904,0.195493,0.950598,0.418396
M4,added noise,sigma 0.003,train/Category-2_a_0002,object,0.951133,0.000851171,0.740192,49.9478,0.991099,0.495745,0.826772,0.958334,0.781351,0.99826,0.847683,0.852281,0.99468,0.898909
M4,added noise,sigma 0.003,train/Category-2_a_0002,table,13.4978,0.672327,19.1411,40.7503,0.938998,2.19643,0.0672349,1e-06,0.0016945,0.691676,0.480877,0.00048478,0.815337,0.0183673
M4,added noise,sigma 0.003,train/Category-2_a_0002,background,4.19884,0.104035,4.01861,47.4722,0.985524,0.963779,0.431811,0.00550689,0.261967,0.915742,0.725235,0.0854048,0.950633,0.273601
M4,added noise,sigma 0.01,train/Category-2_a_0002,full,7.72907,0.413666,3.39974,37.6124,0.898757,2.32514,0.213138,1e-06,0.321986,0.587081,0.460682,0.00409417,0.742919,0.0513361
M4,added noise,sigma 0.01,train/Category-2_a_0002,object,3.16151,0.0121937,2.46648,39.2378,0.922964,1.62891,0.531367,0.543521,0.439481,0.641259,0.58102,0.502555,0.782112,0.599604
M4,added noise,sigma 0.01,train/Category-2_a_0002,table,31.1698,3.69204,56.8879,31.8029,0.710951,5.90014,0.00196168,1e-06,1e-06,0.39343,0.139916,1.25182e-05,0.552191,0.00213985
M4,added noise,sigma 0.01,train/Category-2_a_0002,background,12.3658,0.453118,13.2732,37.8268,0.893397,3.03133,0.0843176,1e-06,0.0119816,0.594225,0.364057,0.00100341,0.743811,0.0245429
M4,added noise,sigma 0.03,train/Category-2_a_0002,full,17.1025,1.33626,9.85438,29.3686,0.666521,5.69671,0.0326959,1e-06,0.0374484,0.312286,0.149733,0.00106981,0.489404,0.0191573
M4,added noise,sigma 0.03,train/Category-2_a_0002,object,9.00457,0.268266,7.24736,30.7465,0.738732,4.33547,0.165148,1.49515e-06,0.089297,0.358218,0.235709,0.00280413,0.548475,0.034551
M4,added noise,sigma 0.03,train/Category-2_a_0002,table,47.589,7.70586,151.771,24.2604,0.400768,11.1661,7.35308e-05,1e-06,1e-06,0.142014,0.0241846,4.18944e-06,0.271391,0.000741938
M4,added noise,sigma 0.03,train/Category-2_a_0002,background,28.6694,2.15188,37.6071,29.2822,0.561534,7.53688,0.00323453,1e-06,3.59591e-06,0.309406,0.0810822,2.26572e-05,0.43547,0.00244105
M4,added noise,sigma 0.05,train/Category-2_a_0002,full,23.002,2.29237,15.8236,26.0772,0.542274,7.99436,0.0100479,1e-06,0.00512036,0.202575,0.0696142,0.000371928,0.372425,0.00915161
M4,added noise,sigma 0.05,train/Category-2_a_0002,object,13.9692,0.673698,11.7898,27.629,0.636749,6.36273,0.0611863,1e-06,0.019645,0.254302,0.119922,0.00106325,0.445526,0.0178755
M4,added noise,sigma 0.05,train/Category-2_a_0002,table,52.9506,9.24895,244.879,20.9316,0.278338,14.0508,2.51635e-05,1e-06,1e-06,0.0310542,0.00924555,2.93038e-06,0.154696,0.000441234
M4,added noise,sigma 0.05,train/Category-2_a_0002,background,37.1302,4.3437,57.8753,25.7232,0.379606,10.3509,0.000595541,1e-06,1e-06,0.190775,0.0317356,8.41338e-06,0.285191,0.00111433
M5,smoothing,sigma 0.5px,train/Category-2_a_0002,full,1.40908,0.00236435,1.15903,51.9065,0.998087,0.299346,0.754412,0.888503,0.679538,1,0.905035,0.769415,0.999043,0.863842
M5,smoothing,sigma 0.5px,train/Category-2_a_0002,object,0.623433,0.00017121,0.953271,51.3327,0.998655,0.240233,0.882774,0.991476,0.72778,1,0.923045,0.86042,0.999328,0.916297
M5,smoothing,sigma 0.5px,train/Category-2_a_0002,table,5.67201,0.0170456,6.35334,50.4695,0.994124,0.644377,0.321614,0.426441,0.120298,1,0.806709,0.254576,0.997062,0.488055
M5,smoothing,sigma 0.5px,train/Category-2_a_0002,background,2.13682,0.00355531,2.77163,54.7543,0.997826,0.346763,0.652226,0.837139,0.396978,1,0.890842,0.600695,0.998913,0.761433
M5,smoothing,sigma 1px,train/Category-2_a_0002,full,3.50542,0.0112533,3.9572,40.9287,0.98422,0.848457,0.496048,0.569688,0.267385,0.697625,0.753656,0.422765,0.840922,0.58653
M5,smoothing,sigma 1px,train/Category-2_a_0002,object,1.57822,0.0010965,3.29897,39.9542,0.987021,0.726634,0.729319,0.946651,0.332986,0.665141,0.78489,0.612601,0.826081,0.70594
M5,smoothing,sigma 1px,train/Category-2_a_0002,table,14.0227,0.079126,19.8462,41.2232,0.958806,1.68846,0.0605347,0.0191338,0.00133957,0.707439,0.569601,0.0115768,0.833122,0.0927638
M5,smoothing,sigma 1px,train/Category-2_a_0002,background,5.27235,0.0168049,8.81844,45.1967,0.984713,0.907209,0.348377,0.431604,0.0528932,0.839889,0.73904,0.199608,0.912301,0.413464
M5,smoothing,sigma 2px,train/Category-2_a_0002,full,4.56113,0.017432,9.44215,33.0234,0.951543,1.45223,0.401629,0.418283,0.0429644,0.434112,0.616267,0.193257,0.692828,0.359543
M5,smoothing,sigma 2px,train/Category-2_a_0002,object,2.17723,0.00236017,7.94956,31.8067,0.948274,1.40217,0.646976,0.888689,0.0706616,0.393556,0.626636,0.343775,0.670915,0.47536
M5,smoothing,sigma 2px,train/Category-2_a_0002,table,17.7159,0.119114,50.912,34.4843,0.918369,2.45284,0.0289213,0.00259102,1e-06,0.48281,0.441484,0.000421596,0.70059,0.0160361
M5,smoothing,sigma 2px,train/Category-2_a_0002,background,6.70294,0.0253781,19.6911,38.9305,0.969957,1.27828,0.261692,0.281139,0.00141066,0.631016,0.653056,0.0469942,0.800487,0.188122
M5,smoothing,sigma 4px,train/Category-2_a_0002,full,5.41497,0.0231282,18.2749,27.0649,0.887748,2.3452,0.33858,0.314613,0.00226174,0.235497,0.457612,0.0622243,0.561623,0.181284
M5,smoothing,sigma 4px,train/Category-2_a_0002,object,2.81957,0.00506781,15.3301,25.9914,0.869049,2.43087,0.568978,0.776165,0.00603592,0.199713,0.444729,0.138654,0.534381,0.264806
M5,smoothing,sigma 4px,train/Category-2_a_0002,table,19.9255,0.145831,131.73,26.9333,0.845861,3.60927,0.0185907,0.000681276,1e-06,0.231111,0.300265,0.000233099,0.538486,0.0102638
M5,smoothing,sigma 4px,train/Category-2_a_0002,background,7.6898,0.0323909,39.3378,32.7334,0.948391,1.74333,0.214819,0.197988,2.01962e-06,0.424447,0.559277,0.00441225,0.686419,0.053368
M6,destriping,own profile,train/Category-2_a_0002,full,6.37352,0.487414,9.02088,27.7557,0.91576,2.11478,0.279514,1e-06,0.0494417,0.258522,0.494145,0.00239975,0.587141,0.0365781
M6,destriping,own profile,train/Category-2_a_0002,object,1.8977,0.0104302,6.40643,31.966,0.970235,1.22326,0.684177,0.593625,0.118188,0.398865,0.665143,0.363428,0.68455,0.496636
M6,destriping,own profile,train/Category-2_a_0002,table,28.1288,3.06749,142.259,23.054,0.689499,5.04725,0.00360379,1e-06,1e-06,0.101801,0.185924,1.53316e-05,0.39565,0.00219914
M6,destriping,own profile,train/Category-2_a_0002,background,11.2842,0.93167,37.9406,24.7393,0.844352,3.51629,0.10468,1e-06,3.21767e-06,0.157976,0.309717,6.95775e-05,0.501164,0.00549379
M6,destriping,train template,train/Category-2_a_0002,full,4.23152,0.0394738,1.83855,45.761,0.985207,0.778926,0.428998,0.138943,0.541805,0.8587,0.771328,0.318453,0.921953,0.527541
M6,destriping,train template,train/Category-2_a_0002,object,1.42646,0.000960123,1.34575,49.2867,0.993641,0.493165,0.751795,0.953128,0.638533,0.976224,0.848412,0.770569,0.984933,0.851901
M6,destriping,train template,train/Category-2_a_0002,table,20.3694,0.324865,18.7506,38.8541,0.9304,2.27726,0.0170113,1e-06,0.00193007,0.628471,0.468094,0.000320211,0.779436,0.014635
M6,destriping,train template,train/Category-2_a_0002,background,6.55254,0.052055,6.18639,44.8046,0.980126,1.0594,0.269683,0.0740695,0.127183,0.826821,0.702483,0.13645,0.903473,0.338106
M7,gain error,global +1%,train/Category-2_a_0002,full,0.0168122,1.53351e-08,1.60834,53.6515,0.999969,0.199442,0.996643,0.999999,0.585017,1,0.935681,0.835416,0.999985,0.904937
M7,gain error,global +1%,train/Category-2_a_0002,object,0.00512129,1.41943e-08,1.38861,52.4757,0.999964,0.245788,0.998976,0.999999,0.629475,1,0.921337,0.856731,0.999982,0.914286
M7,gain error,global +1%,train/Category-2_a_0002,table,0.0904114,1.72543e-08,1.70669,62.2787,0.999974,0.0650106,0.98208,0.999999,0.566149,1,0.978563,0.822292,0.999987,0.903856
M7,gain error,global +1%,train/Category-2_a_0002,background,0.0245697,1.76824e-08,2.227,56.997,0.999979,0.12114,0.995098,0.999999,0.476002,1,0.960424,0.779515,0.99999,0.877567
M7,gain error,global -1%,train/Category-2_a_0002,full,0.0177395,1.53365e-08,1.60834,53.3633,0.999966,0.195663,0.996458,0.999999,0.585017,1,0.93686,0.835364,0.999983,0.905079
M7,gain error,global -1%,train/Category-2_a_0002,object,0.00632653,1.41932e-08,1.38861,52.1595,0.99996,0.239883,0.998735,0.999999,0.629475,1,0.923152,0.856662,0.99998,0.914519
M7,gain error,global -1%,train/Category-2_a_0002,table,0.0913203,1.72531e-08,1.70669,62.2286,0.999973,0.0654037,0.981902,0.999999,0.566149,1,0.978435,0.822242,0.999987,0.903811
M7,gain error,global -1%,train/Category-2_a_0002,background,0.0247892,1.76911e-08,2.227,56.8955,0.99998,0.121557,0.995054,0.999999,0.476002,1,0.960291,0.779504,0.99999,0.877542
M7,gain error,global +3%,train/Category-2_a_0002,full,0.0170733,1.5315e-08,4.82502,44.9067,0.999729,0.530559,0.996591,0.999999,0.200219,0.830223,0.837903,0.584352,0.914976,0.721622
M7,gain error,global +3%,train/Category-2_a_0002,object,0.00566007,1.41654e-08,4.16582,43.8299,0.999682,0.638471,0.998869,0.999999,0.249422,0.794331,0.808299,0.629237,0.897006,0.739642
M7,gain error,global +3%,train/Category-2_a_0002,table,0.0895193,1.73026e-08,5.12008,52.7857,0.99977,0.193863,0.982255,0.999999,0.181465,1,0.937423,0.56278,0.999885,0.74292
M7,gain error,global +3%,train/Category-2_a_0002,background,0.0244669,1.76642e-08,6.68101,47.6563,0.999836,0.355398,0.995119,0.999999,0.107851,0.921878,0.888282,0.475226,0.960857,0.667826
M7,gain error,global -3%,train/Category-2_a_0002,full,0.0169606,1.53383e-08,4.82502,43.5334,0.999802,0.479962,0.996614,0.999999,0.200219,0.784448,0.852155,0.584356,0.892125,0.717077
M7,gain error,global -3%,train/Category-2_a_0002,object,0.00500797,1.41902e-08,4.16582,42.3044,0.99979,0.561186,0.998999,0.999999,0.249422,0.74348,0.829392,0.629265,0.871635,0.735102
M7,gain error,global -3%,train/Category-2_a_0002,table,0.0922709,1.73245e-08,5.12008,52.6353,0.999754,0.197401,0.981715,0.999999,0.181465,1,0.936318,0.562677,0.999877,0.742719
M7,gain error,global -3%,train/Category-2_a_0002,background,0.0248728,1.76839e-08,6.68101,47.2427,0.999848,0.356924,0.995038,0.999999,0.107851,0.908091,0.88783,0.475213,0.95397,0.666087
M7,gain error,global +10%,train/Category-2_a_0002,full,0.0165181,1.53378e-08,16.0834,35.1172,0.997598,1.61615,0.996702,0.999999,0.00469553,0.503906,0.583496,0.167269,0.750752,0.341223
M7,gain error,global +10%,train/Category-2_a_0002,object,0.0053425,1.42008e-08,13.8861,34.1173,0.997266,1.91288,0.998932,0.999999,0.00976747,0.470577,0.528545,0.213684,0.733922,0.376987
M7,gain error,global +10%,train/Category-2_a_0002,table,0.0866006,1.73182e-08,17.0669,42.4955,0.997643,0.632896,0.982829,0.999999,0.00338303,0.749851,0.809802,0.149255,0.873747,0.357031
M7,gain error,global +10%,train/Category-2_a_0002,background,0.024016,1.76571e-08,22.2701,37.4635,0.998436,1.15187,0.995208,0.999999,0.000597145,0.582115,0.681162,0.0840746,0.790276,0.252082
M7,gain error,global -10%,train/Category-2_a_0002,full,0.0175677,1.53798e-08,16.0834,32.4449,0.998266,1.43365,0.996493,0.999999,0.00469553,0.414829,0.620094,0.167258,0.706548,0.337102
M7,gain error,global -10%,train/Category-2_a_0002,object,0.00524068,1.42392e-08,13.8861,31.1735,0.998398,1.61738,0.998952,0.999999,0.00976747,0.37245,0.583257,0.213686,0.685424,0.373553
M7,gain error,global -10%,train/Category-2_a_0002,table,0.0958182,1.73397e-08,17.0669,41.9933,0.99702,0.672269,0.981019,0.999999,0.00338303,0.733109,0.799244,0.149163,0.865065,0.354976
M7,gain error,global -10%,train/Category-2_a_0002,background,0.0255517,1.77142e-08,22.2701,36.4685,0.998307,1.19228,0.994903,0.999999,0.000597145,0.548951,0.672046,0.0840659,0.773629,0.249693
M7,gain error,per band 1%,train/Category-2_a_0002,full,0.550302,9.66757e-05,1.60834,55.9145,0.999975,0.46941,0.89578,0.995178,0.585017,1,0.855157,0.804928,0.999987,0.876362
M7,gain error,per band 1%,train/Category-2_a_0002,object,0.559419,9.74834e-05,1.38861,54.8089,0.99997,0.495782,0.894148,0.995138,0.629475,1,0.847673,0.82431,0.999985,0.885681
M7,gain error,per band 1%,train/Category-2_a_0002,table,0.504551,9.35354e-05,1.70669,64.2126,0.99998,0.260083,0.904014,0.995334,0.566149,1,0.916957,0.798653,0.99999,0.882125
M7,gain error,per band 1%,train/Category-2_a_0002,background,0.540734,9.55521e-05,2.227,58.8091,0.999986,0.464997,0.897496,0.995234,0.476002,1,0.856416,0.751949,0.999993,0.84722
M7,gain error,per band 3%,train/Category-2_a_0002,full,1.63918,0.000867348,4.82502,46.4644,0.999811,1.38261,0.720482,0.95756,0.200219,0.882145,0.630736,0.51693,0.940978,0.656819
M7,gain error,per band 3%,train/Category-2_a_0002,object,1.67118,0.00087491,4.16582,45.3702,0.999783,1.45507,0.715884,0.957198,0.249422,0.845673,0.615683,0.554958,0.922728,0.673456
M7,gain error,per band 3%,train/Category-2_a_0002,table,1.47119,0.000838164,5.12008,54.6892,0.999825,0.783254,0.7451,0.958958,0.181465,1,0.770216,0.506138,0.999913,0.68409
M7,gain error,per band 3%,train/Category-2_a_0002,background,1.60781,0.000856763,6.68101,49.2919,0.999879,1.3778,0.725016,0.958066,0.107851,0.976397,0.631748,0.421557,0.988138,0.603526
M7,gain error,per band 10%,train/Category-2_a_0002,full,5.35988,0.00955281,16.0834,36.1262,0.998345,4.36327,0.342332,0.620245,0.00469553,0.537541,0.233535,0.0998998,0.767943,0.231686
M7,gain error,per band 10%,train/Category-2_a_0002,object,5.47947,0.009648,13.8861,35.0423,0.99821,4.57191,0.334241,0.6173,0.00976747,0.50141,0.217846,0.126312,0.74981,0.255669
M7,gain error,per band 10%,train/Category-2_a_0002,table,4.75218,0.00919349,17.0669,44.2888,0.998154,2.6186,0.386572,0.631489,0.00338303,0.809625,0.417752,0.0938212,0.90389,0.259375
M7,gain error,per band 10%,train/Category-2_a_0002,background,5.23664,0.00941715,22.2701,38.8949,0.998748,4.35515,0.350874,0.624466,0.000597145,0.62983,0.234168,0.0507668,0.814289,0.168652
M8,zero-clamping,zero <0.001,train/Category-2_a_0002,full,0.0512976,0.00759718,0.0101851,73.1424,0.999949,0.00327259,0.989793,0.683958,0.996611,1,0.99891,0.877068,0.999974,0.936357
M8,zero-clamping,zero <0.001,train/Category-2_a_0002,object,0.0051178,3.13358e-09,1.16465e-05,120,1,1.30541e-09,0.998977,1,0.999996,1,1,0.999658,1,0.999829
M8,zero-clamping,zero <0.001,train/Category-2_a_0002,table,0.374424,0.0643282,0.577673,63.8423,0.999518,0.0260617,0.92785,0.0400988,0.824847,1,0.99135,0.313084,0.999759,0.558763
M8,zero-clamping,zero <0.001,train/Category-2_a_0002,background,0.072147,0.0099475,0.0486899,72.0165,0.999948,0.00478322,0.985674,0.608125,0.983901,1,0.998407,0.838608,0.999974,0.915528
M8,zero-clamping,zero <0.003,train/Category-2_a_0002,full,0.389152,0.137041,0.0806757,53.334,0.996244,0.0439829,0.925121,0.0010573,0.973466,1,0.985446,0.0983797,0.998122,0.31276
M8,zero-clamping,zero <0.003,train/Category-2_a_0002,object,0.00512266,2.56862e-07,0.000272916,120,1,8.36223e-08,0.998976,0.999987,0.999909,1,1,0.999624,1,0.999812
M8,zero-clamping,zero <0.003,train/Category-2_a_0002,table,3.18425,1.1026,4.56701,44.4965,0.970278,0.343966,0.528956,1e-06,0.218202,0.816551,0.891674,0.00486884,0.893415,0.0659344
M8,zero-clamping,zero <0.003,train/Category-2_a_0002,background,0.529899,0.196897,0.391697,51.4142,0.994454,0.066189,0.899443,5.30184e-05,0.877599,1,0.978179,0.0347189,0.997227,0.185534
M8,zero-clamping,zero <0.01,train/Category-2_a_0002,full,2.51086,1.07364,0.48566,37.8512,0.96112,0.303086,0.605215,1e-06,0.850538,0.595039,0.903907,0.00801434,0.77808,0.0807627
M8,zero-clamping,zero <0.01,train/Category-2_a_0002,object,0.00530653,9.8682e-06,0.00303996,113.123,1,3.30257e-06,0.998939,0.999507,0.998987,1,0.999999,0.999144,1,0.999572
M8,zero-clamping,zero <0.01,train/Category-2_a_0002,table,24.027,10.0756,30.4561,27.9174,0.634605,2.93613,0.00818546,1e-06,3.89968e-05,0.263914,0.375796,6.83425e-05,0.449259,0.00539464
M8,zero-clamping,zero <0.01,train/Category-2_a_0002,background,2.43793,1.10817,1.77285,38.3478,0.960028,0.28509,0.614107,1e-06,0.553802,0.611592,0.909346,0.00698017,0.78581,0.0757013
M8,zero-clamping,zero <0.02,train/Category-2_a_0002,full,4.51886,1.76999,0.929618,32.8481,0.929311,0.59909,0.405039,1e-06,0.73354,0.42827,0.818979,0.00667278,0.678791,0.0692232
M8,zero-clamping,zero <0.02,train/Category-2_a_0002,object,0.060705,0.00625795,0.157669,44.7629,0.995605,0.0686898,0.987932,0.731325,0.948801,0.825429,0.977364,0.881734,0.910517,0.905582
M8,zero-clamping,zero <0.02,train/Category-2_a_0002,table,43.2709,17.181,55.4367,22.8389,0.333668,5.33987,0.000174397,1e-06,1e-06,0.0946292,0.168645,5.58701e-06,0.214149,0.00105532
M8,zero-clamping,zero <0.02,train/Category-2_a_0002,background,4.24761,1.6385,3.13949,34.5573,0.939203,0.527431,0.427619,1e-06,0.351166,0.485245,0.838777,0.00531525,0.712224,0.0630557
M8,zero-clamping,floor 0.005,train/Category-2_a_0002,full,0.548222,0.00635071,0.134908,47.8997,0.995608,0.0843087,0.896153,0.727941,0.956027,0.929988,0.972288,0.854377,0.962798,0.908304
M8,zero-clamping,floor 0.005,train/Category-2_a_0002,object,0.0051273,2.51925e-08,0.000426733,120,1,1.5917e-07,0.998975,0.999999,0.999858,1,1,0.99961,1,0.999805
M8,zero-clamping,floor 0.005,train/Category-2_a_0002,table,4.51149,0.0502697,7.6348,38.9549,0.964846,0.667279,0.405636,0.0809855,0.0784784,0.631831,0.800574,0.137119,0.798339,0.330998
M8,zero-clamping,floor 0.005,train/Category-2_a_0002,background,0.744111,0.00937438,0.65017,46.1442,0.993634,0.124472,0.861722,0.625804,0.805153,0.871472,0.959358,0.75723,0.932553,0.843911
M8,zero-clamping,floor 0.02,train/Category-2_a_0002,full,2.48132,0.0270498,1.29203,33.0014,0.972578,0.689958,0.608801,0.258596,0.650069,0.433379,0.794545,0.467756,0.702979,0.584059
M8,zero-clamping,floor 0.02,train/Category-2_a_0002,object,0.00921402,3.43881e-06,0.014792,67.4713,0.999946,0.00544524,0.998159,0.999828,0.995081,1,0.998187,0.997688,0.999973,0.998562
M8,zero-clamping,floor 0.02,train/Category-2_a_0002,table,22.1264,0.223923,77.4627,23.5676,0.757019,6.21757,0.0119708,1.37271e-05,1e-06,0.118921,0.125868,5.47731e-05,0.43797,0.00406234
M8,zero-clamping,floor 0.02,train/Category-2_a_0002,background,2.88799,0.036956,5.4661,32.1567,0.967494,0.775976,0.561245,0.157584,0.161697,0.405223,0.772087,0.242729,0.686359,0.415435
M9,constant,zeros,train/Category-2_a_0002,full,90,23.6212,160.834,5.58326,0.00325884,39.1218,1e-06,1e-06,1e-06,0,2.17038e-06,1e-06,0.00162942,1.49517e-05
M9,constant,zeros,train/Category-2_a_0002,object,90,23.6241,138.861,4.2143,0.00117333,49.6502,1e-06,1e-06,1e-06,0,1e-06,1e-06,0.000586667,9.30973e-06
M9,constant,zeros,train/Category-2_a_0002,table,90,23.7132,170.669,17.2564,0.0189623,9.20825,1e-06,1e-06,1e-06,0,0.0464483,1e-06,0.00948117,0.00012358
M9,constant,zeros,train/Category-2_a_0002,background,90,23.5857,222.7,10.3878,0.00386468,21.1452,1e-06,1e-06,1e-06,0,0.000868784,1e-06,0.00193234,3.89912e-05
M9,constant,train mean,train/Category-2_a_0002,full,19.5747,0.181136,137.563,10.0071,0.657818,24.3347,0.0199419,0.000116593,1e-06,0,0.000300051,0.000132479,0.328909,0.00231009
M9,constant,train mean,train/Category-2_a_0002,object,18.0227,0.179176,117.93,8.8511,0.629445,28.4893,0.0272,0.000128602,1e-06,0,7.51184e-05,0.0001518,0.314723,0.00197821
M9,constant,train mean,train/Category-2_a_0002,table,34.4831,0.376994,812.409,11.1419,0.375284,25.0192,0.0010112,1e-06,1e-06,0,0.00023884,1.00372e-05,0.187642,0.000504879
M9,constant,train mean,train/Category-2_a_0002,background,19.0516,0.126978,214.304,15.4296,0.816012,13.4666,0.0221409,0.00174871,1e-06,0,0.0112336,0.000338302,0.408006,0.0068543
M9,constant,ones,train/Category-2_a_0002,full,20.7354,0.205635,276.049,3.67349,0.472722,50.3644,0.0158107,3.42529e-05,1e-06,0,1e-06,8.15109e-05,0.236361,0.000686055
M9,constant,ones,train/Category-2_a_0002,object,19.9722,0.221864,176.684,4.66297,0.521751,42.3998,0.0184179,1.52155e-05,1e-06,0,1e-06,6.54398e-05,0.260875,0.000636316
M9,constant,ones,train/Category-2_a_0002,table,32.9625,0.347329,6515.75,1.03588,0.159018,85.8699,0.0013706,1e-06,1e-06,0,1e-06,1.1108e-05,0.0795089,0.000172967
M9,constant,ones,train/Category-2_a_0002,background,18.9986,0.121167,1263.68,2.63434,0.441713,60.072,0.0223772,0.0023382,1e-06,0,1e-06,0.000374021,0.220856,0.00143511
M1,dropped pixels,drop 0.01,train/Category-2_a_0006,full,0.0444659,0.000105385,0.329691,66.6536,0.999894,0.0056404,0.991146,0.994745,0.895927,1,0.998122,0.95949,0.999947,0.979241
M1,dropped pixels,drop 0.01,train/Category-2_a_0006,object,0.0113345,3.17756e-06,0.293169,67.379,0.999928,0.00348616,0.997736,0.999841,0.9069,1,0.998839,0.967168,0.999964,0.983263
M1,dropped pixels,drop 0.01,train/Category-2_a_0006,table,0.227148,0.000771002,1.45957,63.1149,0.999683,0.0150469,0.955587,0.962183,0.614759,1,0.994997,0.82682,0.999841,0.908562
M1,dropped pixels,drop 0.01,train/Category-2_a_0006,background,0.0778068,0.000175666,0.640374,66.5517,0.999865,0.00859717,0.984559,0.991255,0.807786,1,0.997138,0.923793,0.999933,0.960706
M1,dropped pixels,drop 0.1,train/Category-2_a_0006,full,0.291417,0.00104492,1.05387,56.7363,0.998924,0.0567791,0.943383,0.949095,0.703779,1,0.981252,0.857323,0.999462,0.923119
M1,dropped pixels,drop 0.1,train/Category-2_a_0006,object,0.0611814,3.13558e-05,0.930756,57.3681,0.999259,0.0355213,0.987838,0.998433,0.733262,1,0.988229,0.897611,0.99963,0.945619
M1,dropped pixels,drop 0.1,train/Category-2_a_0006,table,1.48711,0.00769462,4.74027,52.9831,0.996726,0.155663,0.742731,0.680634,0.205956,1,0.949436,0.470443,0.998363,0.68018
M1,dropped pixels,drop 0.1,train/Category-2_a_0006,background,0.546661,0.00172626,2.00364,57.0226,0.998696,0.0840217,0.896432,0.917307,0.512795,1,0.972381,0.74988,0.999348,0.862129
M1,dropped pixels,drop 0.5,train/Category-2_a_0006,full,1.38984,0.00519051,2.35644,49.6389,0.994454,0.286465,0.757321,0.771418,0.455901,0.987964,0.908929,0.643398,0.991209,0.788274
M1,dropped pixels,drop 0.5,train/Category-2_a_0006,object,0.281187,0.000154757,2.08277,50.2977,0.996251,0.178132,0.945315,0.992292,0.499446,1,0.942351,0.776667,0.998125,0.872899
M1,dropped pixels,drop 0.5,train/Category-2_a_0006,table,7.16662,0.0388364,10.8099,45.8397,0.982552,0.797623,0.238515,0.143443,0.0272338,0.861325,0.766535,0.0976714,0.921938,0.291883
M1,dropped pixels,drop 0.5,train/Category-2_a_0006,background,2.61282,0.00838161,4.49433,49.8938,0.993284,0.42299,0.592999,0.657651,0.223552,0.996459,0.868492,0.443414,0.994871,0.650786
M1,dropped pixels,pool 2,train/Category-2_a_0006,full,2.90799,0.0112721,4.59744,43.5131,0.984114,0.710974,0.559005,0.569153,0.215999,0.78377,0.788998,0.409605,0.883942,0.591551
M1,dropped pixels,pool 2,train/Category-2_a_0006,object,0.628847,0.000413846,4.17349,43.6523,0.988721,0.492751,0.881818,0.97952,0.248786,0.78841,0.848529,0.598971,0.888566,0.72451
M1,dropped pixels,pool 2,train/Category-2_a_0006,table,14.708,0.0839345,20.8064,40.7444,0.952676,1.79482,0.0527808,0.0150448,0.000972672,0.691479,0.549759,0.00917507,0.822078,0.0817617
M1,dropped pixels,pool 2,train/Category-2_a_0006,background,5.44629,0.0181166,8.36657,44.4679,0.981405,0.968688,0.336466,0.404206,0.0614915,0.815597,0.724049,0.20298,0.898501,0.41345
M1,dropped pixels,pool 4,train/Category-2_a_0006,full,3.68862,0.0166534,10.2589,36.2385,0.962562,1.21783,0.478201,0.434887,0.0327246,0.541282,0.666348,0.189505,0.751922,0.370703
M1,dropped pixels,pool 4,train/Category-2_a_0006,object,0.942683,0.00131659,9.57568,35.9399,0.967431,1.02242,0.82817,0.93629,0.0410941,0.531329,0.711197,0.317032,0.74938,0.483611
M1,dropped pixels,pool 4,train/Category-2_a_0006,table,17.9278,0.119091,54.0641,34.1376,0.911656,2.50906,0.0277209,0.00259405,1e-06,0.471255,0.433288,0.000415843,0.691455,0.0158088
M1,dropped pixels,pool 4,train/Category-2_a_0006,background,6.73965,0.0263829,18.6243,38.424,0.965342,1.34625,0.259778,0.267363,0.00201307,0.614133,0.638426,0.0519024,0.789737,0.196101
M1,dropped pixels,pool 8,train/Category-2_a_0006,full,4.44722,0.0228723,19.9911,29.7079,0.922769,2.09089,0.410884,0.318665,0.0012764,0.323596,0.498095,0.0550825,0.623183,0.179151
M1,dropped pixels,pool 8,train/Category-2_a_0006,object,1.41423,0.00452005,18.2324,29.6699,0.926068,1.96192,0.753636,0.797716,0.00229396,0.322329,0.519976,0.111309,0.624198,0.256464
M1,dropped pixels,pool 8,train/Category-2_a_0006,table,20.1946,0.144127,174.108,25.8382,0.832678,3.81814,0.0176165,0.000741862,1e-06,0.194606,0.280071,0.000235549,0.513642,0.010043
M1,dropped pixels,pool 8,train/Category-2_a_0006,background,7.81095,0.0349373,38.2097,32.5744,0.942399,1.89639,0.209676,0.17432,2.94158e-06,0.419147,0.531459,0.00475509,0.680773,0.0548215
M2,dropped bands,every 10,train/Category-2_a_0006,full,2.29958,0.00388009,4.59109,43.8605,0.997985,1.53004,0.631337,0.823654,0.216457,0.79535,0.600487,0.482828,0.896668,0.619573
M2,dropped bands,every 10,train/Category-2_a_0006,object,0.424554,0.00022094,2.3667,52.9137,0.998831,0.231676,0.918594,0.989014,0.454345,1,0.925681,0.744567,0.999416,0.852771
M2,dropped bands,every 10,train/Category-2_a_0006,table,3.07193,0.00660503,4.58364,50.615,0.9952,0.715206,0.540973,0.718743,0.216995,1,0.787886,0.438598,0.9976,0.638465
M2,dropped bands,every 10,train/Category-2_a_0006,background,7.2397,0.0131322,7.32652,38.2092,0.996534,5.38162,0.235054,0.518606,0.0869716,0.606972,0.166315,0.219682,0.801753,0.331475
M2,dropped bands,every 4,train/Category-2_a_0006,full,2.32082,0.00441765,5.28397,43.3862,0.996807,0.998519,0.628661,0.801811,0.171817,0.779539,0.716885,0.442437,0.888173,0.60704
M2,dropped bands,every 4,train/Category-2_a_0006,object,0.92024,0.000728057,4.70716,42.9792,0.997563,0.496799,0.831896,0.964252,0.208242,0.765972,0.847386,0.550735,0.881768,0.69272
M2,dropped bands,every 4,train/Category-2_a_0006,table,6.94668,0.023351,8.23033,48.5253,0.991626,0.943564,0.249241,0.311128,0.0643485,0.950845,0.730138,0.170883,0.971235,0.390323
M2,dropped bands,every 4,train/Category-2_a_0006,background,4.71864,0.00858081,6.45054,43.6105,0.996371,2.40391,0.389174,0.651134,0.116463,0.787018,0.448744,0.30903,0.891694,0.473561
M2,dropped bands,every 2,train/Category-2_a_0006,full,3.94425,0.0109216,6.42561,41.9847,0.994578,1.63757,0.454367,0.579215,0.117435,0.732825,0.579344,0.31382,0.863701,0.490352
M2,dropped bands,every 2,train/Category-2_a_0006,object,1.15121,0.000906861,4.38284,43.3846,0.996327,0.525387,0.794341,0.95567,0.232017,0.779486,0.839349,0.560546,0.887906,0.699561
M2,dropped bands,every 2,train/Category-2_a_0006,table,10.9462,0.0485404,12.1328,45.6818,0.98459,1.3104,0.112002,0.0882994,0.0175225,0.856061,0.6461,0.0557518,0.920325,0.21481
M2,dropped bands,every 2,train/Category-2_a_0006,background,9.43547,0.0266176,11.0453,39.0953,0.992927,4.8185,0.151512,0.264245,0.0251781,0.636511,0.200655,0.100267,0.814719,0.231633
M3,low-rank,k=30,train/Category-2_a_0006,full,1.14187,0.0031393,2.68766,65.283,0.999988,0.0408515,0.795826,0.854734,0.408245,1,0.986475,0.652414,0.999994,0.806072
M3,low-rank,k=30,train/Category-2_a_0006,object,0.432044,0.000220348,2.5966,63.7924,0.999989,0.0429467,0.917219,0.989043,0.420827,1,0.985786,0.725433,0.999995,0.849895
M3,low-rank,k=30,train/Category-2_a_0006,table,5.38689,0.0241495,7.64299,72.9136,0.999966,0.0593865,0.340487,0.298952,0.0782643,1,0.980399,0.19972,0.999983,0.445573
M3,low-rank,k=30,train/Category-2_a_0006,background,1.75051,0.00450787,2.51382,74.0983,0.999991,0.0291399,0.704617,0.798202,0.4326,1,0.990334,0.624287,0.999995,0.788967
M3,low-rank,k=12,train/Category-2_a_0006,full,3.08457,0.0284946,6.16649,45.7214,0.997003,0.656523,0.539607,0.240574,0.128029,0.857378,0.803449,0.255199,0.927191,0.476094
M3,low-rank,k=12,train/Category-2_a_0006,object,1.22067,0.00120463,5.88981,45.0648,0.998026,0.543582,0.783382,0.941546,0.140399,0.835492,0.834274,0.469598,0.916759,0.646917
M3,low-rank,k=12,train/Category-2_a_0006,table,14.4138,0.22933,17.7001,43.9477,0.989354,1.71695,0.0559799,1.04753e-05,0.00273935,0.798256,0.564216,0.00117116,0.893805,0.0301967
M3,low-rank,k=12,train/Category-2_a_0006,background,4.6245,0.0398833,6.8866,49.8383,0.996617,0.630484,0.396571,0.136127,0.100708,0.99461,0.810453,0.175837,0.995613,0.405692
M3,low-rank,k=8,train/Category-2_a_0006,full,4.27313,0.0790668,8.12512,38.8153,0.977085,1.66193,0.425442,0.0191905,0.0666451,0.627176,0.57466,0.0816391,0.802131,0.243415
M3,low-rank,k=8,train/Category-2_a_0006,object,1.55719,0.00204958,7.89622,43.1406,0.996909,0.69836,0.732393,0.902597,0.0719292,0.771354,0.792323,0.362283,0.884132,0.556724
M3,low-rank,k=8,train/Category-2_a_0006,table,21.7064,0.655055,25.7828,30.3368,0.82283,9.72208,0.01302,1e-06,0.000185166,0.344561,0.0391368,0.000134088,0.583696,0.00589859
M3,low-rank,k=8,train/Category-2_a_0006,background,6.22178,0.108273,8.74375,39.7024,0.971483,1.75479,0.288127,0.00445529,0.0542267,0.656748,0.557144,0.0411362,0.814116,0.172881
M3,low-rank,k=4,train/Category-2_a_0006,full,7.49819,0.286454,15.6224,33.9212,0.963119,2.61369,0.223211,1e-06,0.00547555,0.46404,0.418437,0.00106917,0.71358,0.0254961
M3,low-rank,k=4,train/Category-2_a_0006,object,2.61059,0.00712613,15.2414,34.1707,0.975613,2.3232,0.593262,0.700258,0.00621705,0.472355,0.46098,0.137203,0.723984,0.294536
M3,low-rank,k=4,train/Category-2_a_0006,table,38.4645,2.55378,60.235,29.5954,0.870587,6.04371,0.000456057,1e-06,1e-06,0.319847,0.133378,7.69732e-06,0.595217,0.00171029
M3,low-rank,k=4,train/Category-2_a_0006,background,11.1347,0.335467,14.6692,36.0721,0.958093,2.32246,0.107857,1e-06,0.00752346,0.535738,0.461094,0.00093273,0.746915,0.0245522
M3,low-rank,k=2,train/Category-2_a_0006,full,15.1003,0.461379,97.8679,14.6942,0.839117,21.0245,0.0487982,1e-06,1e-06,0,0.000904453,3.65428e-05,0.419558,0.00155896
M3,low-rank,k=2,train/Category-2_a_0006,object,12.8721,0.131968,100.338,13.1245,0.800025,28.064,0.0761975,0.00136257,1e-06,0,8.65608e-05,0.000470002,0.400012,0.003867
M3,low-rank,k=2,train/Category-2_a_0006,table,39.2681,3.45828,64.4686,30.0046,0.873801,5.41922,0.000388345,1e-06,1e-06,0.333488,0.164243,7.29579e-06,0.603644,0.00172637
M3,low-rank,k=2,train/Category-2_a_0006,background,13.5503,0.416075,52.5474,24.4633,0.936182,6.53292,0.0665333,1e-06,1e-06,0.148776,0.113308,4.0521e-05,0.542479,0.00370692
M4,added noise,sigma 0.001,train/Category-2_a_0006,full,0.796889,0.00706047,0.694227,57.3078,0.998406,0.182165,0.852674,0.702561,0.793415,1,0.941085,0.780409,0.999203,0.875154
M4,added noise,sigma 0.001,train/Category-2_a_0006,object,0.106348,1.63994e-05,0.579886,61.2339,0.999281,0.0678876,0.978955,0.99918,0.824239,1,0.977625,0.930722,0.99964,0.961349
M4,added noise,sigma 0.001,train/Category-2_a_0006,table,4.8285,0.0569304,6.35182,49.8806,0.991792,0.74921,0.380717,0.0580458,0.120359,0.99602,0.779006,0.138554,0.993906,0.357776
M4,added noise,sigma 0.001,train/Category-2_a_0006,background,1.42029,0.0106287,1.33554,56.5151,0.998095,0.317293,0.752723,0.58776,0.640708,1,0.899637,0.656899,0.999048,0.79747
M4,added noise,sigma 0.003,train/Category-2_a_0006,full,2.25993,0.072729,2.07527,48.0889,0.987365,0.536098,0.636363,0.0263457,0.500696,0.936297,0.836357,0.203234,0.961831,0.432954
M4,added noise,sigma 0.003,train/Category-2_a_0006,object,0.31912,0.000148195,1.73925,51.6923,0.993623,0.203436,0.93817,0.992618,0.560038,1,0.934436,0.804934,0.996811,0.887109
M4,added noise,sigma 0.003,train/Category-2_a_0006,table,13.3455,0.612889,18.5345,40.8003,0.939487,2.15716,0.0693144,1e-06,0.00207425,0.693343,0.487213,0.000523876,0.816415,0.0191399
M4,added noise,sigma 0.003,train/Category-2_a_0006,background,4.0904,0.101099,3.98766,47.4099,0.985335,0.938909,0.441278,0.00637775,0.264683,0.913663,0.731272,0.0906502,0.949499,0.282111
M4,added noise,sigma 0.01,train/Category-2_a_0006,full,6.07516,0.395433,6.85185,38.3947,0.908542,1.64245,0.2967,1e-06,0.101881,0.613158,0.578403,0.00311509,0.76085,0.0467223
M4,added noise,sigma 0.01,train/Category-2_a_0006,object,1.06244,0.00179844,5.79865,41.1292,0.937491,0.67885,0.80857,0.914003,0.144731,0.704305,0.797492,0.474688,0.820898,0.621533
M4,added noise,sigma 0.01,train/Category-2_a_0006,table,30.9368,3.62657,55.0694,31.8416,0.711197,5.88999,0.00205523,1e-06,1e-06,0.394721,0.14039,1.27141e-05,0.552959,0.00215867
M4,added noise,sigma 0.01,train/Category-2_a_0006,background,12.0062,0.453018,13.1618,37.7191,0.891452,2.95227,0.0906056,1e-06,0.0124347,0.590635,0.373779,0.00104055,0.741044,0.0250593
M4,added noise,sigma 0.03,train/Category-2_a_0006,full,12.5662,1.14528,19.6407,29.8667,0.65144,4.02201,0.0810048,1e-06,0.00143456,0.328889,0.261671,0.000487988,0.490165,0.0140763
M4,added noise,sigma 0.03,train/Category-2_a_0006,object,3.11393,0.0437855,16.7414,31.8222,0.713576,1.9861,0.536448,0.111998,0.0037708,0.394072,0.515802,0.0609617,0.553824,0.181795
M4,added noise,sigma 0.03,train/Category-2_a_0006,table,47.2002,7.65815,146.705,24.2746,0.402439,11.229,7.94778e-05,1e-06,1e-06,0.142486,0.0236833,4.29947e-06,0.272463,0.000750294
M4,added noise,sigma 0.03,train/Category-2_a_0006,background,27.6589,2.1135,37.2139,29.2023,0.559037,7.35346,0.00395892,1e-06,4.09952e-06,0.306742,0.0861942,2.53184e-05,0.432889,0.0025988
M4,added noise,sigma 0.05,train/Category-2_a_0006,full,16.2409,1.83726,30.7545,26.3907,0.498644,5.74189,0.0388446,1e-06,3.53042e-05,0.213023,0.147494,0.000111101,0.355833,0.0055095
M4,added noise,sigma 0.05,train/Category-2_a_0006,object,4.99525,0.130109,26.2106,28.3163,0.568119,3.19277,0.368229,0.0014953,0.000160556,0.277211,0.344984,0.00445476,0.422665,0.0420902
M4,added noise,sigma 0.05,train/Category-2_a_0006,table,52.5305,9.21777,236.418,20.9212,0.278979,14.1254,2.73688e-05,1e-06,1e-06,0.0307068,0.00901845,3.0136e-06,0.154843,0.000445938
M4,added noise,sigma 0.05,train/Category-2_a_0006,background,35.766,4.20393,57.3633,25.6523,0.376573,10.1175,0.000782354,1e-06,1e-06,0.188409,0.0343043,9.21442e-06,0.282491,0.00117595
M5,smoothing,sigma 0.5px,train/Category-2_a_0006,full,1.09628,0.00213445,1.37347,54.1955,0.998137,0.233509,0.803115,0.898775,0.632658,1,0.925116,0.770074,0.999069,0.86707
M5,smoothing,sigma 0.5px,train/Category-2_a_0006,object,0.225041,5.19528e-05,1.21579,54.8142,0.99875,0.147419,0.95599,0.997406,0.6668,1,0.952048,0.859885,0.999375,0.920288
M5,smoothing,sigma 0.5px,train/Category-2_a_0006,table,5.5825,0.0162319,6.26245,50.4728,0.994122,0.639461,0.327424,0.444148,0.123999,1,0.808032,0.262232,0.997061,0.495461
M5,smoothing,sigma 0.5px,train/Category-2_a_0006,background,2.07444,0.00339556,2.61509,54.4908,0.997724,0.342081,0.660414,0.843852,0.418241,1,0.892234,0.615417,0.998862,0.770874
M5,smoothing,sigma 1px,train/Category-2_a_0006,full,2.73697,0.0101488,4.35749,43.9848,0.986123,0.66731,0.578456,0.602034,0.233985,0.799494,0.800566,0.433537,0.892809,0.612052
M5,smoothing,sigma 1px,train/Category-2_a_0006,object,0.593085,0.000372163,3.96432,44.1004,0.990087,0.466462,0.888148,0.981564,0.266751,0.803346,0.855998,0.614945,0.896716,0.737426
M5,smoothing,sigma 1px,train/Category-2_a_0006,table,13.819,0.0754645,19.8761,41.2338,0.958654,1.67349,0.0630523,0.0229778,0.00132628,0.707795,0.572451,0.0124322,0.833224,0.0962058
M5,smoothing,sigma 1px,train/Category-2_a_0006,background,5.13031,0.0163461,7.94118,45.006,0.983927,0.901751,0.358416,0.44162,0.0708593,0.833533,0.740386,0.223843,0.90873,0.437364
M5,smoothing,sigma 2px,train/Category-2_a_0006,full,3.59609,0.0158612,9.55007,36.7223,0.966449,1.17812,0.487133,0.452458,0.0414464,0.55741,0.675227,0.209044,0.76193,0.391928
M5,smoothing,sigma 2px,train/Category-2_a_0006,object,0.918255,0.00123244,8.89173,36.433,0.971442,0.987923,0.832226,0.940238,0.0516167,0.547768,0.719422,0.343102,0.759605,0.506366
M5,smoothing,sigma 2px,train/Category-2_a_0006,table,17.4781,0.113648,52.8232,34.4647,0.917604,2.43451,0.0303298,0.00340544,1e-06,0.482158,0.444189,0.000469189,0.699881,0.0169265
M5,smoothing,sigma 2px,train/Category-2_a_0006,background,6.57277,0.0251167,17.061,38.9999,0.968228,1.30323,0.268594,0.284837,0.00338974,0.63333,0.647646,0.0637705,0.800779,0.218897
M5,smoothing,sigma 4px,train/Category-2_a_0006,full,4.38003,0.0221404,18.0957,30.408,0.930632,2.02219,0.416443,0.330542,0.00240089,0.346933,0.509634,0.0691383,0.638782,0.203152
M5,smoothing,sigma 4px,train/Category-2_a_0006,object,1.38558,0.00424981,16.686,30.2677,0.934577,1.88911,0.757967,0.808568,0.0038411,0.342255,0.532749,0.133027,0.638416,0.283619
M5,smoothing,sigma 4px,train/Category-2_a_0006,table,19.8538,0.140097,137.768,26.959,0.84809,3.64473,0.0188592,0.000907461,1e-06,0.231966,0.296737,0.000257701,0.540028,0.0107835
M5,smoothing,sigma 4px,train/Category-2_a_0006,background,7.72448,0.0339811,34.3668,33.2301,0.946061,1.87244,0.213334,0.182856,1.05899e-05,0.441002,0.535719,0.00744767,0.693532,0.0691391
M6,destriping,own profile,train/Category-2_a_0006,full,5.4728,0.357067,5.90689,32.3402,0.947003,2.15375,0.334687,1e-06,0.139602,0.411338,0.487768,0.00360172,0.679171,0.047063
M6,destriping,own profile,train/Category-2_a_0006,object,0.654905,0.00208588,4.39718,36.7281,0.976584,0.770978,0.877235,0.90096,0.23091,0.557602,0.773374,0.567224,0.767093,0.660439
M6,destriping,own profile,train/Category-2_a_0006,table,27.8492,2.49921,106.756,27.4609,0.790179,6.56922,0.00381105,1e-06,1e-06,0.248697,0.111946,1.562e-05,0.519438,0.00226271
M6,destriping,own profile,train/Category-2_a_0006,background,11.6581,0.655302,33.7145,29.125,0.915231,4.56945,0.097138,1e-06,1.31623e-05,0.304167,0.218024,0.000108536,0.609699,0.00697193
M6,destriping,train template,train/Category-2_a_0006,full,3.4782,0.036021,2.67219,45.6801,0.984385,0.627734,0.498755,0.165125,0.410356,0.856004,0.811197,0.323311,0.920195,0.535226
M6,destriping,train template,train/Category-2_a_0006,object,0.506131,0.000303119,2.1147,49.0025,0.992292,0.291775,0.903729,0.984958,0.494158,0.966749,0.907322,0.760514,0.97952,0.853242
M6,destriping,train template,train/Category-2_a_0006,table,20.1039,0.300958,18.1528,38.8107,0.930203,2.2457,0.0179389,1e-06,0.0023557,0.627024,0.473045,0.000348315,0.778613,0.0152821
M6,destriping,train template,train/Category-2_a_0006,background,6.39307,0.0502636,6.19373,44.7253,0.979809,1.04065,0.278423,0.0810102,0.126872,0.824177,0.706887,0.141972,0.901993,0.345005
M7,gain error,global +1%,train/Category-2_a_0006,full,0.0169598,2.05946e-08,1.35199,53.283,0.999981,0.178176,0.996614,0.999999,0.637206,1,0.942337,0.859545,0.99999,0.918891
M7,gain error,global +1%,train/Category-2_a_0006,object,0.00613313,2.19758e-08,1.22827,52.1164,0.99998,0.212673,0.998774,0.999999,0.664033,1,0.931563,0.872071,0.99999,0.923967
M7,gain error,global +1%,train/Category-2_a_0006,table,0.0885392,1.7233e-08,1.70135,62.2342,0.999974,0.066453,0.982448,0.999999,0.567159,1,0.978093,0.822883,0.999987,0.904116
M7,gain error,global +1%,train/Category-2_a_0006,background,0.0240626,1.78468e-08,1.93407,56.9878,0.999984,0.118407,0.995199,0.999999,0.524825,1,0.9613,0.805331,0.999992,0.892103
M7,gain error,global -1%,train/Category-2_a_0006,full,0.0170932,2.0663e-08,1.35199,53.228,0.999981,0.179232,0.996587,0.999999,0.637206,1,0.942006,0.859537,0.99999,0.918838
M7,gain error,global -1%,train/Category-2_a_0006,object,0.00617235,2.20693e-08,1.22827,52.0619,0.999981,0.213982,0.998766,0.999999,0.664033,1,0.931157,0.872069,0.99999,0.923905
M7,gain error,global -1%,train/Category-2_a_0006,table,0.0894522,1.72356e-08,1.70135,62.184,0.999973,0.0668589,0.982269,0.999999,0.567159,1,0.97796,0.822833,0.999987,0.90407
M7,gain error,global -1%,train/Category-2_a_0006,background,0.0242075,1.78668e-08,1.93407,56.9276,0.999984,0.118975,0.99517,0.999999,0.524825,1,0.961118,0.805324,0.999992,0.892073
M7,gain error,global +3%,train/Category-2_a_0006,full,0.016961,2.06278e-08,4.05597,43.7995,0.999832,0.531137,0.996614,0.999999,0.258725,0.793317,0.837742,0.636485,0.896574,0.747766
M7,gain error,global +3%,train/Category-2_a_0006,object,0.00626893,2.20128e-08,3.68482,42.6334,0.999827,0.633898,0.998747,0.999999,0.292798,0.754447,0.809532,0.663755,0.877137,0.753898
M7,gain error,global +3%,train/Category-2_a_0006,table,0.0877095,1.72391e-08,5.10405,52.7412,0.999769,0.198152,0.982611,0.999999,0.182437,1,0.936083,0.563852,0.999885,0.743468
M7,gain error,global +3%,train/Category-2_a_0006,background,0.0239565,1.78782e-08,5.80222,47.5008,0.999864,0.353161,0.99522,0.999999,0.144558,0.916692,0.888945,0.523987,0.958278,0.70067
M7,gain error,global -3%,train/Category-2_a_0006,full,0.0169458,2.06545e-08,4.05597,43.6317,0.999832,0.540724,0.996617,0.999999,0.258725,0.787724,0.835069,0.636486,0.893778,0.746592
M7,gain error,global -3%,train/Category-2_a_0006,object,0.0058087,2.20399e-08,3.68482,42.4657,0.999833,0.645705,0.998839,0.999999,0.292798,0.748856,0.806352,0.663775,0.874345,0.752624
M7,gain error,global -3%,train/Category-2_a_0006,table,0.0903572,1.72472e-08,5.10405,52.5907,0.999753,0.201809,0.982091,0.999999,0.182437,1,0.934943,0.563752,0.999876,0.743264
M7,gain error,global -3%,train/Category-2_a_0006,background,0.0243224,1.79099e-08,5.80222,47.3309,0.999854,0.358498,0.995147,0.999999,0.144558,0.91103,0.887365,0.523974,0.955442,0.699748
M7,gain error,global +10%,train/Category-2_a_0006,full,0.0163224,2.06419e-08,13.5199,33.5539,0.998185,1.73103,0.996741,0.999999,0.0110355,0.451798,0.561576,0.222395,0.724992,0.386447
M7,gain error,global +10%,train/Category-2_a_0006,object,0.00577331,2.20419e-08,12.2827,32.3926,0.9981,2.06386,0.998846,0.999999,0.0166683,0.413086,0.502603,0.255346,0.705593,0.403406
M7,gain error,global +10%,train/Category-2_a_0006,table,0.0848299,1.72522e-08,17.0135,42.4511,0.997636,0.646719,0.983177,0.999999,0.00344384,0.74837,0.806079,0.150161,0.873003,0.357759
M7,gain error,global +10%,train/Category-2_a_0006,background,0.0236378,1.78512e-08,19.3408,37.2194,0.998598,1.15642,0.995284,0.999999,0.0015854,0.57398,0.68013,0.11642,0.786289,0.296044
M7,gain error,global -10%,train/Category-2_a_0006,full,0.0174076,2.07002e-08,13.5199,32.9814,0.998221,1.84116,0.996525,0.999999,0.0110355,0.432713,0.541333,0.222379,0.715467,0.382536
M7,gain error,global -10%,train/Category-2_a_0006,object,0.00586987,2.21015e-08,12.2827,31.815,0.998337,2.19967,0.998827,0.999999,0.0166683,0.393833,0.480358,0.255345,0.696085,0.398777
M7,gain error,global -10%,train/Category-2_a_0006,table,0.0938717,1.72929e-08,17.0135,41.9486,0.997007,0.687492,0.981401,0.999999,0.00344384,0.731618,0.795198,0.150071,0.864313,0.355676
M7,gain error,global -10%,train/Category-2_a_0006,background,0.0249183,1.79113e-08,19.3408,36.6831,0.998287,1.21768,0.995029,0.999999,0.0015854,0.556102,0.666381,0.11641,0.777195,0.293927
M7,gain error,per band 1%,train/Category-2_a_0006,full,0.559071,9.81367e-05,1.35199,56.9312,0.999977,0.278433,0.89421,0.995105,0.637206,1,0.911366,0.827681,0.999988,0.897188
M7,gain error,per band 1%,train/Category-2_a_0006,object,0.570939,9.94151e-05,1.22827,56.0092,0.999973,0.225137,0.89209,0.995042,0.664033,1,0.927701,0.838455,0.999986,0.905418
M7,gain error,per band 1%,train/Category-2_a_0006,table,0.508273,9.40806e-05,1.70135,64.2342,0.999979,0.249366,0.903342,0.995307,0.567159,1,0.920239,0.798922,0.99999,0.882746
M7,gain error,per band 1%,train/Category-2_a_0006,background,0.542457,9.58947e-05,1.93407,59.1094,0.999987,0.435135,0.897187,0.995217,0.524825,1,0.864983,0.776733,0.999994,0.862355
M7,gain error,per band 3%,train/Category-2_a_0006,full,1.66906,0.000881583,4.05597,47.4323,0.999798,0.832269,0.716188,0.956878,0.258725,0.914408,0.757734,0.56179,0.957103,0.708027
M7,gain error,per band 3%,train/Category-2_a_0006,object,1.71041,0.000893796,3.68482,46.5147,0.999763,0.67539,0.71029,0.956294,0.292798,0.883823,0.798412,0.583712,0.941793,0.723299
M7,gain error,per band 3%,train/Category-2_a_0006,table,1.48435,0.000843218,5.10405,54.711,0.999819,0.752339,0.74314,0.958715,0.182437,1,0.778194,0.506553,0.999909,0.685428
M7,gain error,per band 3%,train/Category-2_a_0006,background,1.61365,0.000860043,5.80222,49.5884,0.999886,1.29173,0.724169,0.957909,0.144558,0.986279,0.650133,0.464589,0.993083,0.637426
M7,gain error,per band 10%,train/Category-2_a_0006,full,5.49684,0.00975287,13.5199,37.1079,0.997927,2.72547,0.333081,0.614072,0.0110355,0.570262,0.403132,0.131176,0.784095,0.290251
M7,gain error,per band 10%,train/Category-2_a_0006,object,5.66222,0.00991575,12.2827,36.2047,0.9976,2.24495,0.322245,0.609091,0.0166683,0.540157,0.473163,0.148452,0.768878,0.31412
M7,gain error,per band 10%,train/Category-2_a_0006,table,4.79874,0.00925529,17.0135,44.3114,0.998092,2.53286,0.38299,0.629541,0.00344384,0.810379,0.429864,0.0939906,0.904235,0.26076
M7,gain error,per band 10%,train/Category-2_a_0006,background,5.26219,0.00946111,19.3408,39.1912,0.99878,4.11617,0.349086,0.623095,0.0015854,0.639708,0.253585,0.0701254,0.819244,0.201025
M8,zero-clamping,zero <0.001,train/Category-2_a_0006,full,0.0444774,0.00547798,0.0202695,73.722,0.999957,0.00325864,0.991144,0.760409,0.993266,1,0.998914,0.907994,0.999979,0.952725
M8,zero-clamping,zero <0.001,train/Category-2_a_0006,object,0.00578519,2.13377e-09,9.38593e-06,120,1,9.10488e-10,0.998844,1,0.999997,1,1,0.999613,1,0.999807
M8,zero-clamping,zero <0.001,train/Category-2_a_0006,table,0.3118,0.0444655,0.459513,64.4916,0.999607,0.0262627,0.939545,0.108254,0.857983,1,0.991284,0.443554,0.999803,0.665079
M8,zero-clamping,zero <0.001,train/Category-2_a_0006,background,0.0661863,0.00818748,0.0444985,72.2239,0.99995,0.00493047,0.98685,0.664066,0.985277,1,0.998358,0.864318,0.999975,0.92945
M8,zero-clamping,zero <0.003,train/Category-2_a_0006,full,0.358936,0.118377,0.157987,53.5287,0.996581,0.0443066,0.930729,0.0026883,0.9487,1,0.98534,0.133396,0.99829,0.364208
M8,zero-clamping,zero <0.003,train/Category-2_a_0006,object,0.00578809,1.53099e-07,0.000309838,120,1,8.18083e-08,0.998843,0.999992,0.999897,1,1,0.999577,1,0.999789
M8,zero-clamping,zero <0.003,train/Category-2_a_0006,table,2.92633,0.928568,4.14414,44.6817,0.973513,0.35888,0.556957,1e-06,0.251232,0.822725,0.887252,0.00519157,0.898119,0.068159
M8,zero-clamping,zero <0.003,train/Category-2_a_0006,background,0.516376,0.187241,0.373037,51.3858,0.994484,0.0664647,0.901879,8.59222e-05,0.883075,1,0.978089,0.0409025,0.997242,0.201378
M8,zero-clamping,zero <0.01,train/Category-2_a_0006,full,2.49263,1.0503,0.985937,37.8046,0.960869,0.304491,0.607425,1e-06,0.719898,0.593487,0.903484,0.00759022,0.777178,0.0785593
M8,zero-clamping,zero <0.01,train/Category-2_a_0006,object,0.0060069,1.14888e-05,0.00377167,115.344,1,4.12082e-06,0.998799,0.999426,0.998744,1,0.999999,0.998989,1,0.999494
M8,zero-clamping,zero <0.01,train/Category-2_a_0006,table,24.1501,9.96493,29.6937,27.7949,0.625777,2.99573,0.00798636,1e-06,5.02804e-05,0.259829,0.368404,7.37762e-05,0.442803,0.00556007
M8,zero-clamping,zero <0.01,train/Category-2_a_0006,background,2.45872,1.11034,1.78944,38.3278,0.959577,0.287799,0.611559,1e-06,0.550747,0.610926,0.908525,0.00695766,0.785251,0.0755501
M8,zero-clamping,zero <0.02,train/Category-2_a_0006,full,4.48969,1.7584,1.83341,33.0649,0.932376,0.557508,0.407409,1e-06,0.542734,0.435497,0.83041,0.00604699,0.683937,0.0662093
M8,zero-clamping,zero <0.02,train/Category-2_a_0006,object,0.00980335,0.000242336,0.167386,65.4799,0.999866,0.00195699,0.998041,0.987956,0.945733,1,0.999348,0.976978,0.999933,0.988302
M8,zero-clamping,zero <0.02,train/Category-2_a_0006,table,43.8132,17.2802,54.3054,22.8472,0.32979,5.38303,0.000156471,1e-06,1e-06,0.0949074,0.166236,5.38862e-06,0.212349,0.00103113
M8,zero-clamping,zero <0.02,train/Category-2_a_0006,background,4.33103,1.66771,3.24779,34.4434,0.938015,0.554109,0.420544,1e-06,0.338715,0.481448,0.831351,0.00522254,0.709731,0.0623435
M8,zero-clamping,floor 0.005,train/Category-2_a_0006,full,0.49706,0.00532024,0.26613,48.222,0.995773,0.0881638,0.90537,0.76643,0.915111,0.940735,0.97104,0.859523,0.968254,0.912663
M8,zero-clamping,floor 0.005,train/Category-2_a_0006,object,0.00579299,1.86349e-08,0.000465901,120,1,1.91523e-07,0.998842,0.999999,0.999845,1,1,0.999562,1,0.999781
M8,zero-clamping,floor 0.005,train/Category-2_a_0006,table,4.08209,0.0413867,6.65184,39.2829,0.965778,0.722862,0.442012,0.12627,0.108905,0.642762,0.785878,0.182499,0.80427,0.38179
M8,zero-clamping,floor 0.005,train/Category-2_a_0006,background,0.711764,0.00852566,0.611568,46.2208,0.993653,0.129465,0.867315,0.652932,0.81558,0.874026,0.957763,0.772984,0.933839,0.852843
M8,zero-clamping,floor 0.02,train/Category-2_a_0006,full,2.36931,0.0245259,2.60596,33.0683,0.973147,0.699359,0.622593,0.293377,0.419516,0.43561,0.792059,0.424743,0.704379,0.556684
M8,zero-clamping,floor 0.02,train/Category-2_a_0006,object,0.00682503,1.67455e-06,0.0181293,87.6207,0.999999,0.000173618,0.998636,0.999916,0.993975,1,0.999942,0.997506,0.999999,0.998743
M8,zero-clamping,floor 0.02,train/Category-2_a_0006,table,21.3104,0.203954,73.1811,23.5629,0.758082,6.44811,0.0140929,3.72553e-05,1e-06,0.118764,0.116558,8.06732e-05,0.438423,0.00487538
M8,zero-clamping,floor 0.02,train/Category-2_a_0006,background,2.85896,0.0350966,5.35761,32.1439,0.967511,0.798613,0.564512,0.172936,0.167651,0.404795,0.766283,0.253896,0.686153,0.424359
M9,constant,zeros,train/Category-2_a_0006,full,90,23.6986,135.199,6.43117,0.00323757,36.7352,1e-06,1e-06,1e-06,0,4.8088e-06,1e-06,0.00161879,1.68082e-05
M9,constant,zeros,train/Category-2_a_0006,object,90,23.7341,122.827,5.18166,0.00125704,45.659,1e-06,1e-06,1e-06,0,1e-06,1e-06,0.000628519,9.53699e-06
M9,constant,zeros,train/Category-2_a_0006,table,90,23.7003,170.135,17.1892,0.0182307,9.43611,1e-06,1e-06,1e-06,0,0.0430509,1e-06,0.00911533,0.000120509
M9,constant,zeros,train/Category-2_a_0006,background,90,23.6001,193.407,10.7468,0.00393076,20.7632,1e-06,1e-06,1e-06,0,0.000986767,1e-06,0.00196538,3.99796e-05
M9,constant,train mean,train/Category-2_a_0006,full,23.8945,0.375739,113.884,11.6044,0.730493,25.2734,0.00840525,1e-06,1e-06,0,0.000219431,2.03322e-05,0.365247,0.00089576
M9,constant,train mean,train/Category-2_a_0006,object,24.263,0.458959,101.409,10.7681,0.742717,29.2528,0.00780812,1e-06,1e-06,0,5.82411e-05,1.98388e-05,0.371359,0.000729407
M9,constant,train mean,train/Category-2_a_0006,table,33.4386,0.345797,777.77,11.1452,0.372198,25.1653,0.00124611,1e-06,1e-06,0,0.000227482,1.0761e-05,0.186099,0.000517462
M9,constant,train mean,train/Category-2_a_0006,background,19.8291,0.155094,179.595,15.841,0.811036,14.3004,0.0189525,0.000428718,1e-06,0,0.00850755,0.000201039,0.405518,0.00505724
M9,constant,ones,train/Category-2_a_0006,full,27.0557,0.463732,634.784,3.55888,0.509127,52.5678,0.00446654,1e-06,1e-06,0,1e-06,1.64686e-05,0.254564,0.000316488
M9,constant,ones,train/Category-2_a_0006,object,28.8919,0.588898,522.453,4.42853,0.576007,45.6801,0.00309371,1e-06,1e-06,0,1e-06,1.45711e-05,0.288004,0.000310839
M9,constant,ones,train/Category-2_a_0006,table,32.1945,0.323914,6280.8,1.03866,0.157775,86.0533,0.00159815,1e-06,1e-06,0,1e-06,1.16916e-05,0.0788876,0.000176966
M9,constant,ones,train/Category-2_a_0006,background,20.3363,0.162129,1253.54,2.58658,0.436265,60.933,0.0171243,0.000301591,1e-06,0,1e-06,0.000172853,0.218133,0.000971384
M1,dropped pixels,drop 0.01,train/Category-2_a_0013,full,0.0803019,0.000165957,0.725079,66.2624,0.999864,0.00912455,0.984068,0.991737,0.785297,1,0.996963,0.915135,0.999932,0.956168
M1,dropped pixels,drop 0.01,train/Category-2_a_0013,object,0.0502376,5.7028e-05,0.487059,63.1037,0.999863,0.00931135,0.990003,0.997153,0.850141,1,0.996901,0.943256,0.999932,0.970739
M1,dropped pixels,drop 0.01,train/Category-2_a_0013,table,0.229562,0.000825422,1.54505,63.1384,0.999693,0.0154198,0.955126,0.959569,0.597491,1,0.994873,0.818131,0.999847,0.90376
M1,dropped pixels,drop 0.01,train/Category-2_a_0013,background,0.0728472,0.00012589,0.816035,68.7408,0.999883,0.00837621,0.985536,0.993725,0.761845,1,0.997212,0.906989,0.999941,0.951941
M1,dropped pixels,drop 0.1,train/Category-2_a_0013,full,0.570235,0.00159791,2.31547,56.121,0.998623,0.0920098,0.892216,0.923213,0.462169,1,0.969796,0.724755,0.999311,0.847213
M1,dropped pixels,drop 0.1,train/Category-2_a_0013,object,0.373363,0.000570839,1.53371,52.947,0.998649,0.0936309,0.928047,0.971862,0.599753,1,0.969272,0.814796,0.999325,0.898232
M1,dropped pixels,drop 0.1,train/Category-2_a_0013,table,1.5248,0.00825056,4.70168,53.1987,0.996857,0.157217,0.737152,0.661975,0.208623,1,0.948944,0.466932,0.998428,0.677601
M1,dropped pixels,drop 0.1,train/Category-2_a_0013,background,0.523932,0.00117231,2.66155,58.5379,0.998809,0.084352,0.900517,0.943069,0.411814,1,0.972274,0.704551,0.999405,0.835668
M1,dropped pixels,drop 0.5,train/Category-2_a_0013,full,2.73499,0.00786773,5.20734,49.1055,0.992991,0.459727,0.578685,0.674768,0.176263,0.970185,0.857922,0.409813,0.981588,0.621563
M1,dropped pixels,drop 0.5,train/Category-2_a_0013,object,1.80881,0.0028254,3.48396,45.8389,0.993093,0.47104,0.696448,0.868255,0.313072,0.861298,0.854693,0.574196,0.927195,0.720795
M1,dropped pixels,drop 0.5,train/Category-2_a_0013,table,7.12074,0.0404628,10.7641,46.2509,0.984256,0.774473,0.240714,0.13224,0.0276523,0.875029,0.772473,0.0958366,0.929642,0.290308
M1,dropped pixels,drop 0.5,train/Category-2_a_0013,background,2.52871,0.00578551,5.89697,51.599,0.993922,0.421723,0.603058,0.748806,0.140064,1,0.868859,0.39843,0.996961,0.617384
M1,dropped pixels,pool 2,train/Category-2_a_0013,full,5.70935,0.017143,9.91564,43.2009,0.980295,1.06267,0.319222,0.42437,0.0366914,0.773364,0.701718,0.170661,0.87683,0.374121
M1,dropped pixels,pool 2,train/Category-2_a_0013,object,3.87373,0.00644107,7.33451,38.7643,0.976456,1.22504,0.460821,0.72466,0.0867404,0.625477,0.664748,0.307111,0.800966,0.482294
M1,dropped pixels,pool 2,train/Category-2_a_0013,table,14.7948,0.0884666,20.7773,41.0621,0.956774,1.76982,0.0518733,0.0119942,0.00098216,0.70207,0.554361,0.00848593,0.829422,0.0789751
M1,dropped pixels,pool 2,train/Category-2_a_0013,background,5.25725,0.0124878,9.2986,47.1825,0.984029,0.93644,0.34943,0.535588,0.0450702,0.906085,0.731874,0.203561,0.945057,0.422107
M1,dropped pixels,pool 4,train/Category-2_a_0013,full,7.02197,0.0250161,21.7835,36.1633,0.959367,1.51323,0.245516,0.286275,0.000702291,0.538777,0.603861,0.0366826,0.749072,0.160492
M1,dropped pixels,pool 4,train/Category-2_a_0013,object,5.14467,0.011636,17.5694,30.6791,0.922925,2.30561,0.357388,0.558892,0.00286135,0.355971,0.46369,0.0829875,0.639448,0.219519
M1,dropped pixels,pool 4,train/Category-2_a_0013,table,18.0954,0.126377,57.0177,34.279,0.916078,2.50295,0.0268073,0.001802,1e-06,0.475966,0.434172,0.000364197,0.696022,0.0148332
M1,dropped pixels,pool 4,train/Category-2_a_0013,background,6.36358,0.0178549,14.2207,43.514,0.974999,1.168,0.28007,0.40953,0.00873673,0.783801,0.677509,0.100069,0.8794,0.285268
M1,dropped pixels,pool 8,train/Category-2_a_0013,full,7.89928,0.0313545,45.0817,29.7945,0.925557,2.13769,0.206005,0.208519,1e-06,0.326484,0.490386,0.0035022,0.626021,0.0451396
M1,dropped pixels,pool 8,train/Category-2_a_0013,object,6.40966,0.0196127,37.1267,24.2693,0.813895,4.26622,0.277501,0.375073,4.2205e-06,0.142309,0.241213,0.00760177,0.478102,0.0544064
M1,dropped pixels,pool 8,train/Category-2_a_0013,table,20.4613,0.154075,157.621,26.5965,0.847305,3.7018,0.0167014,0.000451128,1e-06,0.219882,0.291145,0.000196043,0.533594,0.00933933
M1,dropped pixels,pool 8,train/Category-2_a_0013,background,6.96148,0.0213546,23.3547,39.2235,0.967473,1.33072,0.248504,0.343788,0.000415966,0.640783,0.641739,0.0328771,0.804128,0.157186
M2,dropped bands,every 10,train/Category-2_a_0013,full,6.84732,0.0123187,6.06724,38.5564,0.996709,5.03833,0.254243,0.540135,0.132336,0.618546,0.186478,0.262912,0.807627,0.369848
M2,dropped bands,every 10,train/Category-2_a_0013,object,1.57777,0.00148868,2.3723,46.9317,0.998226,1.08695,0.729385,0.928269,0.453497,0.897724,0.696061,0.674634,0.947975,0.763502
M2,dropped bands,every 10,train/Category-2_a_0013,table,3.10399,0.00719547,4.57732,50.6609,0.995188,0.722846,0.537515,0.697834,0.217453,1,0.785882,0.43368,0.997594,0.634632
M2,dropped bands,every 10,train/Category-2_a_0013,background,8.83093,0.0161127,7.85744,37.2269,0.996424,6.69171,0.170984,0.446804,0.0728651,0.574229,0.107467,0.177227,0.785326,0.276837
M2,dropped bands,every 4,train/Category-2_a_0013,full,4.63095,0.00806757,5.53975,44.2518,0.996457,2.22667,0.39606,0.668059,0.157775,0.808393,0.476055,0.3469,0.902425,0.508329
M2,dropped bands,every 4,train/Category-2_a_0013,object,1.99138,0.0019024,2.79902,50.6013,0.997695,0.656977,0.671476,0.909264,0.39337,1,0.803328,0.621595,0.998848,0.762627
M2,dropped bands,every 4,train/Category-2_a_0013,table,7.04448,0.0251088,8.18013,48.5216,0.99151,0.950464,0.244413,0.28495,0.0654342,0.950719,0.728461,0.165793,0.971114,0.384316
M2,dropped bands,every 4,train/Category-2_a_0013,background,5.15272,0.00803153,7.46275,43.119,0.996631,2.83527,0.356813,0.669264,0.0831107,0.770634,0.388645,0.270748,0.883633,0.432425
M2,dropped bands,every 2,train/Category-2_a_0013,full,9.22098,0.0252072,9.26399,39.4866,0.993249,4.56231,0.158152,0.283552,0.0455932,0.649553,0.218544,0.126922,0.821401,0.264724
M2,dropped bands,every 2,train/Category-2_a_0013,object,3.43134,0.00493537,4.16714,46.1808,0.995773,1.24567,0.503452,0.781322,0.249313,0.872692,0.660192,0.461152,0.934233,0.623063
M2,dropped bands,every 2,train/Category-2_a_0013,table,11.0848,0.0521179,12.0007,45.6632,0.984344,1.32155,0.108941,0.073837,0.0183113,0.85544,0.643704,0.0528114,0.919892,0.208917
M2,dropped bands,every 2,train/Category-2_a_0013,background,10.7428,0.0282929,12.7811,38.2878,0.993476,5.90812,0.116652,0.243012,0.014117,0.609592,0.139544,0.0736921,0.801534,0.186978
M3,low-rank,k=30,train/Category-2_a_0013,full,1.79997,0.00396918,1.91834,79.1904,0.999992,0.028611,0.697681,0.819994,0.527584,1,0.990508,0.67079,0.999996,0.817845
M3,low-rank,k=30,train/Category-2_a_0013,object,1.12413,0.00064134,0.922885,80.4909,0.999995,0.0241,0.798656,0.968442,0.735189,1,0.991999,0.828471,0.999998,0.909107
M3,low-rank,k=30,train/Category-2_a_0013,table,5.39271,0.0281544,7.73761,72.7161,0.999964,0.0596861,0.340091,0.2447,0.0758343,1,0.980301,0.184798,0.999982,0.428598
M3,low-rank,k=30,train/Category-2_a_0013,background,1.60626,0.00230084,2.88439,80.7479,0.999993,0.0265376,0.72524,0.891329,0.382334,1,0.991193,0.627558,0.999997,0.791134
M3,low-rank,k=12,train/Category-2_a_0013,full,4.77055,0.0354953,5.75878,50.8682,0.996777,0.676947,0.385155,0.169524,0.146667,1,0.797998,0.212357,0.998389,0.445234
M3,low-rank,k=12,train/Category-2_a_0013,object,3.17472,0.00474767,3.47989,51.0709,0.997839,0.682161,0.529965,0.788689,0.313498,1,0.796613,0.507921,0.998919,0.688526
M3,low-rank,k=12,train/Category-2_a_0013,table,14.5729,0.266969,17.6982,44.1067,0.989648,1.70037,0.0542266,1.59527e-06,0.00274113,0.803557,0.567344,0.000618954,0.896603,0.0219946
M3,low-rank,k=12,train/Category-2_a_0013,background,4.16806,0.0191989,7.43559,53.0747,0.997245,0.562792,0.434477,0.382914,0.0838665,1,0.828949,0.240742,0.998622,0.47681
M3,low-rank,k=8,train/Category-2_a_0013,full,6.50625,0.0918112,7.82534,38.9388,0.973304,2.24778,0.272192,0.0101472,0.0736488,0.631292,0.472717,0.0588115,0.802298,0.20065
M3,low-rank,k=8,train/Category-2_a_0013,object,4.47268,0.00904632,5.05922,38.6781,0.988588,2.7915,0.408798,0.636153,0.185184,0.622603,0.394356,0.363824,0.805595,0.486373
M3,low-rank,k=8,train/Category-2_a_0013,table,21.8994,0.726926,25.3925,30.5256,0.816826,9.32185,0.0125269,1e-06,0.000210894,0.350854,0.0447222,0.000138241,0.58384,0.00611082
M3,low-rank,k=8,train/Category-2_a_0013,background,5.4192,0.0466203,9.35691,43.7788,0.985961,1.30729,0.338294,0.0971971,0.0442026,0.792625,0.646771,0.113274,0.889293,0.302583
M3,low-rank,k=4,train/Category-2_a_0013,full,11.5085,0.322485,14.2148,36.1638,0.958083,2.76443,0.100089,1e-06,0.00875371,0.538794,0.397931,0.000956885,0.748439,0.024342
M3,low-rank,k=4,train/Category-2_a_0013,object,10.0124,0.0449184,10.91,34.7153,0.968089,4.54863,0.135,0.10583,0.0263401,0.49051,0.219542,0.0721971,0.729299,0.191648
M3,low-rank,k=4,train/Category-2_a_0013,table,38.7948,2.76428,59.7479,29.3321,0.86351,6.21823,0.000426898,1e-06,1e-06,0.311069,0.12584,7.52965e-06,0.58729,0.00166901
M3,low-rank,k=4,train/Category-2_a_0013,background,8.95259,0.136622,13.7627,39.5224,0.965504,1.85226,0.166874,0.00107966,0.0101777,0.650747,0.539334,0.0122398,0.808125,0.0936018
M3,low-rank,k=2,train/Category-2_a_0013,full,13.0988,0.39792,19.8454,32.3039,0.95834,4.64285,0.0728202,1e-06,0.00133994,0.410129,0.212754,0.000460376,0.684234,0.0148957
M3,low-rank,k=2,train/Category-2_a_0013,object,11.5562,0.0550629,16.2829,28.5948,0.951518,6.78359,0.099139,0.063727,0.00439355,0.286493,0.104226,0.030278,0.619006,0.104798
M3,low-rank,k=2,train/Category-2_a_0013,table,39.4323,3.47001,63.5081,29.6781,0.868139,5.46435,0.000375798,1e-06,1e-06,0.322604,0.161791,7.21636e-06,0.595372,0.00170482
M3,low-rank,k=2,train/Category-2_a_0013,background,10.6616,0.162183,16.7772,35.2605,0.970299,3.91395,0.118561,0.000300769,0.00372606,0.508682,0.271268,0.0051028,0.739491,0.0528494
M4,added noise,sigma 0.001,train/Category-2_a_0013,full,1.4768,0.00954876,1.38268,56.7428,0.998154,0.338313,0.744264,0.620371,0.630721,1,0.893355,0.662835,0.999077,0.800232
M4,added noise,sigma 0.001,train/Category-2_a_0013,object,0.843524,0.000387551,0.573621,59.5118,0.999068,0.257529,0.844758,0.980809,0.825962,1,0.917738,0.881236,0.999534,0.92658
M4,added noise,sigma 0.001,train/Category-2_a_0013,table,4.88794,0.0776053,6.47555,49.7803,0.99155,0.752927,0.376218,0.0206454,0.115496,0.992677,0.778041,0.0964444,0.992113,0.298253
M4,added noise,sigma 0.001,train/Category-2_a_0013,background,1.29038,0.0047935,2.15057,58.2673,0.998608,0.316792,0.772537,0.786884,0.488284,1,0.899787,0.667064,0.999304,0.803709
M4,added noise,sigma 0.003,train/Category-2_a_0013,full,4.27945,0.084459,4.1328,47.4694,0.985132,1.00211,0.424905,0.0146553,0.252183,0.915646,0.716028,0.116234,0.950389,0.318546
M4,added noise,sigma 0.003,train/Category-2_a_0013,object,2.52643,0.00354256,1.72098,49.9533,0.991711,0.772415,0.603333,0.837672,0.563459,0.998443,0.773003,0.657907,0.995077,0.779039
M4,added noise,sigma 0.003,train/Category-2_a_0013,table,13.3635,0.699311,18.7846,40.7053,0.938201,2.15821,0.0690651,1e-06,0.00190832,0.690176,0.487042,0.000508905,0.814188,0.0188455
M4,added noise,sigma 0.003,train/Category-2_a_0013,background,3.80286,0.0409462,6.43881,48.9101,0.988333,0.943423,0.467399,0.129082,0.116919,0.963669,0.730173,0.191784,0.976001,0.414217
M4,added noise,sigma 0.01,train/Category-2_a_0013,full,12.6771,0.443674,13.6386,37.7283,0.887468,3.13375,0.0792287,1e-06,0.0106075,0.590944,0.351838,0.000943696,0.739206,0.0236285
M4,added noise,sigma 0.01,train/Category-2_a_0013,object,8.2499,0.0645682,5.72706,39.4648,0.92072,2.47793,0.192054,0.0396205,0.148226,0.648826,0.437807,0.104093,0.784773,0.261857
M4,added noise,sigma 0.01,train/Category-2_a_0013,table,30.8516,3.68669,55.8333,31.7907,0.711339,5.8226,0.00209058,1e-06,1e-06,0.393022,0.143579,1.27866e-05,0.55218,0.00217105
M4,added noise,sigma 0.01,train/Category-2_a_0013,background,11.998,0.199944,21.3872,38.8266,0.896928,3.03353,0.0907547,4.55265e-05,0.000801464,0.627552,0.36379,0.00149052,0.76224,0.0301668
M4,added noise,sigma 0.03,train/Category-2_a_0013,full,28.9737,2.29682,38.4151,29.1937,0.556761,7.62579,0.0030435,1e-06,2.74688e-06,0.306458,0.0787143,2.02957e-05,0.43161,0.00229294
M4,added noise,sigma 0.03,train/Category-2_a_0013,object,20.4939,1.26405,16.4875,30.6126,0.67274,6.12454,0.0165928,1e-06,0.00410379,0.353755,0.129832,0.000408352,0.513247,0.0117798
M4,added noise,sigma 0.03,train/Category-2_a_0013,table,47.3002,7.616,149.567,24.2144,0.402227,11.1569,7.79033e-05,1e-06,1e-06,0.14048,0.0242592,4.27089e-06,0.271354,0.000749425
M4,added noise,sigma 0.03,train/Category-2_a_0013,background,29.4867,2.01963,59.9275,29.9155,0.539171,7.68507,0.00274675,1e-06,1e-06,0.330517,0.0771742,1.40047e-05,0.434844,0.00190403
M4,added noise,sigma 0.05,train/Category-2_a_0013,full,37.1777,4.48824,59.1979,25.6594,0.384169,10.3783,0.000589908,1e-06,1e-06,0.188648,0.0314474,8.38677e-06,0.286408,0.0011127
M4,added noise,sigma 0.05,train/Category-2_a_0013,object,27.4445,2.7628,26.124,27.0567,0.539881,8.46528,0.00413236,1e-06,0.000165257,0.235224,0.0595012,8.80614e-05,0.387553,0.0044105
M4,added noise,sigma 0.05,train/Category-2_a_0013,table,52.8412,9.15944,241.364,20.9079,0.279875,14.008,2.57202e-05,1e-06,1e-06,0.0302619,0.00937844,2.95183e-06,0.155069,0.00044417
M4,added noise,sigma 0.05,train/Category-2_a_0013,background,38.3575,4.48895,91.0407,26.2968,0.3492,10.5496,0.000465918,1e-06,1e-06,0.209893,0.0297025,7.75241e-06,0.279546,0.00105171
M5,smoothing,sigma 0.5px,train/Category-2_a_0013,full,2.16634,0.00309733,3.01987,53.6911,0.997636,0.371387,0.648386,0.856529,0.365451,1,0.88356,0.587672,0.998818,0.752182
M5,smoothing,sigma 0.5px,train/Category-2_a_0013,object,1.44345,0.00100769,2.04858,50.2617,0.997685,0.385635,0.749244,0.950864,0.50517,1,0.879374,0.711311,0.998843,0.826951
M5,smoothing,sigma 0.5px,train/Category-2_a_0013,table,5.61374,0.0169714,6.21742,50.8771,0.994644,0.627027,0.325384,0.428026,0.125874,1,0.811388,0.259777,0.997322,0.493489
M5,smoothing,sigma 0.5px,train/Category-2_a_0013,background,2.00267,0.00219415,3.35179,56.3592,0.997951,0.339012,0.669963,0.896096,0.327174,1,0.893147,0.581292,0.998976,0.749342
M5,smoothing,sigma 1px,train/Category-2_a_0013,full,5.37205,0.015381,9.36496,43.6776,0.982811,0.99158,0.341499,0.463453,0.0440842,0.789254,0.718545,0.191085,0.886032,0.398739
M5,smoothing,sigma 1px,train/Category-2_a_0013,object,3.65197,0.00575326,6.92316,39.1945,0.979568,1.15533,0.481719,0.750014,0.0994879,0.639818,0.680377,0.330023,0.809693,0.503613
M5,smoothing,sigma 1px,train/Category-2_a_0013,table,13.8994,0.0794452,19.9357,41.5442,0.962125,1.64954,0.0620464,0.0188308,0.00130021,0.718141,0.577037,0.0114956,0.840133,0.09289
M5,smoothing,sigma 1px,train/Category-2_a_0013,background,4.9469,0.0112042,8.78122,47.7546,0.986054,0.870349,0.371808,0.57109,0.0535536,0.925154,0.748177,0.224873,0.955604,0.446855
M5,smoothing,sigma 2px,train/Category-2_a_0013,full,6.83793,0.0237894,20.5969,36.6193,0.962718,1.46727,0.254721,0.304382,0.00104302,0.553977,0.613183,0.043244,0.758347,0.17541
M5,smoothing,sigma 2px,train/Category-2_a_0013,object,5.01149,0.0110159,16.5397,31.1779,0.931927,2.22848,0.367035,0.576491,0.00403306,0.372596,0.475767,0.0948517,0.652261,0.237235
M5,smoothing,sigma 2px,train/Category-2_a_0013,table,17.6367,0.120353,52.6872,34.6937,0.922988,2.42268,0.0293831,0.00243541,1e-06,0.489791,0.445945,0.000415167,0.70639,0.0159834
M5,smoothing,sigma 2px,train/Category-2_a_0013,background,6.19459,0.0169752,13.8737,43.7693,0.976273,1.13511,0.289697,0.427945,0.00980791,0.79231,0.684977,0.106734,0.884291,0.295673
M5,smoothing,sigma 4px,train/Category-2_a_0013,full,7.77468,0.0304295,41.4171,30.4158,0.93129,2.08047,0.211203,0.218389,1.00986e-06,0.347192,0.499828,0.00359802,0.639241,0.0462208
M5,smoothing,sigma 4px,train/Category-2_a_0013,object,6.31289,0.0189391,33.9728,24.9205,0.833474,4.09725,0.282923,0.38792,1.20761e-05,0.164016,0.255189,0.0109845,0.498745,0.0669386
M5,smoothing,sigma 4px,train/Category-2_a_0013,table,20.1627,0.149957,132.993,27.2558,0.85653,3.62662,0.0177293,0.00055427,1e-06,0.241858,0.298533,0.000214192,0.549194,0.00989817
M5,smoothing,sigma 4px,train/Category-2_a_0013,background,6.84772,0.020706,22.8599,39.5033,0.968691,1.30881,0.254223,0.35512,0.000490559,0.65011,0.646442,0.0353802,0.809401,0.163613
M6,destriping,own profile,train/Category-2_a_0013,full,7.50407,0.249735,9.61334,36.5601,0.942555,1.64055,0.222948,3.77635e-06,0.0405813,0.552003,0.578771,0.0032449,0.747279,0.047391
M6,destriping,own profile,train/Category-2_a_0013,object,4.10833,0.00814128,4.15235,38.8076,0.969702,1.32195,0.439699,0.665601,0.250545,0.626919,0.643619,0.418554,0.798311,0.559668
M6,destriping,own profile,train/Category-2_a_0013,table,24.5709,2.06712,37.7677,30.0973,0.766242,3.44957,0.00734178,1e-06,3.40855e-06,0.336576,0.316682,2.92499e-05,0.551409,0.00369548
M6,destriping,own profile,train/Category-2_a_0013,background,6.63919,0.121841,14.7202,37.8487,0.953856,1.53654,0.26505,0.00226073,0.00739658,0.594957,0.599188,0.0164262,0.774406,0.108528
M6,destriping,train template,train/Category-2_a_0013,full,6.65568,0.0471486,6.58362,44.9596,0.980692,1.09534,0.264177,0.0946634,0.11141,0.831987,0.694117,0.140713,0.90634,0.34311
M6,destriping,train template,train/Category-2_a_0013,object,3.85833,0.00708584,3.07266,47.2588,0.989318,0.836738,0.462242,0.70167,0.359076,0.908627,0.756606,0.488348,0.948973,0.658013
M6,destriping,train template,train/Category-2_a_0013,table,20.2219,0.338953,17.9317,38.8597,0.929128,2.23921,0.0175207,1e-06,0.00253583,0.628657,0.474069,0.000354179,0.778892,0.0154172
M6,destriping,train template,train/Category-2_a_0013,background,5.99746,0.0269929,9.50307,46.0141,0.983792,1.04663,0.301347,0.259333,0.0421008,0.867137,0.705481,0.148732,0.925465,0.356206
M7,gain error,global +1%,train/Category-2_a_0013,full,0.0257352,1.70773e-08,1.93096,56.8722,0.999985,0.114459,0.994866,0.999999,0.52537,1,0.962566,0.80552,0.999992,0.892384
M7,gain error,global +1%,train/Category-2_a_0013,object,0.0138151,1.23164e-08,1.60485,54.2212,0.999985,0.139775,0.997241,0.999999,0.585699,1,0.954477,0.835907,0.999992,0.90791
M7,gain error,global +1%,train/Category-2_a_0013,table,0.0899796,1.7376e-08,1.71908,62.1624,0.999973,0.065905,0.982165,0.999999,0.563817,1,0.978271,0.821185,0.999987,0.903207
M7,gain error,global +1%,train/Category-2_a_0013,background,0.0222222,1.84644e-08,1.2519,57.6994,0.999986,0.11225,0.995565,0.999999,0.658823,1,0.963275,0.868852,0.999993,0.926903
M7,gain error,global -1%,train/Category-2_a_0013,full,0.0257888,1.71038e-08,1.93096,56.8162,0.999985,0.115052,0.994856,0.999999,0.52537,1,0.962375,0.805517,0.999992,0.892356
M7,gain error,global -1%,train/Category-2_a_0013,object,0.0139553,1.23514e-08,1.60485,54.1681,0.999984,0.140589,0.997213,0.999999,0.585699,1,0.954218,0.835899,0.999992,0.907869
M7,gain error,global -1%,train/Category-2_a_0013,table,0.0908782,1.74097e-08,1.71908,62.1123,0.999973,0.0663072,0.981989,0.999999,0.563817,1,0.97814,0.821135,0.999986,0.903162
M7,gain error,global -1%,train/Category-2_a_0013,background,0.022157,1.84876e-08,1.2519,57.6413,0.999986,0.112798,0.995578,0.999999,0.658823,1,0.963099,0.868856,0.999993,0.92688
M7,gain error,global +3%,train/Category-2_a_0013,full,0.025647,1.70806e-08,5.79288,47.3837,0.999866,0.341311,0.994884,0.999999,0.145009,0.912791,0.892463,0.524472,0.956328,0.70091
M7,gain error,global +3%,train/Category-2_a_0013,object,0.0136125,1.23289e-08,4.81454,44.7349,0.999861,0.416054,0.997281,0.999999,0.20092,0.824498,0.870502,0.585168,0.91218,0.725494
M7,gain error,global +3%,train/Category-2_a_0013,table,0.0890687,1.73839e-08,5.15723,52.6694,0.999768,0.196523,0.982344,0.999999,0.179232,1,0.936592,0.560479,0.999884,0.741301
M7,gain error,global +3%,train/Category-2_a_0013,background,0.0222586,1.84645e-08,3.75571,48.2096,0.999879,0.334947,0.995558,0.999999,0.28596,0.94032,0.894358,0.657846,0.970099,0.789177
M7,gain error,global -3%,train/Category-2_a_0013,full,0.0258908,1.71001e-08,5.79288,47.2207,0.999858,0.346844,0.994835,0.999999,0.145009,0.907355,0.890818,0.524464,0.953607,0.700012
M7,gain error,global -3%,train/Category-2_a_0013,object,0.0141776,1.23338e-08,4.81454,44.5716,0.999856,0.423927,0.997168,0.999999,0.20092,0.819053,0.868221,0.585146,0.909454,0.724436
M7,gain error,global -3%,train/Category-2_a_0013,table,0.0918049,1.73651e-08,5.15723,52.519,0.999751,0.200143,0.981807,0.999999,0.179232,1,0.935462,0.560377,0.999876,0.741097
M7,gain error,global -3%,train/Category-2_a_0013,background,0.0221324,1.84926e-08,3.75571,48.0462,0.999871,0.339993,0.995583,0.999999,0.28596,0.934874,0.892855,0.657851,0.967373,0.788204
M7,gain error,global +10%,train/Category-2_a_0013,full,0.0252317,1.70617e-08,19.3096,37.103,0.998605,1.11677,0.994966,0.999999,0.00160194,0.570101,0.689178,0.116811,0.784353,0.296873
M7,gain error,global +10%,train/Category-2_a_0013,object,0.0130593,1.23342e-08,16.0485,34.4632,0.9985,1.35559,0.997392,0.999999,0.00475054,0.482106,0.63644,0.167959,0.740303,0.344714
M7,gain error,global +10%,train/Category-2_a_0013,table,0.0861672,1.73523e-08,17.1908,42.3791,0.997623,0.641534,0.982914,0.999999,0.00324623,0.745971,0.807474,0.147219,0.871797,0.354158
M7,gain error,global +10%,train/Category-2_a_0013,background,0.0221581,1.84398e-08,12.519,37.9234,0.998745,1.09782,0.995578,0.999999,0.0154058,0.597445,0.693545,0.248458,0.798095,0.43602
M7,gain error,global -10%,train/Category-2_a_0013,full,0.0262549,1.71464e-08,19.3096,36.5749,0.998297,1.17988,0.994763,0.999999,0.00160194,0.552497,0.67483,0.116803,0.775397,0.294741
M7,gain error,global -10%,train/Category-2_a_0013,object,0.0149131,1.23409e-08,16.0485,33.9252,0.998268,1.44885,0.997022,0.999999,0.00475054,0.464175,0.61696,0.167938,0.731221,0.34161
M7,gain error,global -10%,train/Category-2_a_0013,table,0.0953531,1.74068e-08,17.1908,41.877,0.996995,0.681828,0.98111,0.999999,0.00324623,0.729232,0.796701,0.147129,0.863114,0.352101
M7,gain error,global -10%,train/Category-2_a_0013,background,0.0220354,1.85511e-08,12.519,37.4008,0.998449,1.15445,0.995603,0.999999,0.0154058,0.580025,0.680575,0.24846,0.789237,0.433094
M7,gain error,per band 1%,train/Category-2_a_0013,full,0.544397,9.5857e-05,1.93096,58.56,0.999988,0.471159,0.896839,0.995219,0.52537,1,0.854659,0.776901,0.999994,0.860897
M7,gain error,per band 1%,train/Category-2_a_0013,object,0.558994,9.70306e-05,1.60485,55.9699,0.999988,0.536243,0.894224,0.99516,0.585699,1,0.836317,0.804769,0.999994,0.873354
M7,gain error,per band 1%,train/Category-2_a_0013,table,0.499786,9.31486e-05,1.71908,64.1039,0.99998,0.258085,0.904876,0.995353,0.563817,1,0.917568,0.797814,0.99999,0.881749
M7,gain error,per band 1%,train/Category-2_a_0013,background,0.544951,9.5805e-05,1.2519,59.3375,0.99999,0.47519,0.896739,0.995221,0.658823,1,0.853511,0.837757,0.999995,0.893799
M7,gain error,per band 3%,train/Category-2_a_0013,full,1.61946,0.000859621,5.79288,49.0337,0.999896,1.38911,0.723328,0.95793,0.145009,0.967789,0.629369,0.464895,0.983842,0.632466
M7,gain error,per band 3%,train/Category-2_a_0013,object,1.66925,0.000870635,4.81454,46.4442,0.99989,1.57296,0.716161,0.957402,0.20092,0.881473,0.591957,0.516467,0.940682,0.650234
M7,gain error,per band 3%,train/Category-2_a_0013,table,1.45606,0.000834581,5.15723,54.5809,0.999823,0.778251,0.747358,0.95913,0.179232,1,0.771501,0.504592,0.999911,0.683215
M7,gain error,per band 3%,train/Category-2_a_0013,background,1.62259,0.000859091,3.75571,49.8107,0.999906,1.40149,0.722876,0.957955,0.28596,0.99369,0.626779,0.58287,0.996798,0.710993
M7,gain error,per band 10%,train/Category-2_a_0013,full,5.28141,0.00945323,19.3096,38.6263,0.99885,4.32454,0.347746,0.623341,0.00160194,0.620875,0.236569,0.0702876,0.809862,0.19837
M7,gain error,per band 10%,train/Category-2_a_0013,object,5.47451,0.00959286,16.0485,36.0469,0.998722,4.82058,0.334573,0.619004,0.00475054,0.534896,0.200516,0.0994586,0.766809,0.225831
M7,gain error,per band 10%,train/Category-2_a_0013,table,4.69845,0.00914983,17.1908,44.1817,0.998128,2.61395,0.390749,0.632869,0.00324623,0.806058,0.4184,0.0929387,0.902093,0.258033
M7,gain error,per band 10%,train/Category-2_a_0013,background,5.28796,0.00944495,12.519,39.3965,0.998968,4.36479,0.347291,0.623599,0.0154058,0.646549,0.233416,0.149427,0.822758,0.290254
M8,zero-clamping,zero <0.001,train/Category-2_a_0013,full,0.063306,0.00893192,0.0439911,72.5178,0.999938,0.00354401,0.987419,0.639802,0.985443,1,0.998819,0.853872,0.999969,0.923878
M8,zero-clamping,zero <0.001,train/Category-2_a_0013,object,0.0139874,3.33455e-06,0.000990652,120,1,1.19847e-06,0.997206,0.999833,0.99967,1,1,0.998902,1,0.999451
M8,zero-clamping,zero <0.001,train/Category-2_a_0013,table,0.403848,0.0768543,0.617112,63.2433,0.999417,0.0282221,0.922406,0.0214353,0.814074,1,0.990637,0.252487,0.999709,0.501721
M8,zero-clamping,zero <0.001,train/Category-2_a_0013,background,0.0405488,0.00412202,0.0500995,75.7297,0.999977,0.00188558,0.991923,0.813751,0.983439,1,0.999372,0.925917,0.999988,0.962151
M8,zero-clamping,zero <0.003,train/Category-2_a_0013,full,0.408401,0.143036,0.331799,53.2316,0.996086,0.0446057,0.921567,0.000783467,0.895297,1,0.985241,0.0864646,0.998043,0.293192
M8,zero-clamping,zero <0.003,train/Category-2_a_0013,object,0.0148983,5.05922e-05,0.00680721,112.342,1,1.92108e-05,0.997025,0.997474,0.997734,1,0.999994,0.997411,1,0.998703
M8,zero-clamping,zero <0.003,train/Category-2_a_0013,table,3.31341,1.17306,4.64589,44.3238,0.968901,0.352606,0.515467,1e-06,0.212539,0.810792,0.889109,0.00478498,0.889847,0.0652444
M8,zero-clamping,zero <0.003,train/Category-2_a_0013,background,0.206154,0.0723579,0.379652,55.8067,0.99791,0.0240174,0.959608,0.0268391,0.881129,1,0.992026,0.283118,0.998955,0.531255
M8,zero-clamping,zero <0.01,train/Category-2_a_0013,full,2.48941,1.06241,1.94328,38.0084,0.96149,0.298963,0.607816,1e-06,0.523216,0.600278,0.90515,0.00682576,0.780884,0.074643
M8,zero-clamping,zero <0.01,train/Category-2_a_0013,object,0.0609372,0.00266223,0.0969379,72.2512,0.999961,0.00451863,0.987887,0.875368,0.968204,1,0.998495,0.942515,0.999981,0.970606
M8,zero-clamping,zero <0.01,train/Category-2_a_0013,table,23.659,10.0731,29.8212,28.0126,0.632991,2.92317,0.00881058,1e-06,4.81886e-05,0.267087,0.377423,7.51593e-05,0.450039,0.00566439
M8,zero-clamping,zero <0.01,train/Category-2_a_0013,background,0.884617,0.38712,1.65606,43.1084,0.986158,0.098065,0.837844,1e-06,0.575786,0.770279,0.96784,0.00784286,0.878219,0.084211
M8,zero-clamping,zero <0.02,train/Category-2_a_0013,full,4.85782,1.7929,3.96061,32.9629,0.929886,0.655349,0.378491,1e-06,0.267081,0.432096,0.803764,0.00465835,0.680991,0.0577411
M8,zero-clamping,zero <0.02,train/Category-2_a_0013,object,1.33101,0.252548,1.27883,39.1386,0.98364,0.435232,0.766285,3.28091e-06,0.652935,0.637953,0.864955,0.0117965,0.810796,0.0987516
M8,zero-clamping,zero <0.02,train/Category-2_a_0013,table,41.9202,16.8637,53.4259,22.9831,0.341978,5.31632,0.000228486,1e-06,1e-06,0.0994376,0.169974,6.11346e-06,0.220708,0.00111696
M8,zero-clamping,zero <0.02,train/Category-2_a_0013,background,1.83206,0.594202,3.39546,39.1385,0.978536,0.208189,0.693217,1e-06,0.322446,0.637949,0.932957,0.00606888,0.808242,0.0715605
M8,zero-clamping,floor 0.005,train/Category-2_a_0013,full,0.580133,0.00693157,0.565701,47.5992,0.995272,0.0862224,0.890452,0.707103,0.828145,0.919974,0.971668,0.804884,0.957623,0.879858
M8,zero-clamping,floor 0.005,train/Category-2_a_0013,object,0.016534,7.57529e-06,0.0127945,107.916,1,5.19355e-05,0.996699,0.999621,0.995744,1,0.999983,0.997353,1,0.998673
M8,zero-clamping,floor 0.005,train/Category-2_a_0013,table,4.7504,0.0557118,7.91135,38.5896,0.961347,0.688266,0.38671,0.0616927,0.0715674,0.619653,0.794993,0.119521,0.7905,0.30764
M8,zero-clamping,floor 0.005,train/Category-2_a_0013,background,0.289413,0.00362985,0.644698,50.3368,0.997594,0.0456859,0.943761,0.834024,0.806623,1,0.984887,0.859482,0.998797,0.924578
M8,zero-clamping,floor 0.02,train/Category-2_a_0013,full,2.65458,0.028637,5.26639,32.965,0.972661,0.7051,0.588066,0.238867,0.172827,0.432165,0.790545,0.289555,0.702413,0.459052
M8,zero-clamping,floor 0.02,train/Category-2_a_0013,object,0.278827,0.000556626,0.302445,56.5786,0.999381,0.0771545,0.945761,0.972552,0.9041,1,0.97461,0.940381,0.99969,0.965894
M8,zero-clamping,floor 0.02,train/Category-2_a_0013,table,22.6169,0.239313,77.2727,23.4893,0.75685,6.28756,0.0108523,6.35892e-06,1e-06,0.116309,0.122965,4.10175e-05,0.43658,0.00349924
M8,zero-clamping,floor 0.02,train/Category-2_a_0013,background,1.16689,0.0138333,5.27599,36.6112,0.988435,0.278199,0.791854,0.500741,0.172275,0.553706,0.911437,0.408783,0.771071,0.57569
M9,constant,zeros,train/Category-2_a_0013,full,90,23.5792,193.096,10.605,0.00354185,20.7264,1e-06,1e-06,1e-06,0,0.000998944,1e-06,0.00177092,3.8619e-05
M9,constant,zeros,train/Category-2_a_0013,object,90,23.5573,160.485,7.52013,0.00125713,30.8413,1e-06,1e-06,1e-06,0,3.42976e-05,1e-06,0.000628565,1.62074e-05
M9,constant,zeros,train/Category-2_a_0013,table,90,23.7285,171.908,17.0769,0.0199555,9.50245,1e-06,1e-06,1e-06,0,0.0421095,1e-06,0.00997775,0.000123971
M9,constant,zeros,train/Category-2_a_0013,background,90,23.5693,125.19,11.7028,0.00241744,18.9444,1e-06,1e-06,1e-06,0,0.00180935,1e-06,0.00120872,3.69353e-05
M9,constant,train mean,train/Category-2_a_0013,full,17.8826,0.112047,184.704,15.3977,0.784784,14.1881,0.0279727,0.00368916,1e-06,0,0.00883192,0.000469052,0.392392,0.00767929
M9,constant,train mean,train/Category-2_a_0013,object,12.203,0.0608325,128.168,13.2023,0.622826,18.4902,0.0871083,0.0477571,1e-06,0,0.00210506,0.0016083,0.311413,0.0105765
M9,constant,train mean,train/Category-2_a_0013,table,35.8779,0.40802,801.376,11.1542,0.373028,25.1573,0.000765036,1e-06,1e-06,0,0.000228093,9.14592e-06,0.186514,0.000477617
M9,constant,train mean,train/Category-2_a_0013,background,17.5968,0.0947591,202.263,17.4634,0.878395,11.6981,0.0296184,0.00875652,1e-06,0,0.0202547,0.000637721,0.439197,0.0105493
M9,constant,ones,train/Category-2_a_0013,full,18.0435,0.110541,1294.38,2.57237,0.416854,60.4748,0.0270873,0.00397775,1e-06,0,1e-06,0.000475847,0.208427,0.00158624
M9,constant,ones,train/Category-2_a_0013,object,13.0842,0.0757624,490.854,3.40439,0.371128,51.2303,0.0730335,0.0226381,1e-06,0,1e-06,0.00118246,0.185564,0.00240086
M9,constant,ones,train/Category-2_a_0013,table,34.2931,0.374637,6414.33,1.047,0.158527,85.7946,0.00105037,1e-06,1e-06,0,1e-06,1.01652e-05,0.0792633,0.000165284
M9,constant,ones,train/Category-2_a_0013,background,17.7348,0.0918575,2053.17,2.54768,0.458914,60.4464,0.0288119,0.0101237,1e-06,0,1e-06,0.000663189,0.229457,0.00193671
M1,dropped pixels,drop 0.01,train/Category-2_a_0020,full,0.0536625,0.000112081,0.57468,59.4994,0.999876,0.00831297,0.989325,0.994412,0.82567,1,0.997233,0.933048,0.999938,0.965522
M1,dropped pixels,drop 0.01,train/Category-2_a_0020,object,0.0159999,7.43735e-06,0.484185,57.3403,0.999895,0.00728442,0.996805,0.999628,0.850956,1,0.997575,0.946496,0.999947,0.972508
M1,dropped pixels,drop 0.01,train/Category-2_a_0020,table,0.222169,0.00073909,1.41319,63.5196,0.999708,0.0148494,0.956539,0.96372,0.624339,1,0.995062,0.831811,0.999854,0.911313
M1,dropped pixels,drop 0.01,train/Category-2_a_0020,background,0.075855,0.000139287,0.75167,68.4822,0.999883,0.00849935,0.984944,0.99306,0.778367,1,0.997171,0.913111,0.999941,0.955143
M1,dropped pixels,drop 0.1,train/Category-2_a_0020,full,0.372739,0.00116133,1.81116,49.6556,0.998747,0.0829266,0.928163,0.943587,0.546774,0.988519,0.972736,0.782357,0.993633,0.878882
M1,dropped pixels,drop 0.1,train/Category-2_a_0020,object,0.108319,7.55961e-05,1.52455,47.5309,0.998974,0.0709367,0.978569,0.996227,0.601587,0.917698,0.976632,0.837047,0.958336,0.898185
M1,dropped pixels,drop 0.1,train/Category-2_a_0020,table,1.48251,0.00777993,4.84693,53.0316,0.996797,0.159371,0.743413,0.677737,0.198763,1,0.948263,0.464382,0.998398,0.675668
M1,dropped pixels,drop 0.1,train/Category-2_a_0020,background,0.544443,0.00141908,2.39271,58.4196,0.998816,0.0850453,0.89683,0.931505,0.450422,1,0.97205,0.721947,0.999408,0.845894
M1,dropped pixels,drop 0.5,train/Category-2_a_0020,full,1.78545,0.00578323,4.05237,42.6201,0.993627,0.413574,0.699709,0.748891,0.259035,0.754003,0.871222,0.513923,0.873815,0.669831
M1,dropped pixels,drop 0.5,train/Category-2_a_0020,object,0.520426,0.000379522,3.41541,40.4863,0.994798,0.355874,0.901148,0.981203,0.320309,0.682876,0.888141,0.656712,0.838837,0.748595
M1,dropped pixels,drop 0.5,train/Category-2_a_0020,table,7.08277,0.0387169,10.6083,46.1402,0.9837,0.787024,0.242548,0.144302,0.0291264,0.87134,0.769248,0.100644,0.92752,0.297075
M1,dropped pixels,drop 0.5,train/Category-2_a_0020,background,2.60951,0.00706765,5.23807,51.4541,0.993955,0.422561,0.59339,0.702309,0.174467,1,0.868616,0.417375,0.996977,0.63187
M1,dropped pixels,pool 2,train/Category-2_a_0020,full,3.85465,0.012844,9.47143,35.0509,0.974144,1.12845,0.462582,0.526134,0.0425471,0.501697,0.686499,0.217964,0.73792,0.396727
M1,dropped pixels,pool 2,train/Category-2_a_0020,object,1.34142,0.00137491,8.13014,32.7385,0.970326,1.15791,0.76469,0.933564,0.0665338,0.424617,0.67979,0.362152,0.697471,0.500652
M1,dropped pixels,pool 2,train/Category-2_a_0020,table,14.666,0.0842087,20.3374,41.0864,0.956703,1.77114,0.0532266,0.0148399,0.00113726,0.702881,0.554116,0.00964879,0.829792,0.0842201
M1,dropped pixels,pool 2,train/Category-2_a_0020,background,5.42953,0.0152524,8.44416,46.8445,0.983883,0.943076,0.337596,0.466443,0.0599215,0.894815,0.730257,0.211313,0.939349,0.429016
M1,dropped pixels,pool 4,train/Category-2_a_0020,full,5.20409,0.0209476,23.2939,27.1769,0.890783,2.20028,0.353166,0.350855,0.000424488,0.239229,0.48026,0.0374677,0.565006,0.141994
M1,dropped pixels,pool 4,train/Category-2_a_0020,object,2.54456,0.00659542,20.137,24.7896,0.834507,2.80652,0.60115,0.719088,0.00121582,0.159655,0.392386,0.0807009,0.497081,0.193306
M1,dropped pixels,pool 4,train/Category-2_a_0020,table,17.9553,0.12061,55.7566,34.2881,0.914615,2.50231,0.0275689,0.00240426,1e-06,0.476271,0.434264,0.0004047,0.695443,0.0156322
M1,dropped pixels,pool 4,train/Category-2_a_0020,background,6.58633,0.0217144,14.769,42.1453,0.973395,1.18912,0.267866,0.337659,0.00727722,0.738178,0.672755,0.086987,0.855787,0.263168
M1,dropped pixels,pool 8,train/Category-2_a_0020,full,6.56054,0.0326373,39.0878,22.2713,0.776769,3.67044,0.269252,0.195565,2.19517e-06,0.0757094,0.294205,0.00487124,0.426239,0.0431018
M1,dropped pixels,pool 8,train/Category-2_a_0020,object,4.22005,0.0209726,33.7105,19.9425,0.648261,5.12461,0.429983,0.350418,1.31798e-05,0,0.181191,0.0125694,0.32413,0.0584965
M1,dropped pixels,pool 8,train/Category-2_a_0020,table,20.1866,0.145906,158.336,26.5489,0.842326,3.71636,0.0176447,0.000678728,1e-06,0.218297,0.289736,0.00022879,0.530312,0.0100602
M1,dropped pixels,pool 8,train/Category-2_a_0020,background,7.25533,0.0262603,24.4731,37.625,0.963,1.39221,0.23432,0.269007,0.000286522,0.587499,0.62872,0.0262368,0.775249,0.138206
M2,dropped bands,every 10,train/Category-2_a_0020,full,3.75078,0.00626048,3.0937,41.7001,0.998196,2.58113,0.472293,0.731232,0.356567,0.723335,0.423002,0.497511,0.860766,0.588251
M2,dropped bands,every 10,train/Category-2_a_0020,object,0.996334,0.000781624,1.7748,50.4322,0.999626,0.511387,0.819331,0.961673,0.553441,1,0.843275,0.75832,0.999813,0.848777
M2,dropped bands,every 10,train/Category-2_a_0020,table,3.07175,0.00674768,4.5779,50.6716,0.995242,0.730121,0.540993,0.713635,0.217411,1,0.783978,0.437841,0.997621,0.637443
M2,dropped bands,every 10,train/Category-2_a_0020,background,8.19458,0.0147009,7.56869,37.651,0.996606,6.21115,0.19419,0.479484,0.0802269,0.588367,0.126137,0.195482,0.792486,0.298763
M2,dropped bands,every 4,train/Category-2_a_0020,full,2.96939,0.00525036,3.1928,46.9475,0.997811,1.22107,0.552181,0.769112,0.344981,0.89825,0.665628,0.527176,0.948031,0.670425
M2,dropped bands,every 4,train/Category-2_a_0020,object,1.11579,0.000737629,2.29903,53.0677,0.999478,0.322806,0.799989,0.96379,0.464709,1,0.897985,0.710258,0.999739,0.829199
M2,dropped bands,every 4,train/Category-2_a_0020,table,6.94193,0.0236945,8.19466,48.5372,0.991602,0.958202,0.249478,0.305831,0.065118,0.951241,0.726584,0.170636,0.971422,0.389782
M2,dropped bands,every 4,train/Category-2_a_0020,background,4.99893,0.00828831,6.91148,43.4349,0.996557,2.67925,0.367958,0.660726,0.0998758,0.781165,0.409391,0.289574,0.888861,0.45164
M2,dropped bands,every 2,train/Category-2_a_0020,full,5.45342,0.0146686,4.6348,42.1986,0.99565,2.41337,0.335987,0.480259,0.213326,0.739953,0.447331,0.325297,0.867802,0.481041
M2,dropped bands,every 2,train/Category-2_a_0020,object,1.60281,0.00159781,3.04043,47.8098,0.998684,0.57707,0.725742,0.923218,0.362955,0.926992,0.825013,0.624185,0.962838,0.757477
M2,dropped bands,every 2,train/Category-2_a_0020,table,10.9585,0.0493677,12.0399,45.6611,0.984406,1.33921,0.111726,0.0847216,0.0180734,0.85537,0.639925,0.0555131,0.919888,0.214005
M2,dropped bands,every 2,train/Category-2_a_0020,background,10.2655,0.0275294,11.9974,38.6758,0.993356,5.51072,0.128337,0.252468,0.0183315,0.622525,0.15931,0.0840591,0.807941,0.204273
M3,low-rank,k=30,train/Category-2_a_0020,full,1.26057,0.00331373,1.3949,77.2662,0.999993,0.0205834,0.777156,0.847312,0.628157,1,0.993162,0.745086,0.999997,0.862295
M3,low-rank,k=30,train/Category-2_a_0020,object,0.412294,0.000202596,1.15343,77.124,0.999998,0.0108237,0.920849,0.989921,0.680807,1,0.996399,0.852978,0.999999,0.923068
M3,low-rank,k=30,train/Category-2_a_0020,table,5.3542,0.0251829,7.69387,72.7288,0.999964,0.0603574,0.34272,0.283897,0.0769482,1,0.980082,0.195629,0.999982,0.440964
M3,low-rank,k=30,train/Category-2_a_0020,background,1.6957,0.0034224,2.74444,79.876,0.999992,0.0271785,0.712383,0.842721,0.400592,1,0.990981,0.62187,0.999996,0.787515
M3,low-rank,k=12,train/Category-2_a_0020,full,3.53036,0.0302623,4.17925,48.7158,0.997551,0.582195,0.493579,0.220223,0.248308,0.957195,0.823604,0.299965,0.977373,0.527733
M3,low-rank,k=12,train/Category-2_a_0020,object,1.43911,0.00168106,3.4291,48.3508,0.998937,0.417798,0.749896,0.919382,0.31885,0.945027,0.869997,0.603524,0.971982,0.753278
M3,low-rank,k=12,train/Category-2_a_0020,table,14.3982,0.238636,17.7106,44.1407,0.990007,1.7128,0.0561545,6.57783e-06,0.00272982,0.804691,0.564999,0.00100277,0.897349,0.0279862
M3,low-rank,k=12,train/Category-2_a_0020,background,4.43475,0.0296407,7.00951,52.1063,0.997026,0.59336,0.41191,0.227175,0.096665,1,0.820545,0.208358,0.998513,0.442889
M3,low-rank,k=8,train/Category-2_a_0020,full,5.28089,0.0866227,8.12532,36.5761,0.973028,2.36353,0.347783,0.0131526,0.0666407,0.552538,0.454824,0.0673008,0.762783,0.209666
M3,low-rank,k=8,train/Category-2_a_0020,object,2.64498,0.0121292,6.85274,36.4902,0.990811,1.94049,0.589196,0.545278,0.101851,0.549672,0.523704,0.319851,0.770241,0.468442
M3,low-rank,k=8,train/Category-2_a_0020,table,21.506,0.66389,25.3934,30.5451,0.818407,9.28361,0.0135524,1e-06,0.000210826,0.351504,0.045296,0.000141899,0.584956,0.00620715
M3,low-rank,k=8,train/Category-2_a_0020,background,5.87267,0.0775908,8.70869,41.5803,0.978833,1.5222,0.308963,0.0206604,0.0548641,0.719343,0.602059,0.0704873,0.849088,0.232346
M3,low-rank,k=4,train/Category-2_a_0020,full,9.7524,0.342272,18.6469,33.2413,0.969746,4.73125,0.142206,1e-06,0.00199796,0.441377,0.206577,0.000657407,0.705562,0.0179129
M3,low-rank,k=4,train/Category-2_a_0020,object,5.58387,0.085644,15.8731,32.3992,0.989487,6.21963,0.327334,0.0138122,0.00503662,0.413306,0.125782,0.0283442,0.701396,0.108959
M3,low-rank,k=4,train/Category-2_a_0020,table,38.4435,2.66645,60.0201,29.3519,0.864763,6.33452,0.000457974,1e-06,1e-06,0.311732,0.121056,7.70809e-06,0.588247,0.00167984
M3,low-rank,k=4,train/Category-2_a_0020,background,10.0305,0.238374,13.5645,37.7767,0.961728,2.06183,0.134511,6.66454e-06,0.0108728,0.592555,0.502944,0.00213611,0.777142,0.0381693
M3,low-rank,k=2,train/Category-2_a_0020,full,16.7888,0.533616,63.3685,13.9008,0.790437,17.4111,0.034813,1e-06,1e-06,0,0.0030164,3.26523e-05,0.395218,0.00172891
M3,low-rank,k=2,train/Category-2_a_0020,object,17.0502,0.310055,54.7427,11.4176,0.666699,27.684,0.0330396,1e-06,1e-06,0,9.82502e-05,3.20882e-05,0.33335,0.000966134
M3,low-rank,k=2,train/Category-2_a_0020,table,39.0764,3.31794,63.7895,29.7473,0.870018,5.40032,0.000403525,1e-06,1e-06,0.32491,0.165281,7.38964e-06,0.597464,0.00173282
M3,low-rank,k=2,train/Category-2_a_0020,background,11.5461,0.278317,15.9964,34.8961,0.966183,3.99256,0.0993384,1e-06,0.00483373,0.496535,0.264251,0.000783069,0.731359,0.0205423
M4,added noise,sigma 0.001,train/Category-2_a_0020,full,0.962159,0.00782357,0.539478,57.6095,0.998683,0.217876,0.824951,0.67626,0.835415,1,0.929949,0.77532,0.999341,0.870782
M4,added noise,sigma 0.001,train/Category-2_a_0020,object,0.163285,3.24881e-05,0.350436,63.5716,0.999879,0.0744505,0.96787,0.998377,0.889752,1,0.975489,0.950883,0.999939,0.971488
M4,added noise,sigma 0.001,train/Category-2_a_0020,table,4.79035,0.0634775,6.43644,49.8138,0.991673,0.754831,0.383632,0.0418411,0.117012,0.993794,0.777548,0.123381,0.992733,0.337384
M4,added noise,sigma 0.001,train/Category-2_a_0020,background,1.3778,0.00790307,2.0469,57.2927,0.998339,0.325112,0.759146,0.673577,0.505452,1,0.897295,0.636988,0.999169,0.785018
M4,added noise,sigma 0.003,train/Category-2_a_0020,full,2.75209,0.075505,1.61276,48.4204,0.989834,0.641946,0.576709,0.0229313,0.584156,0.947346,0.807363,0.197684,0.96859,0.42579
M4,added noise,sigma 0.003,train/Category-2_a_0020,object,0.489999,0.00029427,1.05148,54.1364,0.998926,0.223527,0.906649,0.985394,0.70434,1,0.928199,0.856927,0.999463,0.915243
M4,added noise,sigma 0.003,train/Category-2_a_0020,table,13.1964,0.637252,18.7332,40.7125,0.938612,2.17489,0.0714129,1e-06,0.00194131,0.690415,0.484342,0.000517555,0.814514,0.0189918
M4,added noise,sigma 0.003,train/Category-2_a_0020,background,4.01485,0.0709588,6.11987,48.0912,0.986764,0.962061,0.447996,0.0287839,0.130035,0.936373,0.72565,0.118803,0.961569,0.324016
M4,added noise,sigma 0.01,train/Category-2_a_0020,full,7.71832,0.401936,5.32354,38.9255,0.932714,1.98033,0.213597,1e-06,0.169566,0.630851,0.516794,0.0033086,0.781782,0.0477969
M4,added noise,sigma 0.01,train/Category-2_a_0020,object,1.62963,0.00387186,3.50368,44.0168,0.988813,0.741176,0.721859,0.823993,0.311022,0.80056,0.781095,0.5698,0.894686,0.699603
M4,added noise,sigma 0.01,train/Category-2_a_0020,table,30.6901,3.6115,55.6571,31.7775,0.71031,5.87068,0.00215919,1e-06,1e-06,0.392582,0.141297,1.2925e-05,0.551446,0.00217651
M4,added noise,sigma 0.01,train/Category-2_a_0020,background,12.2323,0.326584,20.2649,38.2481,0.893455,3.06925,0.0865996,1e-06,0.00116509,0.60827,0.359484,0.000465541,0.750862,0.0167408
M4,added noise,sigma 0.03,train/Category-2_a_0020,full,16.8935,1.3869,15.3773,30.6103,0.743743,4.86906,0.0340915,1e-06,0.00594165,0.353678,0.197302,0.000587288,0.54871,0.015398
M4,added noise,sigma 0.03,train/Category-2_a_0020,object,4.72964,0.0870634,10.2828,35.0305,0.92012,2.18267,0.388319,0.012866,0.0324644,0.501016,0.483087,0.0545355,0.710568,0.185783
M4,added noise,sigma 0.03,train/Category-2_a_0020,table,47.1498,7.60645,148.576,24.2695,0.402837,11.1395,8.02824e-05,1e-06,1e-06,0.142317,0.0244003,4.31393e-06,0.272577,0.000755035
M4,added noise,sigma 0.03,train/Category-2_a_0020,background,29.3036,2.06521,57.1237,29.5419,0.542577,7.69912,0.00284921,1e-06,1e-06,0.318064,0.0768136,1.41767e-05,0.43032,0.00190735
M4,added noise,sigma 0.05,train/Category-2_a_0020,full,22.042,2.45172,24.4878,26.9324,0.600546,6.89201,0.0121747,1e-06,0.000285119,0.23108,0.100526,0.000151412,0.415813,0.00641264
M4,added noise,sigma 0.05,train/Category-2_a_0020,object,7.48064,0.249765,16.6827,30.623,0.803832,3.55086,0.223996,3.77068e-06,0.00384536,0.3541,0.306169,0.00148092,0.578966,0.0266127
M4,added noise,sigma 0.05,train/Category-2_a_0020,table,52.6095,9.16804,239.684,20.9396,0.280469,14.0054,2.69397e-05,1e-06,1e-06,0.0313206,0.00938669,2.99777e-06,0.155895,0.000448505
M4,added noise,sigma 0.05,train/Category-2_a_0020,background,38.1241,4.42941,87.1791,25.9711,0.352889,10.5605,0.000488183,1e-06,1e-06,0.199038,0.0295943,7.87398e-06,0.275964,0.00105457
M5,smoothing,sigma 0.5px,train/Category-2_a_0020,full,1.4181,0.00234278,2.42312,46.6102,0.997752,0.34083,0.753053,0.889461,0.44588,0.887008,0.892606,0.668431,0.94238,0.787239
M5,smoothing,sigma 0.5px,train/Category-2_a_0020,object,0.425051,0.000132857,2.04919,44.4189,0.998066,0.30125,0.918503,0.993379,0.505068,0.813964,0.904461,0.772411,0.906015,0.836335
M5,smoothing,sigma 0.5px,train/Category-2_a_0020,table,5.56525,0.0161775,6.12991,50.7889,0.994503,0.631852,0.328555,0.44536,0.1296,1,0.810084,0.26667,0.997251,0.49986
M5,smoothing,sigma 0.5px,train/Category-2_a_0020,background,2.06743,0.00278868,2.97923,56.1815,0.997968,0.339434,0.661341,0.86985,0.370436,1,0.893021,0.597302,0.998984,0.759577
M5,smoothing,sigma 1px,train/Category-2_a_0020,full,3.62787,0.0115613,8.96024,35.4089,0.977071,1.05988,0.484047,0.560983,0.0504513,0.513629,0.70237,0.239278,0.74535,0.418565
M5,smoothing,sigma 1px,train/Category-2_a_0020,object,1.26767,0.00124303,7.6905,33.0907,0.973576,1.09637,0.776053,0.939741,0.0770347,0.436355,0.693879,0.382997,0.704966,0.518381
M5,smoothing,sigma 1px,train/Category-2_a_0020,table,13.7939,0.0758639,19.4638,41.4937,0.960939,1.65817,0.0633688,0.0225235,0.00152168,0.716455,0.57538,0.0129502,0.838697,0.0984904
M5,smoothing,sigma 1px,train/Category-2_a_0020,background,5.10402,0.0137066,7.99825,47.3992,0.986023,0.873179,0.360305,0.503924,0.0695239,0.913308,0.747471,0.23284,0.949666,0.453646
M5,smoothing,sigma 2px,train/Category-2_a_0020,full,5.0404,0.0196934,21.4885,27.7893,0.904154,2.10269,0.364919,0.373562,0.000774853,0.259643,0.49614,0.0472708,0.581898,0.161932
M5,smoothing,sigma 2px,train/Category-2_a_0020,object,2.42956,0.00582786,18.5716,25.4063,0.856524,2.66555,0.615136,0.747222,0.00204876,0.180209,0.411265,0.0980176,0.518366,0.217717
M5,smoothing,sigma 2px,train/Category-2_a_0020,table,17.4939,0.114865,51.5396,34.6764,0.919909,2.42606,0.0302341,0.00320429,1e-06,0.489213,0.445442,0.000459278,0.704561,0.016793
M5,smoothing,sigma 2px,train/Category-2_a_0020,background,6.41127,0.0206754,13.8158,42.7052,0.975031,1.15457,0.277411,0.355664,0.00999912,0.756839,0.680548,0.0995502,0.865935,0.283185
M5,smoothing,sigma 4px,train/Category-2_a_0020,full,6.41845,0.0309749,36.8847,22.7389,0.792056,3.54,0.277013,0.212515,4.57502e-06,0.0912968,0.307279,0.00645794,0.441677,0.0505782
M5,smoothing,sigma 4px,train/Category-2_a_0020,object,4.08361,0.0190239,31.8156,20.4085,0.673333,4.91861,0.441878,0.38628,2.47865e-05,0.0136175,0.19407,0.0161736,0.343475,0.0684164
M5,smoothing,sigma 4px,train/Category-2_a_0020,table,19.931,0.142465,133.809,27.1654,0.851521,3.62923,0.0185702,0.000806136,1e-06,0.238847,0.298274,0.000246457,0.545184,0.010589
M5,smoothing,sigma 4px,train/Category-2_a_0020,background,7.12909,0.0254303,24.3569,37.8382,0.964345,1.37022,0.240312,0.280407,0.000297838,0.594606,0.633345,0.0271757,0.779476,0.141081
M6,destriping,own profile,train/Category-2_a_0020,full,6.63659,0.399491,7.67296,31.272,0.907232,2.00677,0.265187,1e-06,0.0774863,0.375732,0.512259,0.002739,0.641482,0.0405261
M6,destriping,own profile,train/Category-2_a_0020,object,1.49118,0.0131852,5.37903,34.7837,0.975111,1.09927,0.742126,0.517235,0.166459,0.492789,0.69321,0.399783,0.73395,0.537063
M6,destriping,own profile,train/Category-2_a_0020,table,28.6712,3.08969,72.2815,25.8498,0.66144,5.05024,0.00323331,1e-06,1e-06,0.194995,0.185739,1.47871e-05,0.428217,0.00222003
M6,destriping,own profile,train/Category-2_a_0020,background,9.8825,0.418466,26.2958,30.047,0.854674,2.7621,0.138553,1e-06,0.000156058,0.3349,0.39824,0.000278592,0.594787,0.0121208
M6,destriping,train template,train/Category-2_a_0020,full,4.25296,0.037177,2.70385,46.3161,0.987014,0.718162,0.427162,0.155852,0.406049,0.877204,0.78711,0.300119,0.932109,0.515663
M6,destriping,train template,train/Category-2_a_0020,object,0.770506,0.000530736,1.80535,53.3554,0.998314,0.278159,0.857185,0.973812,0.547833,1,0.911449,0.770429,0.999157,0.865362
M6,destriping,train template,train/Category-2_a_0020,table,19.9074,0.297801,17.8714,38.9028,0.930651,2.25192,0.0186581,1e-06,0.00258729,0.630093,0.472064,0.000364114,0.780372,0.0156324
M6,destriping,train template,train/Category-2_a_0020,background,6.28903,0.0378007,8.52872,45.2694,0.981616,1.07177,0.284277,0.151067,0.0582561,0.842313,0.699593,0.135753,0.911965,0.338138
M7,gain error,global +1%,train/Category-2_a_0020,full,0.0187377,1.72035e-08,1.475,54.2278,0.999984,0.161483,0.996259,0.999999,0.611606,1,0.947595,0.847776,0.999992,0.913341
M7,gain error,global +1%,train/Category-2_a_0020,object,0.00602272,1.64284e-08,1.22814,52.5732,0.999984,0.206263,0.998796,0.999999,0.664062,1,0.933556,0.872091,0.999992,0.924274
M7,gain error,global +1%,train/Category-2_a_0020,table,0.0878974,1.74492e-08,1.69652,62.1936,0.999974,0.0654488,0.982574,0.999999,0.568072,1,0.97842,0.82336,0.999987,0.904423
M7,gain error,global +1%,train/Category-2_a_0020,background,0.0235678,1.83593e-08,1.32612,57.6097,0.999986,0.112467,0.995298,0.999999,0.642725,1,0.963205,0.86164,0.999993,0.923038
M7,gain error,global -1%,train/Category-2_a_0020,full,0.018847,1.71963e-08,1.475,54.175,0.999984,0.162487,0.996238,0.999999,0.611606,1,0.947278,0.84777,0.999992,0.913292
M7,gain error,global -1%,train/Category-2_a_0020,object,0.00602671,1.64201e-08,1.22814,52.5201,0.999984,0.207639,0.998795,0.999999,0.664062,1,0.933128,0.872091,0.999992,0.92421
M7,gain error,global -1%,train/Category-2_a_0020,table,0.0888065,1.74318e-08,1.69652,62.1435,0.999973,0.0658526,0.982396,0.999999,0.568072,1,0.978288,0.82331,0.999987,0.904377
M7,gain error,global -1%,train/Category-2_a_0020,background,0.023668,1.8356e-08,1.32612,57.5585,0.999985,0.113019,0.995278,0.999999,0.642725,1,0.963028,0.861634,0.999993,0.92301
M7,gain error,global +3%,train/Category-2_a_0020,full,0.0186482,1.7193e-08,4.42501,44.7398,0.999862,0.4812,0.996277,0.999999,0.228778,0.824661,0.851803,0.610846,0.912261,0.738854
M7,gain error,global +3%,train/Category-2_a_0020,object,0.00605893,1.64193e-08,3.68441,43.0858,0.999866,0.614298,0.998789,0.999999,0.292838,0.769526,0.814838,0.663794,0.884696,0.756929
M7,gain error,global +3%,train/Category-2_a_0020,table,0.0869994,1.74177e-08,5.08956,52.7006,0.999769,0.19515,0.982751,0.999999,0.18332,1,0.937021,0.564787,0.999885,0.744196
M7,gain error,global +3%,train/Category-2_a_0020,background,0.0234578,1.8351e-08,3.97835,48.1199,0.999875,0.335643,0.995319,0.999999,0.265506,0.937329,0.894151,0.64172,0.968602,0.778996
M7,gain error,global -3%,train/Category-2_a_0020,full,0.018922,1.72123e-08,4.42501,44.5784,0.999858,0.490165,0.996223,0.999999,0.228778,0.819279,0.849261,0.610835,0.909569,0.737752
M7,gain error,global -3%,train/Category-2_a_0020,object,0.00596841,1.64335e-08,3.68441,42.9231,0.999867,0.626545,0.998807,0.999999,0.292838,0.764104,0.811518,0.663798,0.881985,0.755656
M7,gain error,global -3%,train/Category-2_a_0020,table,0.0897208,1.74356e-08,5.08956,52.5502,0.999753,0.198783,0.982216,0.999999,0.18332,1,0.935887,0.564684,0.999876,0.743991
M7,gain error,global -3%,train/Category-2_a_0020,background,0.0237688,1.83789e-08,3.97835,47.9637,0.999866,0.340645,0.995258,0.999999,0.265506,0.932124,0.892661,0.641707,0.965995,0.778059
M7,gain error,global +10%,train/Category-2_a_0020,full,0.0182326,1.71982e-08,14.75,34.4675,0.998554,1.56833,0.99636,0.999999,0.0073234,0.482249,0.592871,0.193959,0.740402,0.366532
M7,gain error,global +10%,train/Category-2_a_0020,object,0.00598122,1.64389e-08,12.2814,32.8164,0.998587,1.99805,0.998804,0.999999,0.0166758,0.427215,0.513751,0.255381,0.712901,0.406226
M7,gain error,global +10%,train/Category-2_a_0020,table,0.084178,1.74418e-08,16.9652,42.4104,0.997634,0.636929,0.983305,0.999999,0.00349972,0.747012,0.808714,0.150976,0.872323,0.358806
M7,gain error,global +10%,train/Category-2_a_0020,background,0.0230368,1.83298e-08,13.2612,37.8338,0.998704,1.1001,0.995403,0.999999,0.0120295,0.594461,0.693017,0.228779,0.796582,0.418071
M7,gain error,global -10%,train/Category-2_a_0020,full,0.019391,1.72461e-08,14.75,33.9305,0.998308,1.67317,0.996129,0.999999,0.0073234,0.464351,0.572512,0.193944,0.73133,0.363032
M7,gain error,global -10%,train/Category-2_a_0020,object,0.00602615,1.64775e-08,12.2814,32.2746,0.998435,2.14271,0.998795,0.999999,0.0166758,0.409154,0.489566,0.255381,0.703795,0.401487
M7,gain error,global -10%,train/Category-2_a_0020,table,0.093173,1.74626e-08,16.9652,41.9082,0.997008,0.677329,0.981538,0.999999,0.00349972,0.730273,0.797897,0.150885,0.86364,0.356724
M7,gain error,global -10%,train/Category-2_a_0020,background,0.0242322,1.83981e-08,13.2612,37.3186,0.998392,1.15679,0.995165,0.999999,0.0120295,0.577286,0.680044,0.22876,0.787839,0.415264
M7,gain error,per band 1%,train/Category-2_a_0020,full,0.552959,9.70085e-05,1.475,55.1484,0.999973,0.516135,0.895304,0.995161,0.611606,1,0.841941,0.816793,0.999987,0.880737
M7,gain error,per band 1%,train/Category-2_a_0020,object,0.566348,9.83399e-05,1.22814,53.3425,0.999962,0.578355,0.89291,0.995095,0.664062,1,0.824659,0.838739,0.999981,0.889717
M7,gain error,per band 1%,train/Category-2_a_0020,table,0.503491,9.35733e-05,1.69652,64.1183,0.99998,0.261944,0.904206,0.995332,0.568072,1,0.916389,0.799613,0.99999,0.882572
M7,gain error,per band 1%,train/Category-2_a_0020,background,0.542806,9.56769e-05,1.32612,59.2922,0.999989,0.474226,0.897124,0.995228,0.642725,1,0.853786,0.830998,0.999995,0.890228
M7,gain error,per band 3%,train/Category-2_a_0020,full,1.64816,0.000870597,4.42501,45.6377,0.999768,1.52505,0.719188,0.957404,0.228778,0.854591,0.601486,0.540071,0.927179,0.663157
M7,gain error,per band 3%,train/Category-2_a_0020,object,1.6942,0.000883196,3.68441,43.8345,0.999672,1.70552,0.712597,0.956801,0.292838,0.794483,0.566371,0.584473,0.897078,0.67583
M7,gain error,per band 3%,train/Category-2_a_0020,table,1.46963,0.000838504,5.08956,54.5952,0.999825,0.789595,0.745331,0.958941,0.18332,1,0.768589,0.507907,0.999913,0.685067
M7,gain error,per band 3%,train/Category-2_a_0020,background,1.61508,0.000857908,3.97835,49.7658,0.999903,1.40311,0.723962,0.958012,0.265506,0.992194,0.62644,0.568923,0.996049,0.702194
M7,gain error,per band 10%,train/Category-2_a_0020,full,5.40061,0.00959872,14.75,35.2857,0.997761,4.80453,0.339554,0.618823,0.0073234,0.509523,0.201592,0.115451,0.753642,0.242034
M7,gain error,per band 10%,train/Category-2_a_0020,object,5.58079,0.00976228,12.2814,33.4928,0.99695,5.35815,0.327536,0.613783,0.0166758,0.449761,0.167621,0.149665,0.723356,0.26423
M7,gain error,per band 10%,train/Category-2_a_0020,table,4.74632,0.00919725,16.9652,44.1958,0.998154,2.64845,0.387026,0.631371,0.00349972,0.806528,0.413616,0.0949189,0.902341,0.260343
M7,gain error,per band 10%,train/Category-2_a_0020,background,5.2615,0.00943068,13.2612,39.3544,0.998942,4.40868,0.349134,0.624044,0.0120295,0.645147,0.230026,0.137875,0.822044,0.278114
M8,zero-clamping,zero <0.001,train/Category-2_a_0020,full,0.0496762,0.00657692,0.0172446,73.081,0.999946,0.00321932,0.990114,0.719754,0.994268,1,0.998927,0.891506,0.999973,0.944035
M8,zero-clamping,zero <0.001,train/Category-2_a_0020,object,0.0056576,1.74668e-09,9.11435e-06,120,0.999999,6.99782e-10,0.998869,1,0.999997,1,1,0.999622,0.999999,0.999811
M8,zero-clamping,zero <0.001,train/Category-2_a_0020,table,0.341501,0.0544896,0.535931,63.8079,0.9995,0.0256071,0.93398,0.0655802,0.836404,1,0.991501,0.3714,0.99975,0.608593
M8,zero-clamping,zero <0.001,train/Category-2_a_0020,background,0.0550309,0.00644189,0.0612831,73.3415,0.99996,0.00338425,0.989054,0.72463,0.97978,1,0.998873,0.888836,0.99998,0.942615
M8,zero-clamping,zero <0.003,train/Category-2_a_0020,full,0.370745,0.126988,0.133743,53.3447,0.996249,0.0435082,0.928533,0.0017478,0.956398,1,0.985602,0.115782,0.998125,0.339306
M8,zero-clamping,zero <0.003,train/Category-2_a_0020,object,0.00566435,3.47363e-07,0.000511072,120,0.999999,1.41111e-07,0.998868,0.999983,0.99983,1,1,0.99956,0.999999,0.99978
M8,zero-clamping,zero <0.003,train/Category-2_a_0020,table,3.02607,1.02076,4.44079,44.3992,0.970122,0.347723,0.545958,1e-06,0.227578,0.813307,0.890557,0.00498995,0.891715,0.0666924
M8,zero-clamping,zero <0.003,train/Category-2_a_0020,background,0.364178,0.131177,0.495808,53.0302,0.996068,0.0453787,0.929754,0.00141748,0.847665,1,0.984988,0.103762,0.998034,0.321169
M8,zero-clamping,zero <0.01,train/Category-2_a_0020,full,2.44114,1.03806,0.754278,37.9608,0.961824,0.301617,0.613713,1e-06,0.777691,0.598694,0.90435,0.00781491,0.780259,0.0798355
M8,zero-clamping,zero <0.01,train/Category-2_a_0020,object,0.00607079,2.2009e-05,0.00629558,109.489,0.999999,9.42758e-06,0.998787,0.9989,0.997904,1,0.999997,0.99853,0.999999,0.999264
M8,zero-clamping,zero <0.01,train/Category-2_a_0020,table,23.5205,9.83943,29.8722,27.9645,0.635199,2.96793,0.00905798,1e-06,4.73762e-05,0.265482,0.371833,7.54276e-05,0.450341,0.00566313
M8,zero-clamping,zero <0.01,train/Category-2_a_0020,background,1.66659,0.747891,2.22616,40.1129,0.973135,0.193657,0.716542,1e-06,0.476135,0.670429,0.937487,0.00698753,0.821782,0.0772897
M8,zero-clamping,zero <0.02,train/Category-2_a_0020,full,4.43361,1.73461,1.43418,33.1224,0.933425,0.55302,0.412004,1e-06,0.619985,0.437414,0.831653,0.00634494,0.685419,0.0678875
M8,zero-clamping,zero <0.02,train/Category-2_a_0020,object,0.0289703,0.00299668,0.30263,69.3488,0.999958,0.00177823,0.994223,0.860851,0.904044,1,0.999407,0.918052,0.999979,0.958058
M8,zero-clamping,zero <0.02,train/Category-2_a_0020,table,42.5201,16.9848,54.2464,22.9006,0.339325,5.34843,0.000202654,1e-06,1e-06,0.0966872,0.168165,5.87379e-06,0.218006,0.00108839
M8,zero-clamping,zero <0.02,train/Category-2_a_0020,background,3.04183,1.12733,4.06443,36.1906,0.958525,0.372572,0.544239,1e-06,0.257996,0.539687,0.883212,0.00519758,0.749106,0.0639588
M8,zero-clamping,floor 0.005,train/Category-2_a_0020,full,0.521743,0.0059534,0.224706,47.828,0.995508,0.0829331,0.900911,0.742546,0.927834,0.9276,0.972734,0.853019,0.961554,0.907234
M8,zero-clamping,floor 0.005,train/Category-2_a_0020,object,0.00567416,3.45085e-08,0.000796177,120,0.999999,3.75861e-07,0.998866,0.999998,0.999735,1,1,0.999533,0.999999,0.999766
M8,zero-clamping,floor 0.005,train/Category-2_a_0020,table,4.28679,0.0469788,7.29601,38.8205,0.963224,0.665702,0.424281,0.0954705,0.0878607,0.627349,0.800995,0.152677,0.795287,0.34883
M8,zero-clamping,floor 0.005,train/Category-2_a_0020,background,0.509952,0.00633984,0.822469,47.6136,0.995507,0.0858716,0.903038,0.728336,0.760213,0.920453,0.971782,0.793703,0.95798,0.873854
M8,zero-clamping,floor 0.02,train/Category-2_a_0020,full,2.43742,0.0262644,2.06033,33.0588,0.973104,0.678781,0.61417,0.268952,0.503195,0.435294,0.79751,0.436415,0.704199,0.564812
M8,zero-clamping,floor 0.02,train/Category-2_a_0020,object,0.00910631,5.10381e-06,0.0366863,87.5354,0.999998,0.000189914,0.99818,0.999745,0.987846,1,0.999937,0.995243,0.999999,0.997609
M8,zero-clamping,floor 0.02,train/Category-2_a_0020,table,21.8616,0.220525,75.2628,23.5568,0.757724,6.24497,0.0126219,1.62691e-05,1e-06,0.118561,0.124723,5.8997e-05,0.438142,0.00421087
M8,zero-clamping,floor 0.02,train/Category-2_a_0020,background,2.01139,0.0250827,6.89463,33.8034,0.977879,0.529769,0.668795,0.285322,0.100439,0.460113,0.838124,0.267615,0.718996,0.448854
M9,constant,zeros,train/Category-2_a_0020,full,90,23.6727,147.5,7.50942,0.0680286,33.8512,1e-06,1e-06,1e-06,0,1.2576e-05,1e-06,0.0340143,5.63655e-05
M9,constant,zeros,train/Category-2_a_0020,object,90,23.7281,122.814,5.70747,0.116393,46.7656,1e-06,1e-06,1e-06,0,1e-06,1e-06,0.0581966,4.6528e-05
M9,constant,zeros,train/Category-2_a_0020,table,90,23.7149,169.652,17.1305,0.0191065,9.4146,1e-06,1e-06,1e-06,0,0.0433608,1e-06,0.00955326,0.000122636
M9,constant,zeros,train/Category-2_a_0020,background,90,23.577,132.612,11.5862,0.00320068,19.0078,1e-06,1e-06,1e-06,0,0.00177148,1e-06,0.00160034,4.06186e-05
M9,constant,train mean,train/Category-2_a_0020,full,23.5386,0.297147,117.091,12.731,0.573704,20.7225,0.00902526,1e-06,1e-06,0,0.00100025,2.08203e-05,0.286852,0.00104578
M9,constant,train mean,train/Category-2_a_0020,object,25.3147,0.405866,94.5669,11.4411,0.415764,25.6184,0.00632692,1e-06,1e-06,0,0.000195594,1.84954e-05,0.207882,0.0006894
M9,constant,train mean,train/Category-2_a_0020,table,34.7923,0.37782,791.588,11.1583,0.375119,25.1221,0.000950564,1e-06,1e-06,0,0.000230783,9.83242e-06,0.187559,0.000497061
M9,constant,train mean,train/Category-2_a_0020,background,18.3269,0.110061,194.856,17.0977,0.863144,12.1313,0.0255942,0.00407435,1e-06,0,0.0175314,0.000470688,0.431572,0.00881471
M9,constant,ones,train/Category-2_a_0020,full,25.6141,0.339182,462.687,3.34051,0.375196,49.7043,0.00595925,1e-06,1e-06,0,1e-06,1.813e-05,0.187598,0.00029842
M9,constant,ones,train/Category-2_a_0020,object,29.1986,0.4874,273.062,4.45532,0.353985,37.5528,0.00290967,1e-06,1e-06,0,3.66169e-06,1.42763e-05,0.176992,0.000315242
M9,constant,ones,train/Category-2_a_0020,table,33.386,0.350245,6368.11,1.046,0.159309,85.7626,0.00125929,1e-06,1e-06,0,1e-06,1.07988e-05,0.0796544,0.000170652
M9,constant,ones,train/Category-2_a_0020,background,18.3368,0.105585,1951.12,2.54099,0.455115,60.8363,0.025544,0.00509629,1e-06,0,1e-06,0.000506813,0.227558,0.00168813
M1,dropped pixels,drop 0.01,train/Category-2_a_0028,full,0.0431953,0.00010185,0.242122,66.4346,0.999895,0.00540204,0.991398,0.99492,0.922464,1,0.998201,0.969011,0.999948,0.9841
M1,dropped pixels,drop 0.01,train/Category-2_a_0028,object,0.0106009,2.26543e-06,0.20314,66.7455,0.999929,0.00305344,0.997882,0.999887,0.934528,1,0.998983,0.976954,0.999964,0.988247
M1,dropped pixels,drop 0.01,train/Category-2_a_0028,table,0.224744,0.000769007,1.43594,63.101,0.999678,0.0159306,0.956046,0.962279,0.619621,1,0.994704,0.829155,0.999839,0.909803
M1,dropped pixels,drop 0.01,train/Category-2_a_0028,background,0.0747426,0.000162709,0.534418,67.277,0.999873,0.00848161,0.985163,0.991898,0.836826,1,0.997177,0.935126,0.999937,0.966587
M1,dropped pixels,drop 0.1,train/Category-2_a_0028,full,0.283098,0.000991271,0.768031,56.3411,0.998961,0.0532225,0.944953,0.951645,0.774134,1,0.982416,0.886272,0.999481,0.938748
M1,dropped pixels,drop 0.1,train/Category-2_a_0028,object,0.0585169,2.31689e-05,0.644983,56.6594,0.999304,0.0302398,0.988365,0.998842,0.806546,1,0.989971,0.926861,0.999652,0.961164
M1,dropped pixels,drop 0.1,train/Category-2_a_0028,table,1.45095,0.00738308,4.48312,53.3378,0.996949,0.152258,0.748122,0.691319,0.224389,1,0.950514,0.487773,0.998475,0.69274
M1,dropped pixels,drop 0.1,train/Category-2_a_0028,background,0.526699,0.00161256,1.68718,56.9067,0.998663,0.0846198,0.900019,0.922537,0.569843,1,0.972187,0.779226,0.999332,0.878805
M1,dropped pixels,drop 0.5,train/Category-2_a_0028,full,1.35323,0.00497867,1.7202,49.3641,0.994718,0.267103,0.762886,0.779632,0.563606,0.978803,0.914814,0.694664,0.98676,0.818581
M1,dropped pixels,drop 0.5,train/Category-2_a_0028,object,0.272469,0.000115255,1.44355,49.672,0.996494,0.152162,0.946964,0.994254,0.618051,0.989067,0.950544,0.834869,0.99278,0.90449
M1,dropped pixels,drop 0.5,train/Category-2_a_0028,table,6.95182,0.0373278,10.1521,46.286,0.984155,0.77547,0.248985,0.154681,0.0339104,0.876199,0.772217,0.109307,0.930177,0.310086
M1,dropped pixels,drop 0.5,train/Category-2_a_0028,background,2.53233,0.00802436,3.80815,50.0148,0.993211,0.42,0.602621,0.669504,0.281005,1,0.869358,0.483991,0.996605,0.680427
M1,dropped pixels,pool 2,train/Category-2_a_0028,full,2.83296,0.0108149,3.40581,42.819,0.984521,0.673135,0.567456,0.582314,0.321335,0.760635,0.799013,0.473532,0.872578,0.634365
M1,dropped pixels,pool 2,train/Category-2_a_0028,object,0.602245,0.000291165,2.95067,42.5026,0.988997,0.441882,0.886522,0.985547,0.373979,0.750085,0.86304,0.688765,0.869541,0.773022
M1,dropped pixels,pool 2,train/Category-2_a_0028,table,14.3516,0.0811171,19.3009,41.2108,0.95661,1.74809,0.056681,0.0173207,0.0016066,0.707026,0.558391,0.0116405,0.831818,0.0926906
M1,dropped pixels,pool 2,train/Category-2_a_0028,background,5.2783,0.0173095,6.70266,44.6748,0.98113,0.964275,0.347962,0.420851,0.107076,0.822492,0.725115,0.250294,0.901811,0.459808
M1,dropped pixels,pool 4,train/Category-2_a_0028,full,3.58115,0.0157676,8.35634,34.775,0.958182,1.20381,0.48859,0.454581,0.0617015,0.4925,0.669469,0.239304,0.725341,0.411647
M1,dropped pixels,pool 4,train/Category-2_a_0028,object,0.890231,0.00080282,7.46288,33.9676,0.961122,1.00635,0.836904,0.960654,0.083107,0.465585,0.715017,0.405783,0.713354,0.538209
M1,dropped pixels,pool 4,train/Category-2_a_0028,table,17.5601,0.11566,51.1412,34.646,0.915662,2.4586,0.0298366,0.00307948,1e-06,0.488199,0.440638,0.000451242,0.70193,0.0165966
M1,dropped pixels,pool 4,train/Category-2_a_0028,background,6.50447,0.0250274,13.8393,38.4077,0.963594,1.34601,0.272288,0.286112,0.00992093,0.613591,0.638478,0.0917711,0.788593,0.260629
M1,dropped pixels,pool 8,train/Category-2_a_0028,full,4.29388,0.0205415,16.9148,28.5304,0.90228,2.11625,0.42368,0.358054,0.00355898,0.284346,0.493902,0.0814274,0.593313,0.213836
M1,dropped pixels,pool 8,train/Category-2_a_0028,object,1.31767,0.00234408,15.1257,27.8848,0.897552,2.00558,0.768331,0.889404,0.00646146,0.262826,0.512463,0.164056,0.580189,0.302827
M1,dropped pixels,pool 8,train/Category-2_a_0028,table,19.8889,0.140712,149.528,26.7626,0.843752,3.67009,0.018727,0.000880005,1e-06,0.225419,0.294239,0.000254478,0.534586,0.0106644
M1,dropped pixels,pool 8,train/Category-2_a_0028,background,7.48476,0.0322123,27.5249,32.464,0.933659,1.92728,0.223811,0.199765,0.0001036,0.415468,0.526014,0.0166694,0.674564,0.102157
M2,dropped bands,every 10,train/Category-2_a_0028,full,2.25299,0.00375984,1.58346,43.9417,0.998111,1.51642,0.637247,0.828621,0.589889,0.798056,0.603219,0.677867,0.898084,0.735029
M2,dropped bands,every 10,train/Category-2_a_0028,object,0.424205,0.000203753,0.928357,52.0832,0.998942,0.255411,0.918658,0.989864,0.733849,1,0.918387,0.873867,0.999471,0.922776
M2,dropped bands,every 10,train/Category-2_a_0028,table,2.99418,0.00639199,4.50119,50.7686,0.995392,0.710804,0.549451,0.72644,0.223042,1,0.789043,0.446517,0.997696,0.644367
M2,dropped bands,every 10,train/Category-2_a_0028,background,7.00643,0.0126268,6.06186,38.4282,0.996704,5.21,0.24628,0.531879,0.132573,0.614274,0.176107,0.25896,0.805489,0.363583
M2,dropped bands,every 4,train/Category-2_a_0028,full,2.14194,0.00400464,2.57813,47.6547,0.997538,0.801958,0.651558,0.818541,0.423426,0.921822,0.765429,0.608962,0.95968,0.738967
M2,dropped bands,every 4,train/Category-2_a_0028,object,0.710897,0.000313604,2.21222,50.2561,0.998561,0.233636,0.867466,0.984442,0.478353,1,0.925077,0.741988,0.99928,0.851169
M2,dropped bands,every 4,train/Category-2_a_0028,table,6.80677,0.0226161,8.05049,48.6381,0.991895,0.943665,0.256314,0.322773,0.0683238,0.954603,0.730114,0.178134,0.973249,0.398805
M2,dropped bands,every 4,train/Category-2_a_0028,background,4.57129,0.00819227,5.16498,44.0506,0.996531,2.30716,0.400814,0.663907,0.178769,0.801686,0.463452,0.362338,0.899108,0.516764
M2,dropped bands,every 2,train/Category-2_a_0028,full,3.78621,0.0104917,3.81519,43.5534,0.995473,1.52457,0.468958,0.591801,0.280346,0.785114,0.601584,0.426908,0.890293,0.581297
M2,dropped bands,every 2,train/Category-2_a_0028,object,1.01904,0.000729941,3.14518,47.1203,0.997491,0.393294,0.815619,0.964161,0.350501,0.904008,0.877132,0.650792,0.95075,0.777148
M2,dropped bands,every 2,train/Category-2_a_0028,table,10.6869,0.0469617,11.7963,45.7858,0.984981,1.31093,0.117963,0.0955519,0.0196028,0.859527,0.645987,0.0604553,0.922254,0.223846
M2,dropped bands,every 2,train/Category-2_a_0028,background,9.15329,0.0255948,9.02852,39.3134,0.993282,4.67732,0.160308,0.27811,0.049316,0.643781,0.210324,0.130033,0.818532,0.266086
M3,low-rank,k=30,train/Category-2_a_0028,full,1.16886,0.00295036,1.60092,66.4777,0.999991,0.0525847,0.791542,0.862847,0.586466,1,0.982624,0.73714,0.999996,0.856313
M3,low-rank,k=30,train/Category-2_a_0028,object,0.496908,0.000136192,1.4156,65.086,0.999994,0.0595305,0.905397,0.993214,0.623837,1,0.980352,0.824741,0.999997,0.905452
M3,low-rank,k=30,train/Category-2_a_0028,table,5.24072,0.023256,7.51173,73.1243,0.999968,0.058481,0.350588,0.31261,0.0817648,1,0.980695,0.207709,0.999984,0.454418
M3,low-rank,k=30,train/Category-2_a_0028,background,1.71529,0.0042114,2.30701,73.107,0.999991,0.0317793,0.709598,0.810122,0.463474,1,0.989463,0.643472,0.999996,0.800892
M3,low-rank,k=12,train/Category-2_a_0028,full,3.61592,0.0274756,7.08703,46.9243,0.997274,0.712281,0.485205,0.253148,0.0941993,0.897478,0.788654,0.226177,0.947376,0.45034
M3,low-rank,k=12,train/Category-2_a_0028,object,2.03641,0.00250899,6.45422,46.7026,0.998286,0.618329,0.665457,0.8821,0.11632,0.890087,0.813744,0.408725,0.944187,0.607518
M3,low-rank,k=12,train/Category-2_a_0028,table,14.028,0.21611,17.254,44.1973,0.99019,1.68039,0.0604704,2.02878e-05,0.00317858,0.806578,0.571136,0.00157399,0.898384,0.0351337
M3,low-rank,k=12,train/Category-2_a_0028,background,4.63479,0.0359822,8.72949,49.2812,0.996751,0.662719,0.395755,0.165446,0.0544851,0.976041,0.801792,0.152799,0.986396,0.376346
M3,low-rank,k=8,train/Category-2_a_0028,full,4.95618,0.0773111,8.48335,34.9617,0.977796,3.09453,0.371118,0.0209513,0.0591438,0.498724,0.356468,0.077187,0.73826,0.214017
M3,low-rank,k=8,train/Category-2_a_0028,object,2.59494,0.00438909,7.64568,35.129,0.996686,2.68494,0.595122,0.802957,0.0781941,0.504298,0.408616,0.334316,0.750492,0.457243
M3,low-rank,k=8,train/Category-2_a_0028,table,21.1898,0.630895,25.0609,30.4537,0.831803,9.52762,0.014437,1e-06,0.000235536,0.348456,0.0417577,0.000150376,0.59013,0.00633186
M3,low-rank,k=8,train/Category-2_a_0028,background,6.26818,0.101328,11.3372,37.7436,0.972391,2.17958,0.285465,0.00630504,0.0228441,0.591452,0.483586,0.0345147,0.781922,0.152855
M3,low-rank,k=4,train/Category-2_a_0028,full,9.30277,0.288836,20.53,24.5897,0.954527,4.56474,0.155587,1e-06,0.00106653,0.152989,0.218366,0.000549518,0.553758,0.0151716
M3,low-rank,k=4,train/Category-2_a_0028,object,5.4428,0.0163019,18.7552,23.191,0.962649,5.12264,0.336701,0.442598,0.00192711,0.106365,0.18131,0.0659762,0.534507,0.159676
M3,low-rank,k=4,train/Category-2_a_0028,table,37.8757,2.53078,58.8607,29.9174,0.878656,5.95649,0.000513049,1e-06,1e-06,0.330581,0.137312,8.00546e-06,0.604619,0.00176144
M3,low-rank,k=4,train/Category-2_a_0028,background,10.8046,0.323945,20.7783,31.8725,0.956341,2.6036,0.11522,1e-06,0.00098182,0.395749,0.419846,0.000483637,0.676045,0.0168351
M3,low-rank,k=2,train/Category-2_a_0028,full,12.9445,0.398772,58.0883,16.1499,0.899449,12.7752,0.0751024,1e-06,1e-06,0,0.0141451,4.21908e-05,0.449725,0.00259257
M3,low-rank,k=2,train/Category-2_a_0028,object,10.0331,0.0672952,53.8483,14.6171,0.884228,16.1464,0.134442,0.0345703,1e-06,0,0.00459798,0.00166883,0.442114,0.0136939
M3,low-rank,k=2,train/Category-2_a_0028,table,38.6954,3.26548,62.7257,30.1875,0.881641,5.33142,0.000435475,1e-06,1e-06,0.339585,0.169121,7.57974e-06,0.610613,0.0017745
M3,low-rank,k=2,train/Category-2_a_0028,background,12.7507,0.397289,45.7522,24.4173,0.946588,5.93216,0.0780703,1e-06,1e-06,0.147244,0.138431,4.27394e-05,0.546916,0.00393434
M4,added noise,sigma 0.001,train/Category-2_a_0028,full,0.775321,0.0065693,0.362891,58.2959,0.998781,0.167444,0.85636,0.720028,0.886066,1,0.945715,0.817506,0.999391,0.896431
M4,added noise,sigma 0.001,train/Category-2_a_0028,object,0.105332,9.15494e-06,0.275291,65.1923,0.999743,0.0496536,0.979154,0.999542,0.912321,1,0.983585,0.962942,0.999872,0.978819
M4,added noise,sigma 0.001,train/Category-2_a_0028,table,4.67954,0.054104,6.24315,50.1178,0.992223,0.73943,0.392229,0.0668569,0.124799,1,0.78155,0.148468,0.996111,0.370824
M4,added noise,sigma 0.001,train/Category-2_a_0028,background,1.36933,0.00944572,1.11314,56.8056,0.998229,0.308014,0.760434,0.623575,0.690011,1,0.902424,0.689079,0.999114,0.817168
M4,added noise,sigma 0.003,train/Category-2_a_0028,full,2.20189,0.0699068,1.08612,49.1136,0.990536,0.493297,0.643793,0.0303384,0.696255,0.970454,0.848375,0.238691,0.980495,0.473382
M4,added noise,sigma 0.003,train/Category-2_a_0028,object,0.316065,8.24373e-05,0.82565,55.6487,0.997704,0.149089,0.938744,0.995887,0.759408,1,0.951518,0.892094,0.998852,0.937116
M4,added noise,sigma 0.003,train/Category-2_a_0028,table,12.9489,0.595525,18.2413,41.0268,0.942451,2.13329,0.0750369,1e-06,0.0022872,0.700895,0.491106,0.000555725,0.821673,0.0197811
M4,added noise,sigma 0.003,train/Category-2_a_0028,background,3.95038,0.0943093,3.32673,47.6392,0.986176,0.914019,0.45381,0.0089557,0.329918,0.921306,0.737364,0.110271,0.953741,0.31202
M4,added noise,sigma 0.01,train/Category-2_a_0028,full,5.94391,0.382734,3.58774,39.6584,0.936686,1.49623,0.304592,1e-06,0.302428,0.65528,0.607294,0.00451627,0.795983,0.0575727
M4,added noise,sigma 0.01,train/Category-2_a_0028,object,1.0523,0.000949744,2.7513,45.1905,0.976121,0.496202,0.810211,0.953623,0.399677,0.839682,0.847554,0.675919,0.907902,0.775329
M4,added noise,sigma 0.01,train/Category-2_a_0028,table,30.2136,3.50316,54.3436,32.0616,0.719347,5.78642,0.00237511,1e-06,1e-06,0.402054,0.145322,1.33422e-05,0.560701,0.00223367
M4,added noise,sigma 0.01,train/Category-2_a_0028,background,11.6185,0.438309,10.9848,38.0034,0.897789,2.86841,0.0979102,1e-06,0.0256918,0.600114,0.384375,0.00136001,0.748951,0.0288764
M4,added noise,sigma 0.03,train/Category-2_a_0028,full,12.3688,1.10317,10.5436,31.239,0.750797,3.6215,0.0842666,1e-06,0.0297615,0.374634,0.299044,0.00135864,0.562716,0.0251486
M4,added noise,sigma 0.03,train/Category-2_a_0028,object,3.12387,0.0178882,8.24213,35.5101,0.853074,1.47958,0.535382,0.40885,0.0640958,0.517004,0.610673,0.241186,0.685039,0.399528
M4,added noise,sigma 0.03,train/Category-2_a_0028,table,46.6285,7.4907,144.727,24.4683,0.408601,11.0448,8.91043e-05,1e-06,1e-06,0.148942,0.0251824,4.46649e-06,0.278771,0.000778009
M4,added noise,sigma 0.03,train/Category-2_a_0028,background,26.7607,2.04537,31.2066,29.4166,0.579951,7.11824,0.00473802,1e-06,3.03655e-05,0.313888,0.0932243,5.23993e-05,0.44692,0.00382536
M4,added noise,sigma 0.05,train/Category-2_a_0028,full,16.0817,1.74964,17.1186,27.5237,0.618069,5.13995,0.0401015,1e-06,0.00332527,0.25079,0.180267,0.000510892,0.434429,0.0130564
M4,added noise,sigma 0.05,train/Category-2_a_0028,object,5.10498,0.0605374,13.5762,31.118,0.736369,2.41839,0.360236,0.0484672,0.0108304,0.370601,0.446583,0.0573975,0.553485,0.172591
M4,added noise,sigma 0.05,train/Category-2_a_0028,table,52.145,9.06873,232.924,21.1127,0.284351,13.9042,2.95625e-05,1e-06,1e-06,0.0370897,0.00970884,3.09205e-06,0.160721,0.000462726
M4,added noise,sigma 0.05,train/Category-2_a_0028,background,34.6267,4.04438,48.4163,25.8542,0.400848,9.79401,0.000982562,1e-06,1e-06,0.195139,0.0382096,9.94153e-06,0.297994,0.00126481
M5,smoothing,sigma 0.5px,train/Category-2_a_0028,full,1.07043,0.00204985,0.999161,53.8659,0.998232,0.218417,0.807278,0.902585,0.716732,1,0.929782,0.805297,0.999116,0.887362
M5,smoothing,sigma 0.5px,train/Category-2_a_0028,object,0.217342,3.80745e-05,0.841827,54.0978,0.998837,0.127311,0.957463,0.998098,0.755324,1,0.958451,0.897035,0.999419,0.940918
M5,smoothing,sigma 0.5px,train/Category-2_a_0028,table,5.44782,0.0155863,5.88414,50.9356,0.994672,0.622914,0.336363,0.45872,0.140664,1,0.812501,0.278941,0.997336,0.511475
M5,smoothing,sigma 0.5px,train/Category-2_a_0028,background,2.01436,0.00326071,2.18229,54.6363,0.997705,0.339117,0.668398,0.849561,0.483148,1,0.893116,0.649786,0.998852,0.792222
M5,smoothing,sigma 1px,train/Category-2_a_0028,full,2.66707,0.00974089,3.25235,43.1911,0.986432,0.63403,0.586599,0.61444,0.338201,0.773037,0.809496,0.495829,0.879734,0.652261
M5,smoothing,sigma 1px,train/Category-2_a_0028,object,0.567684,0.000260665,2.82299,42.8347,0.990301,0.421969,0.892671,0.987051,0.390238,0.761156,0.868788,0.700574,0.875729,0.782336
M5,smoothing,sigma 1px,train/Category-2_a_0028,table,13.4887,0.0728821,18.329,41.7243,0.962017,1.63145,0.067357,0.0261448,0.00222132,0.724143,0.580528,0.0157565,0.84308,0.108983
M5,smoothing,sigma 1px,train/Category-2_a_0028,background,4.97438,0.0156515,6.34585,45.1305,0.98359,0.897319,0.369769,0.457226,0.120599,0.837685,0.741481,0.273193,0.910637,0.483638
M5,smoothing,sigma 2px,train/Category-2_a_0028,full,3.48499,0.0149977,7.81174,35.3003,0.963019,1.16205,0.498078,0.47242,0.0739835,0.510011,0.678853,0.259171,0.736515,0.431592
M5,smoothing,sigma 2px,train/Category-2_a_0028,object,0.861124,0.000737864,6.97369,34.5094,0.966516,0.968434,0.84179,0.963779,0.0978261,0.483648,0.72411,0.429746,0.725082,0.5581
M5,smoothing,sigma 2px,train/Category-2_a_0028,table,17.1066,0.110088,48.0545,35.0577,0.922203,2.37926,0.0326694,0.00406886,1e-06,0.501924,0.452446,0.000510354,0.712064,0.0178095
M5,smoothing,sigma 2px,train/Category-2_a_0028,background,6.33832,0.023852,12.9491,38.8946,0.966373,1.30562,0.281489,0.303432,0.0133484,0.629821,0.647131,0.104468,0.798097,0.279808
M5,smoothing,sigma 4px,train/Category-2_a_0028,full,4.20052,0.0197692,15.7153,29.1101,0.912579,2.03945,0.431666,0.372148,0.00530861,0.30367,0.506711,0.0948305,0.608124,0.233661
M5,smoothing,sigma 4px,train/Category-2_a_0028,object,1.27347,0.00212807,14.0774,28.4523,0.908852,1.92149,0.775154,0.899062,0.00916399,0.281744,0.527031,0.185533,0.595298,0.326319
M5,smoothing,sigma 4px,train/Category-2_a_0028,table,19.5658,0.136535,128.881,27.4651,0.857713,3.58746,0.0199772,0.00108439,1e-06,0.248837,0.302456,0.000278766,0.553275,0.0113435
M5,smoothing,sigma 4px,train/Category-2_a_0028,background,7.3299,0.0309986,25.5322,32.9976,0.940074,1.87218,0.230852,0.212262,0.000201296,0.433252,0.535765,0.021446,0.686663,0.116918
M6,destriping,own profile,train/Category-2_a_0028,full,4.93591,0.320231,4.50614,31.7271,0.94645,1.84362,0.372625,1e-06,0.222674,0.390904,0.54089,0.00436162,0.668677,0.0523137
M6,destriping,own profile,train/Category-2_a_0028,object,0.637726,0.000712367,3.05572,38.7845,0.986364,0.626716,0.880254,0.965009,0.36111,0.626151,0.811472,0.674414,0.806258,0.738108
M6,destriping,own profile,train/Category-2_a_0028,table,26.3938,2.55689,80.6525,25.9547,0.744568,5.81232,0.00509878,1e-06,1e-06,0.198489,0.144072,1.72116e-05,0.471528,0.00238466
M6,destriping,own profile,train/Category-2_a_0028,background,9.88027,0.48515,24.1355,28.0857,0.90136,3.90884,0.138615,1e-06,0.000320653,0.269524,0.27173,0.000354227,0.585442,0.0128346
M6,destriping,train template,train/Category-2_a_0028,full,3.39173,0.0327502,2.05245,46.2314,0.986098,0.565028,0.507456,0.194464,0.504519,0.874381,0.828331,0.367879,0.93024,0.574899
M6,destriping,train template,train/Category-2_a_0028,object,0.506943,0.000228996,1.55952,50.295,0.994017,0.208701,0.903582,0.988615,0.594616,1,0.932798,0.809861,0.997008,0.889648
M6,destriping,train template,train/Category-2_a_0028,table,19.4794,0.275908,17.5123,39.1035,0.934331,2.21902,0.0203253,1.02029e-06,0.00291632,0.636784,0.47727,0.000392523,0.785557,0.0162952
M6,destriping,train template,train/Category-2_a_0028,background,6.17766,0.0446374,5.6649,44.9515,0.980854,1.01438,0.29068,0.107327,0.151329,0.831716,0.713105,0.167758,0.906285,0.376146
M7,gain error,global +1%,train/Category-2_a_0028,full,0.0163892,1.29349e-08,1.27251,52.5729,0.999944,0.210759,0.996728,0.999999,0.654313,1,0.932158,0.867203,0.999972,0.921466
M7,gain error,global +1%,train/Category-2_a_0028,object,0.00569719,1.08514e-08,1.10837,51.3828,0.999926,0.258852,0.998861,0.999999,0.69111,1,0.917334,0.883793,0.999963,0.928002
M7,gain error,global +1%,train/Category-2_a_0028,table,0.0857418,1.7342e-08,1.6371,62.0773,0.999974,0.0661727,0.982998,0.999999,0.579437,1,0.978184,0.828933,0.999987,0.907446
M7,gain error,global +1%,train/Category-2_a_0028,background,0.0236427,1.72251e-08,1.84462,56.3336,0.999984,0.125269,0.995283,0.999999,0.54071,1,0.959103,0.813399,0.999992,0.896252
M7,gain error,global -1%,train/Category-2_a_0028,full,0.0166102,1.29381e-08,1.27251,52.4188,0.999939,0.209826,0.996683,0.999999,0.654313,1,0.932448,0.86719,0.999969,0.921502
M7,gain error,global -1%,train/Category-2_a_0028,object,0.00590323,1.08484e-08,1.10837,51.2167,0.999918,0.257201,0.99882,0.999999,0.69111,1,0.917839,0.883781,0.999959,0.928071
M7,gain error,global -1%,train/Category-2_a_0028,table,0.0865751,1.7373e-08,1.6371,62.027,0.999974,0.0665781,0.982834,0.999999,0.579437,1,0.978052,0.828887,0.999987,0.907402
M7,gain error,global -1%,train/Category-2_a_0028,background,0.023711,1.72361e-08,1.84462,56.2738,0.999984,0.125869,0.995269,0.999999,0.54071,1,0.958912,0.813395,0.999992,0.896223
M7,gain error,global +3%,train/Category-2_a_0028,full,0.016402,1.29401e-08,3.81752,43.1952,0.999652,0.625198,0.996725,0.999999,0.280128,0.773173,0.811883,0.653598,0.886412,0.751194
M7,gain error,global +3%,train/Category-2_a_0028,object,0.00586114,1.08609e-08,3.3251,42.0181,0.99956,0.767031,0.998828,0.999999,0.330097,0.733938,0.774392,0.69084,0.866749,0.760844
M7,gain error,global +3%,train/Category-2_a_0028,table,0.084866,1.73375e-08,4.91129,52.5843,0.999776,0.197317,0.98317,0.999999,0.194544,1,0.936344,0.576168,0.999888,0.751576
M7,gain error,global +3%,train/Category-2_a_0028,background,0.0235239,1.72216e-08,5.53385,46.8556,0.999862,0.373539,0.995306,0.999999,0.158086,0.895186,0.882927,0.539862,0.947524,0.70768
M7,gain error,global -3%,train/Category-2_a_0028,full,0.0164541,1.29612e-08,3.81752,42.7518,0.999574,0.620168,0.996715,0.999999,0.280128,0.758392,0.813245,0.653596,0.878983,0.749171
M7,gain error,global -3%,train/Category-2_a_0028,object,0.00550928,1.08839e-08,3.3251,41.5414,0.999449,0.757046,0.998899,0.999999,0.330097,0.718047,0.776974,0.690856,0.858748,0.758766
M7,gain error,global -3%,train/Category-2_a_0028,table,0.0875025,1.73527e-08,4.91129,52.4337,0.999759,0.200964,0.982652,0.999999,0.194544,1,0.935207,0.576066,0.99988,0.75137
M7,gain error,global -3%,train/Category-2_a_0028,background,0.0238614,1.72392e-08,5.53385,46.6739,0.999855,0.379281,0.995239,0.999999,0.158086,0.889129,0.881238,0.53985,0.944492,0.706676
M7,gain error,global +10%,train/Category-2_a_0028,full,0.0158846,1.29264e-08,12.7251,33.2701,0.997262,2.02857,0.996828,0.999999,0.0143832,0.442338,0.50855,0.242936,0.7198,0.396936
M7,gain error,global +10%,train/Category-2_a_0028,object,0.00552755,1.08492e-08,11.0837,32.1346,0.996736,2.4848,0.998895,0.999999,0.0248583,0.404488,0.436806,0.291741,0.700612,0.421172
M7,gain error,global +10%,train/Category-2_a_0028,table,0.082103,1.7378e-08,16.371,42.2943,0.997699,0.644135,0.983713,0.999999,0.00426638,0.743145,0.806774,0.161303,0.870422,0.370458
M7,gain error,global +10%,train/Category-2_a_0028,background,0.0232144,1.71854e-08,18.4462,36.6298,0.998558,1.22164,0.995368,0.999999,0.00213619,0.554326,0.665503,0.12859,0.776442,0.308755
M7,gain error,global -10%,train/Category-2_a_0028,full,0.016996,1.30367e-08,12.7251,31.9213,0.997051,2.04758,0.996607,0.999999,0.0143832,0.397377,0.505339,0.242918,0.697214,0.392144
M7,gain error,global -10%,train/Category-2_a_0028,object,0.00570675,1.0982e-08,11.0837,30.6903,0.996591,2.48355,0.998859,0.999999,0.0248583,0.356342,0.436987,0.291737,0.676466,0.416057
M7,gain error,global -10%,train/Category-2_a_0028,table,0.0908608,1.74303e-08,16.371,41.7913,0.997087,0.684579,0.981992,0.999999,0.00426638,0.726378,0.795971,0.161209,0.861732,0.368306
M7,gain error,global -10%,train/Category-2_a_0028,background,0.024453,1.72524e-08,18.4462,36.0157,0.998293,1.28909,0.995121,0.999999,0.00213619,0.533857,0.650707,0.128579,0.766075,0.306259
M7,gain error,per band 1%,train/Category-2_a_0028,full,0.556753,9.69042e-05,1.27251,53.5816,0.999973,0.417301,0.894625,0.995167,0.654313,1,0.870141,0.835169,0.999987,0.895001
M7,gain error,per band 1%,train/Category-2_a_0028,object,0.567579,9.76634e-05,1.10837,52.3084,0.999968,0.423652,0.89269,0.995129,0.69111,1,0.868301,0.849916,0.999984,0.90258
M7,gain error,per band 1%,train/Category-2_a_0028,table,0.504688,9.36819e-05,1.6371,64.0732,0.999981,0.260259,0.90399,0.995327,0.579437,1,0.916904,0.804844,0.99999,0.885529
M7,gain error,per band 1%,train/Category-2_a_0028,background,0.543671,9.58516e-05,1.84462,58.0356,0.999986,0.449586,0.896969,0.995219,0.54071,1,0.860827,0.784429,0.999993,0.86599
M7,gain error,per band 3%,train/Category-2_a_0028,full,1.66069,0.00086951,3.81752,44.0481,0.99976,1.23447,0.717388,0.957456,0.280128,0.801605,0.662662,0.577311,0.900682,0.688651
M7,gain error,per band 3%,train/Category-2_a_0028,object,1.69805,0.000876624,3.3251,42.7756,0.999711,1.25099,0.712048,0.957116,0.330097,0.759187,0.659023,0.608189,0.879449,0.700371
M7,gain error,per band 3%,train/Category-2_a_0028,table,1.47453,0.000839501,4.91129,54.5506,0.999828,0.784915,0.744602,0.958894,0.194544,1,0.769789,0.51789,0.999914,0.691929
M7,gain error,per band 3%,train/Category-2_a_0028,background,1.61762,0.000859588,5.53385,48.4946,0.999871,1.33141,0.723594,0.957931,0.158086,0.94982,0.641591,0.478528,0.974845,0.641461
M7,gain error,per band 10%,train/Category-2_a_0028,full,5.45134,0.00958087,12.7251,33.5898,0.99722,3.91679,0.336126,0.619376,0.0143832,0.452992,0.271011,0.144135,0.725106,0.278916
M7,gain error,per band 10%,train/Category-2_a_0028,object,5.5952,0.00967065,11.0837,32.3185,0.996649,3.9573,0.326593,0.616602,0.0248583,0.410618,0.267376,0.171065,0.703633,0.300068
M7,gain error,per band 10%,train/Category-2_a_0028,table,4.76325,0.00920905,16.371,44.1528,0.998185,2.63835,0.385718,0.630998,0.00426638,0.805095,0.415012,0.101263,0.90164,0.268966
M7,gain error,per band 10%,train/Category-2_a_0028,background,5.27635,0.00945348,18.4462,38.0182,0.998473,4.21012,0.348099,0.623333,0.00213619,0.600605,0.245766,0.0773904,0.799539,0.208409
M8,zero-clamping,zero <0.001,train/Category-2_a_0028,full,0.0409731,0.00449618,0.00744807,75.5466,0.999976,0.00257817,0.991839,0.798669,0.99752,1,0.999141,0.924506,0.999988,0.961384
M8,zero-clamping,zero <0.001,train/Category-2_a_0028,object,0.0052266,3.05217e-09,1.72001e-05,120,1,1.43404e-09,0.998955,1,0.999994,1,1,0.99965,1,0.999825
M8,zero-clamping,zero <0.001,train/Category-2_a_0028,table,0.29227,0.0371294,0.431878,66.1987,0.99978,0.0217772,0.943222,0.156223,0.865923,1,0.992767,0.503438,0.99989,0.708734
M8,zero-clamping,zero <0.001,train/Category-2_a_0028,background,0.0590861,0.00645056,0.0310656,74.3251,0.999972,0.00354511,0.988252,0.724316,0.989698,1,0.998819,0.891455,0.999986,0.943997
M8,zero-clamping,zero <0.003,train/Category-2_a_0028,full,0.34623,0.115065,0.0670972,53.8724,0.997067,0.0406438,0.933097,0.00317252,0.977883,1,0.986543,0.142519,0.998534,0.376557
M8,zero-clamping,zero <0.003,train/Category-2_a_0028,object,0.00522889,1.13379e-07,0.0001951,120,1,3.7566e-08,0.998955,0.999994,0.999935,1,1,0.999628,1,0.999814
M8,zero-clamping,zero <0.003,train/Category-2_a_0028,table,2.86106,0.934947,4.12473,44.9252,0.976284,0.325488,0.564276,1e-06,0.252862,0.830842,0.897183,0.00522547,0.903563,0.0686405
M8,zero-clamping,zero <0.003,train/Category-2_a_0028,background,0.481871,0.169899,0.28879,51.9288,0.995634,0.0615164,0.908124,0.000204497,0.908225,1,0.979703,0.0552512,0.997817,0.234155
M8,zero-clamping,zero <0.01,train/Category-2_a_0028,full,2.38493,1.00697,0.494012,37.9622,0.962938,0.29208,0.620651,1e-06,0.848173,0.59874,0.907229,0.00807441,0.780839,0.08121
M8,zero-clamping,zero <0.01,train/Category-2_a_0028,object,0.00537653,7.76307e-06,0.00320074,98.6737,1,4.07601e-06,0.998925,0.999612,0.998934,1,0.999999,0.999157,1,0.999578
M8,zero-clamping,zero <0.01,train/Category-2_a_0028,table,22.9281,9.47801,28.5734,28.0306,0.649913,2.84731,0.0101973,1e-06,7.30417e-05,0.267688,0.387088,9.06468e-05,0.4588,0.0062866
M8,zero-clamping,zero <0.01,train/Category-2_a_0028,background,2.38562,1.07748,1.49369,38.2595,0.960735,0.281526,0.620566,1e-06,0.607808,0.608651,0.910427,0.00722523,0.784693,0.0769941
M8,zero-clamping,zero <0.02,train/Category-2_a_0028,full,4.33609,1.70947,1.01488,33.0205,0.933813,0.545947,0.420119,1e-06,0.712985,0.434015,0.833616,0.00669089,0.683914,0.0696847
M8,zero-clamping,zero <0.02,train/Category-2_a_0028,object,0.00731031,0.000116831,0.0349766,72.018,0.999986,0.000201698,0.998539,0.994175,0.988409,1,0.999933,0.993699,0.999993,0.996832
M8,zero-clamping,zero <0.02,train/Category-2_a_0028,table,42.1072,16.7177,53.2612,22.8258,0.345472,5.27868,0.000220098,1e-06,1e-06,0.0941937,0.17212,6.03771e-06,0.219833,0.00111056
M8,zero-clamping,zero <0.02,train/Category-2_a_0028,background,4.21105,1.63066,2.79778,34.3323,0.939183,0.53941,0.430757,1e-06,0.393532,0.477742,0.835434,0.00553441,0.708462,0.0641849
M8,zero-clamping,floor 0.005,train/Category-2_a_0028,full,0.472834,0.00495288,0.107765,49.0249,0.996468,0.0763968,0.909767,0.780638,0.964716,0.967496,0.974856,0.881576,0.981982,0.92941
M8,zero-clamping,floor 0.005,train/Category-2_a_0028,object,0.00523201,1.15847e-08,0.000325339,120,1,9.52625e-08,0.998954,0.999999,0.999892,1,1,0.999615,1,0.999807
M8,zero-clamping,floor 0.005,train/Category-2_a_0028,table,3.92173,0.0394077,6.5047,40.0131,0.971114,0.619645,0.456418,0.139403,0.11438,0.667102,0.813387,0.193789,0.819108,0.397995
M8,zero-clamping,floor 0.005,train/Category-2_a_0028,background,0.658703,0.00757739,0.458518,47.1858,0.994845,0.113155,0.876568,0.684635,0.858268,0.906194,0.962984,0.801597,0.950519,0.874595
M8,zero-clamping,floor 0.02,train/Category-2_a_0028,full,2.30109,0.0236463,1.21254,33.4123,0.974828,0.657042,0.631146,0.306568,0.667523,0.447076,0.80331,0.505484,0.710952,0.610563
M8,zero-clamping,floor 0.02,train/Category-2_a_0028,object,0.00592974,1.11839e-06,0.00852217,84.8155,0.999999,4.54483e-05,0.998815,0.999944,0.997163,1,0.999985,0.99864,1,0.999317
M8,zero-clamping,floor 0.02,train/Category-2_a_0028,table,20.6795,0.197479,70.8302,23.9283,0.774185,5.99602,0.0159883,5.14977e-05,1e-06,0.130944,0.135515,9.37267e-05,0.452564,0.00543523
M8,zero-clamping,floor 0.02,train/Category-2_a_0028,background,2.75542,0.0332242,4.27451,32.484,0.969557,0.762422,0.576325,0.189909,0.240548,0.416134,0.775583,0.29749,0.692845,0.461746
M9,constant,zeros,train/Category-2_a_0028,full,90,23.6162,127.251,4.58984,0.00238754,52.3753,1e-06,1e-06,1e-06,0,1e-06,1e-06,0.00119377,1.19377e-05
M9,constant,zeros,train/Category-2_a_0028,object,90,23.6154,110.837,3.22923,0.000453113,68.0171,1e-06,1e-06,1e-06,0,1e-06,1e-06,0.000226557,6.67286e-06
M9,constant,zeros,train/Category-2_a_0028,table,90,23.7023,163.71,17.0088,0.0158723,9.52631,1e-06,1e-06,1e-06,0,0.0417759,1e-06,0.00793613,0.000114288
M9,constant,zeros,train/Category-2_a_0028,background,90,23.5913,184.462,9.90116,0.00340379,23.2509,1e-06,1e-06,1e-06,0,0.000430615,1e-06,0.00170189,3.35691e-05
M9,constant,train mean,train/Category-2_a_0028,full,18.2771,0.169345,103.327,9.95756,0.711014,29.944,0.0258508,0.000210239,1e-06,0,4.62553e-05,0.000175818,0.355507,0.00206587
M9,constant,train mean,train/Category-2_a_0028,object,16.2514,0.161831,89.0183,8.84391,0.714154,36.0825,0.0387636,0.000306117,1e-06,0,5.97754e-06,0.000228089,0.357077,0.00173379
M9,constant,train mean,train/Category-2_a_0028,table,33.8784,0.352251,763.693,11.2712,0.387518,24.8459,0.0011412,1e-06,1e-06,0,0.000253036,1.04501e-05,0.193759,0.000525508
M9,constant,train mean,train/Category-2_a_0028,background,18.8737,0.132065,160.861,15.4052,0.804634,14.8131,0.0229429,0.00135598,1e-06,0,0.00717114,0.00031451,0.402317,0.00614829
M9,constant,ones,train/Category-2_a_0028,full,21.2176,0.220206,298.676,4.78829,0.584252,42.3065,0.0143571,1.65309e-05,1e-06,0,1e-06,6.19138e-05,0.292126,0.000643937
M9,constant,ones,train/Category-2_a_0028,object,20.5128,0.237797,211.244,6.82891,0.681894,31.2549,0.0165304,6.85978e-06,1e-06,0,2.98811e-05,4.84021e-05,0.340947,0.00100042
M9,constant,ones,train/Category-2_a_0028,table,32.4888,0.326046,6171.41,1.07817,0.165372,85.2411,0.00150681,1e-06,1e-06,0,1e-06,1.14644e-05,0.0826858,0.000178146
M9,constant,ones,train/Category-2_a_0028,background,19.5795,0.138798,1030.33,2.7575,0.450268,58.8853,0.0199228,0.000968343,1e-06,0,1e-06,0.0002682,0.225134,0.00122344
M1,dropped pixels,drop 0.01,train/Category-3_a_0030,full,0.076245,0.000155684,0.558405,67.6786,0.999882,0.00829931,0.984867,0.992246,0.830162,1,0.997237,0.932652,0.999941,0.965319
M1,dropped pixels,drop 0.01,train/Category-3_a_0030,object,0.0229838,1.33867e-05,0.292804,66.9524,0.999953,0.00491156,0.995414,0.999331,0.90701,1,0.998364,0.966292,0.999977,0.982752
M1,dropped pixels,drop 0.01,train/Category-3_a_0030,table,0.239723,0.000871335,1.54337,62.9488,0.999668,0.0163223,0.953187,0.957369,0.597825,1,0.994574,0.817103,0.999834,0.903148
M1,dropped pixels,drop 0.01,train/Category-3_a_0030,background,0.0720075,0.00011496,0.760072,68.9411,0.999887,0.00828019,0.985702,0.994268,0.77619,1,0.997244,0.912863,0.999943,0.955024
M1,dropped pixels,drop 0.1,train/Category-3_a_0030,full,0.533967,0.00150717,1.77194,57.493,0.998797,0.0833476,0.898711,0.927411,0.553969,1,0.9726,0.772905,0.999398,0.875309
M1,dropped pixels,drop 0.1,train/Category-3_a_0030,object,0.178554,0.000147649,0.928066,56.3695,0.999509,0.050828,0.964919,0.992645,0.73392,1,0.9832,0.889156,0.999754,0.940476
M1,dropped pixels,drop 0.1,train/Category-3_a_0030,table,1.52532,0.00843082,4.80568,52.9082,0.99665,0.158176,0.737077,0.656035,0.201515,1,0.948641,0.460167,0.998325,0.672617
M1,dropped pixels,drop 0.1,train/Category-3_a_0030,background,0.516185,0.001109,2.42697,58.8576,0.998849,0.0833945,0.901913,0.946059,0.445307,1,0.972585,0.724293,0.999425,0.847342
M1,dropped pixels,drop 0.5,train/Category-3_a_0030,full,2.56091,0.00752892,3.97397,50.5413,0.993906,0.413351,0.599187,0.686296,0.265894,1,0.871287,0.478183,0.996953,0.67664
M1,dropped pixels,drop 0.5,train/Category-3_a_0030,object,0.86529,0.000729204,2.08393,49.4363,0.99764,0.253761,0.841089,0.964196,0.499253,0.981209,0.918892,0.739791,0.989424,0.846113
M1,dropped pixels,drop 0.5,train/Category-3_a_0030,table,7.17294,0.0413214,10.7313,46.0279,0.983154,0.779725,0.238214,0.126682,0.0279564,0.867596,0.771122,0.0944905,0.925375,0.287722
M1,dropped pixels,drop 0.5,train/Category-3_a_0030,background,2.48846,0.00562564,5.43864,51.8685,0.994129,0.413671,0.607932,0.754815,0.163183,1,0.871194,0.421493,0.997065,0.635281
M1,dropped pixels,pool 2,train/Category-3_a_0030,full,5.34397,0.0163582,7.1959,45.1502,0.983206,0.940613,0.343422,0.441354,0.0908419,0.838338,0.730857,0.239681,0.910772,0.452049
M1,dropped pixels,pool 2,train/Category-3_a_0030,object,1.8107,0.0015792,4.15073,42.2043,0.990702,0.671242,0.696185,0.924077,0.250681,0.740144,0.799517,0.544316,0.865423,0.678234
M1,dropped pixels,pool 2,train/Category-3_a_0030,table,14.9684,0.090442,20.5745,40.8688,0.95378,1.77779,0.0501028,0.0108662,0.00105085,0.695626,0.55289,0.00830157,0.824703,0.0779256
M1,dropped pixels,pool 2,train/Category-3_a_0030,background,5.19153,0.0121543,8.4592,47.4709,0.984479,0.918087,0.354054,0.544594,0.0596219,0.915696,0.736365,0.225692,0.950087,0.445697
M1,dropped pixels,pool 4,train/Category-3_a_0030,full,6.51496,0.0233905,14.8075,38.7426,0.96648,1.28102,0.271718,0.310515,0.00718449,0.624754,0.652459,0.0846315,0.795617,0.251881
M1,dropped pixels,pool 4,train/Category-3_a_0030,object,2.41573,0.0028045,9.42908,33.8756,0.952463,1.32309,0.61684,0.869163,0.0431519,0.462521,0.643374,0.284943,0.707492,0.44264
M1,dropped pixels,pool 4,train/Category-3_a_0030,table,18.237,0.12846,53.41,34.3799,0.91084,2.47717,0.0260588,0.00162377,1e-06,0.479331,0.437919,0.000348466,0.695086,0.0145212
M1,dropped pixels,pool 4,train/Category-3_a_0030,background,6.27948,0.017337,12.7887,43.785,0.975767,1.14465,0.284821,0.420274,0.0140813,0.792834,0.682803,0.11901,0.884301,0.312065
M1,dropped pixels,pool 8,train/Category-3_a_0030,full,7.25807,0.0284041,28.5854,32.3177,0.940147,1.70668,0.234192,0.241664,7.27511e-05,0.410589,0.566152,0.0160278,0.675368,0.101325
M1,dropped pixels,pool 8,train/Category-3_a_0030,object,3.10592,0.0046638,18.3082,27.5102,0.866999,2.4958,0.537308,0.792003,0.00223675,0.25034,0.435206,0.0983685,0.55867,0.225807
M1,dropped pixels,pool 8,train/Category-3_a_0030,table,20.5752,0.156214,153.153,26.2857,0.833899,3.7387,0.0163252,0.000405374,1e-06,0.209524,0.287586,0.000187746,0.521711,0.0090511
M1,dropped pixels,pool 8,train/Category-3_a_0030,background,6.86734,0.020723,21.9848,39.5664,0.969199,1.29988,0.253227,0.354818,0.000656714,0.652212,0.64837,0.0389312,0.810706,0.1718
M2,dropped bands,every 10,train/Category-3_a_0030,full,7.17796,0.0126642,5.42302,38.2837,0.996947,5.51507,0.237974,0.530885,0.164035,0.609457,0.159079,0.274677,0.803202,0.368419
M2,dropped bands,every 10,train/Category-3_a_0030,object,2.89532,0.00281057,2.75109,42.5151,0.999379,3.20256,0.560423,0.868899,0.399704,0.750505,0.34386,0.579528,0.874942,0.618995
M2,dropped bands,every 10,train/Category-3_a_0030,table,3.12199,0.0073563,4.67742,50.6609,0.995267,0.72758,0.535584,0.692245,0.210317,1,0.784643,0.427222,0.997633,0.629749
M2,dropped bands,every 10,train/Category-3_a_0030,background,8.65066,0.0156284,7.80254,37.3103,0.996531,6.58412,0.177261,0.457756,0.0742108,0.577009,0.111391,0.18193,0.78677,0.28218
M2,dropped bands,every 4,train/Category-3_a_0030,full,4.64398,0.00805946,4.78245,44.0231,0.996811,2.39731,0.395029,0.66833,0.203081,0.800769,0.449732,0.377077,0.89879,0.524733
M2,dropped bands,every 4,train/Category-3_a_0030,object,1.8055,0.00135589,2.32064,47.9395,0.999331,1.30142,0.696909,0.934452,0.461374,0.931316,0.648038,0.669775,0.965323,0.757426
M2,dropped bands,every 4,train/Category-3_a_0030,table,7.0925,0.0255489,8.38339,48.5309,0.991618,0.953716,0.242077,0.278749,0.0611477,0.951031,0.727672,0.160392,0.971325,0.377971
M2,dropped bands,every 4,train/Category-3_a_0030,background,5.07852,0.00785149,7.33864,43.1842,0.996743,2.81693,0.362147,0.675316,0.0866209,0.772806,0.391028,0.276697,0.884775,0.437749
M2,dropped bands,every 2,train/Category-3_a_0030,full,9.32905,0.0252808,7.99707,39.2978,0.993872,4.93002,0.154771,0.28251,0.0695514,0.643261,0.193333,0.14488,0.818566,0.277345
M2,dropped bands,every 2,train/Category-3_a_0030,object,3.58233,0.00449162,3.8508,43.4468,0.998778,2.89644,0.488476,0.798851,0.277038,0.781562,0.380801,0.476376,0.89017,0.573317
M2,dropped bands,every 2,train/Category-3_a_0030,table,11.1927,0.0532122,12.3145,45.6542,0.984442,1.32833,0.106614,0.0699056,0.0164928,0.855141,0.64225,0.0497211,0.919791,0.202636
M2,dropped bands,every 2,train/Category-3_a_0030,background,10.5349,0.0274093,12.5391,38.3946,0.993669,5.80599,0.121604,0.253989,0.015303,0.613153,0.144377,0.0778955,0.803411,0.193379
M3,low-rank,k=30,train/Category-3_a_0030,full,1.68608,0.00403293,1.54967,79.6134,0.999992,0.0266065,0.713755,0.817384,0.59657,1,0.99117,0.703416,0.999996,0.837583
M3,low-rank,k=30,train/Category-3_a_0030,object,0.508352,0.000156173,0.591777,85.3142,0.999999,0.0140456,0.903327,0.992222,0.820978,1,0.995329,0.902807,1,0.949495
M3,low-rank,k=30,train/Category-3_a_0030,table,5.43633,0.0291749,7.93221,72.6654,0.999963,0.059801,0.337137,0.232528,0.0710714,1,0.980264,0.17728,0.999982,0.419786
M3,low-rank,k=30,train/Category-3_a_0030,background,1.57811,0.00232835,2.84175,80.7956,0.999994,0.0261721,0.729336,0.890103,0.387806,1,0.991314,0.631433,0.999997,0.793588
M3,low-rank,k=12,train/Category-3_a_0030,full,4.47497,0.0369165,4.79246,51.4635,0.997056,0.618418,0.40861,0.157895,0.202405,1,0.81372,0.235487,0.998528,0.470252
M3,low-rank,k=12,train/Category-3_a_0030,object,1.58704,0.00160153,2.42343,56.1564,0.999395,0.382165,0.728034,0.923046,0.445833,1,0.880392,0.669138,0.999698,0.802441
M3,low-rank,k=12,train/Category-3_a_0030,table,14.7229,0.280884,18.1519,44.0291,0.98948,1.7302,0.0526245,1e-06,0.0023564,0.800968,0.56173,0.000498669,0.895224,0.0197021
M3,low-rank,k=12,train/Category-3_a_0030,background,4.09931,0.0198138,7.18655,53.1214,0.997283,0.55886,0.440492,0.371321,0.0911256,1,0.830036,0.246099,0.998642,0.482184
M3,low-rank,k=8,train/Category-3_a_0030,full,6.08673,0.0949824,6.54402,39.8042,0.974614,1.86889,0.296015,0.00865933,0.11289,0.660139,0.536353,0.0661431,0.817376,0.218277
M3,low-rank,k=8,train/Category-3_a_0030,object,2.20254,0.00244493,3.50869,48.0808,0.998171,1.04091,0.643709,0.88493,0.310502,0.936028,0.706828,0.561334,0.967099,0.702947
M3,low-rank,k=8,train/Category-3_a_0030,table,22.1079,0.751916,26.0232,30.5221,0.815584,9.35616,0.0120153,1e-06,0.000170904,0.350736,0.0442138,0.000127105,0.58316,0.0058471
M3,low-rank,k=8,train/Category-3_a_0030,background,5.34554,0.0483063,8.96485,43.5764,0.985631,1.28159,0.343315,0.0893394,0.0503738,0.785882,0.652336,0.115606,0.885756,0.305647
M3,low-rank,k=4,train/Category-3_a_0030,full,10.4259,0.3233,12.747,37.0619,0.962095,2.25859,0.124285,1e-06,0.0142784,0.56873,0.471015,0.00121069,0.765413,0.0283032
M3,low-rank,k=4,train/Category-3_a_0030,object,4.50091,0.00869261,7.96715,40.2278,0.991497,2.12351,0.406496,0.647504,0.0702485,0.674259,0.492709,0.264431,0.832878,0.433758
M3,low-rank,k=4,train/Category-3_a_0030,table,38.9652,2.796,61.2877,29.2404,0.86052,6.30286,0.000412596,1e-06,1e-06,0.308015,0.12234,7.4446e-06,0.584268,0.00164957
M3,low-rank,k=4,train/Category-3_a_0030,background,8.86298,0.139387,13.2558,39.3289,0.965629,1.86518,0.169891,0.00094027,0.0120511,0.644297,0.537016,0.0124399,0.804963,0.0941733
M3,low-rank,k=2,train/Category-3_a_0030,full,11.7283,0.397365,14.9568,34.5826,0.965703,3.85254,0.0957833,1e-06,0.00683559,0.486088,0.276878,0.000868338,0.725896,0.0217267
M3,low-rank,k=2,train/Category-3_a_0030,object,5.08021,0.0106802,9.28548,35.1258,0.988761,3.48915,0.362025,0.586249,0.0452678,0.504194,0.312531,0.212587,0.746478,0.349589
M3,low-rank,k=2,train/Category-3_a_0030,table,39.4971,3.50155,64.9779,29.7194,0.866756,5.33562,0.000370957,1e-06,1e-06,0.323981,0.168885,7.18524e-06,0.595368,0.00171212
M3,low-rank,k=2,train/Category-3_a_0030,background,10.4231,0.164464,15.922,35.4921,0.970508,3.78486,0.124354,0.000268353,0.00495507,0.516403,0.283195,0.00548873,0.743455,0.0552698
M4,added noise,sigma 0.001,train/Category-3_a_0030,full,1.39133,0.0102583,1.09356,57.0387,0.998277,0.31489,0.757096,0.598749,0.69453,1,0.900358,0.680292,0.999139,0.811669
M4,added noise,sigma 0.001,train/Category-3_a_0030,object,0.343494,6.91399e-05,0.329882,65.6211,0.999801,0.126474,0.933608,0.996549,0.895869,1,0.958718,0.9411,0.9999,0.963954
M4,added noise,sigma 0.001,train/Category-3_a_0030,table,4.94631,0.0829046,6.66039,49.7542,0.991562,0.758511,0.371851,0.0158398,0.108595,0.991808,0.776594,0.0861608,0.991685,0.281783
M4,added noise,sigma 0.001,train/Category-3_a_0030,background,1.27224,0.00508589,2.13017,58.2796,0.998613,0.314099,0.775344,0.775463,0.491617,1,0.900595,0.666133,0.999307,0.803257
M4,added noise,sigma 0.003,train/Category-3_a_0030,full,4.01948,0.0877277,3.26942,47.7841,0.986242,0.932857,0.447582,0.0124456,0.336282,0.926137,0.732749,0.123272,0.956189,0.329887
M4,added noise,sigma 0.003,train/Category-3_a_0030,object,1.02999,0.000624698,0.989649,56.0626,0.998214,0.379748,0.813835,0.969248,0.719008,1,0.881101,0.827755,0.999107,0.892419
M4,added noise,sigma 0.003,train/Category-3_a_0030,table,13.5263,0.717745,19.3452,40.6272,0.937691,2.17808,0.0668528,1e-06,0.00158305,0.687572,0.483827,0.000473011,0.812631,0.0181385
M4,added noise,sigma 0.003,train/Category-3_a_0030,background,3.74673,0.0425631,6.38032,48.9455,0.988438,0.936553,0.472675,0.119057,0.119221,0.964849,0.731847,0.188607,0.976644,0.411007
M4,added noise,sigma 0.01,train/Category-3_a_0030,full,11.8016,0.442449,10.7907,38.1226,0.89834,2.91657,0.0943899,1e-06,0.0274085,0.604088,0.378254,0.00137279,0.751214,0.0289726
M4,added noise,sigma 0.01,train/Category-3_a_0030,object,3.41805,0.0072477,3.2972,45.601,0.981008,1.25361,0.504791,0.696014,0.333182,0.853367,0.658447,0.489182,0.917188,0.637344
M4,added noise,sigma 0.01,train/Category-3_a_0030,table,31.1709,3.73489,57.4852,31.7014,0.709001,5.87116,0.00196125,1e-06,1e-06,0.390045,0.141274,1.25173e-05,0.549523,0.00213924
M4,added noise,sigma 0.01,train/Category-3_a_0030,background,11.8054,0.201542,21.1934,38.8624,0.898127,3.01088,0.094318,4.20317e-05,0.000854965,0.628747,0.366547,0.00150213,0.763437,0.030335
M4,added noise,sigma 0.03,train/Category-3_a_0030,full,27.0949,2.07163,30.6529,29.6101,0.590501,7.18648,0.00443168,1e-06,3.65201e-05,0.320336,0.0911278,5.44963e-05,0.455418,0.00391359
M4,added noise,sigma 0.03,train/Category-3_a_0030,object,9.8278,0.169133,9.84433,36.0642,0.8732,3.55327,0.140077,0.000212486,0.037574,0.535472,0.305923,0.0103799,0.704336,0.0754505
M4,added noise,sigma 0.03,train/Category-3_a_0030,table,47.7065,7.6867,153.977,24.1625,0.399261,11.1992,7.18231e-05,1e-06,1e-06,0.138751,0.0239194,4.15676e-06,0.269006,0.000735541
M4,added noise,sigma 0.03,train/Category-3_a_0030,background,29.1356,1.94392,59.5784,29.9502,0.541675,7.65004,0.00294658,1e-06,1e-06,0.331673,0.0780806,1.43364e-05,0.436674,0.00193266
M4,added noise,sigma 0.05,train/Category-3_a_0030,full,35.0793,4.08419,47.5732,26.05,0.417234,9.88562,0.000897539,1e-06,1e-06,0.201667,0.0370603,9.64609e-06,0.30945,0.00125666
M4,added noise,sigma 0.05,train/Category-3_a_0030,object,15.0608,0.615816,16.1639,31.785,0.752626,5.50385,0.0491851,1e-06,0.00457121,0.392832,0.159675,0.000608072,0.572729,0.015408
M4,added noise,sigma 0.05,train/Category-3_a_0030,table,53.0716,9.22873,248.519,20.8692,0.277792,14.0363,2.45619e-05,1e-06,1e-06,0.0289722,0.00929033,2.90684e-06,0.153382,0.000438466
M4,added noise,sigma 0.05,train/Category-3_a_0030,background,38.0675,4.38821,90.5604,26.3338,0.35009,10.5173,0.00049374,1e-06,1e-06,0.211127,0.0300236,7.90374e-06,0.280608,0.00106505
M5,smoothing,sigma 0.5px,train/Category-3_a_0030,full,2.03098,0.00299721,2.29449,55.177,0.99794,0.334161,0.66618,0.860828,0.465414,1,0.894592,0.643846,0.99897,0.788821
M5,smoothing,sigma 0.5px,train/Category-3_a_0030,object,0.688282,0.000242272,1.22064,53.913,0.99923,0.208886,0.871398,0.987959,0.665724,1,0.93274,0.830647,0.999615,0.901808
M5,smoothing,sigma 0.5px,train/Category-3_a_0030,table,5.69461,0.0175032,6.27795,50.6053,0.994248,0.634105,0.320164,0.416795,0.12336,1,0.809476,0.254384,0.997124,0.488132
M5,smoothing,sigma 0.5px,train/Category-3_a_0030,background,1.97239,0.00214019,3.08073,56.5982,0.998014,0.33311,0.674031,0.898517,0.358111,1,0.894906,0.600816,0.999007,0.762055
M5,smoothing,sigma 1px,train/Category-3_a_0030,full,5.02263,0.0146721,6.79369,45.6639,0.985359,0.876218,0.366218,0.480176,0.103875,0.855462,0.746714,0.26336,0.920411,0.477136
M5,smoothing,sigma 1px,train/Category-3_a_0030,object,1.72232,0.00143955,3.93477,42.6227,0.991804,0.633143,0.7086,0.930552,0.269391,0.75409,0.809736,0.562136,0.872947,0.692657
M5,smoothing,sigma 1px,train/Category-3_a_0030,table,14.0637,0.0812892,19.6725,41.3719,0.959749,1.65561,0.0600397,0.0171723,0.00141945,0.712398,0.575873,0.0113535,0.836073,0.0921295
M5,smoothing,sigma 1px,train/Category-3_a_0030,background,4.87483,0.010878,7.91848,48.0696,0.986486,0.853368,0.377205,0.58048,0.0713974,0.935653,0.752423,0.250044,0.961069,0.472543
M5,smoothing,sigma 2px,train/Category-3_a_0030,full,6.34077,0.0222673,13.7475,39.2768,0.969734,1.23868,0.281351,0.328452,0.0102293,0.64256,0.661732,0.0981419,0.806147,0.27307
M5,smoothing,sigma 2px,train/Category-3_a_0030,object,2.33672,0.0026085,8.73326,34.54,0.961182,1.25929,0.626664,0.877722,0.0544165,0.484665,0.657202,0.310485,0.722924,0.467044
M5,smoothing,sigma 2px,train/Category-3_a_0030,table,17.7942,0.122711,50.7968,34.6033,0.918256,2.40812,0.028472,0.00216454,1e-06,0.486777,0.448114,0.000394998,0.702517,0.0155717
M5,smoothing,sigma 2px,train/Category-3_a_0030,background,6.11038,0.0164752,11.916,44.309,0.977248,1.11036,0.294618,0.438778,0.0188356,0.810298,0.690651,0.134533,0.893773,0.333605
M5,smoothing,sigma 4px,train/Category-3_a_0030,full,7.12842,0.0275543,25.8399,33.1443,0.945421,1.65148,0.240344,0.252154,0.000181673,0.438145,0.576666,0.0222466,0.691783,0.120715
M5,smoothing,sigma 4px,train/Category-3_a_0030,object,2.9969,0.00428258,16.7146,28.3633,0.886988,2.35056,0.549152,0.807244,0.00380467,0.278776,0.456795,0.119034,0.582882,0.253949
M5,smoothing,sigma 4px,train/Category-3_a_0030,table,20.2009,0.15168,130.521,27.1388,0.846276,3.58293,0.0175943,0.000508521,1e-06,0.23796,0.302913,0.0002076,0.542118,0.00972173
M5,smoothing,sigma 4px,train/Category-3_a_0030,background,6.75845,0.0201472,18.9137,40.2338,0.970133,1.27726,0.258802,0.365182,0.00182792,0.674459,0.653279,0.0556944,0.822296,0.206743
M6,destriping,own profile,train/Category-3_a_0030,full,6.63058,0.129698,6.84393,38.1228,0.971338,1.19119,0.265506,0.0015263,0.10215,0.604094,0.672292,0.0345927,0.787716,0.161196
M6,destriping,own profile,train/Category-3_a_0030,object,1.75842,0.00178043,2.68168,42.7335,0.994759,0.621698,0.703503,0.914826,0.40906,0.757782,0.812831,0.64091,0.876271,0.741006
M6,destriping,own profile,train/Category-3_a_0030,table,21.7158,0.904025,27.4128,33.097,0.890147,2.57925,0.0129953,1e-06,0.000107546,0.436568,0.423268,0.000111805,0.663358,0.00805071
M6,destriping,own profile,train/Category-3_a_0030,background,6.22916,0.0792796,11.788,38.4395,0.974183,1.18382,0.287702,0.0189874,0.0196569,0.614651,0.673945,0.0475307,0.794417,0.189582
M6,destriping,train template,train/Category-3_a_0030,full,6.26346,0.0484415,5.17917,45.3203,0.982207,1.0207,0.285734,0.0887371,0.177925,0.84401,0.711604,0.165235,0.913108,0.374171
M6,destriping,train template,train/Category-3_a_0030,object,1.64706,0.0014092,1.77891,52.7164,0.997412,0.435354,0.719346,0.931965,0.552683,1,0.86492,0.718243,0.998706,0.828868
M6,destriping,train template,train/Category-3_a_0030,table,20.4879,0.357486,18.5319,38.8021,0.928926,2.26424,0.0166128,1e-06,0.00207603,0.626736,0.47013,0.000325506,0.777831,0.0147544
M6,destriping,train template,train/Category-3_a_0030,background,5.89037,0.0273375,9.03484,46.1185,0.984114,1.03244,0.307871,0.254903,0.0492122,0.870617,0.708824,0.156894,0.927365,0.366371
M7,gain error,global +1%,train/Category-3_a_0030,full,0.0246793,1.68204e-08,1.82893,55.871,0.999984,0.124943,0.995076,0.999999,0.543545,1,0.959208,0.814762,0.999992,0.897018
M7,gain error,global +1%,train/Category-3_a_0030,object,0.00669313,1.00951e-08,1.24002,51.5436,0.999981,0.200852,0.998662,0.999999,0.661438,1,0.935241,0.870902,0.99999,0.923893
M7,gain error,global +1%,train/Category-3_a_0030,table,0.091387,1.74065e-08,1.7007,62.286,0.999973,0.0652439,0.981889,0.999999,0.56728,1,0.978487,0.822785,0.999987,0.904117
M7,gain error,global +1%,train/Category-3_a_0030,background,0.0220358,1.83998e-08,1.17752,57.6466,0.999986,0.112713,0.995603,0.999999,0.675363,1,0.963126,0.876074,0.999993,0.930726
M7,gain error,global -1%,train/Category-3_a_0030,full,0.0247762,1.68332e-08,1.82893,55.7786,0.999985,0.125497,0.995057,0.999999,0.543545,1,0.959031,0.814756,0.999992,0.89699
M7,gain error,global -1%,train/Category-3_a_0030,object,0.00661798,1.00928e-08,1.24002,51.4084,0.999983,0.201441,0.998677,0.999999,0.661438,1,0.935058,0.870906,0.999992,0.923869
M7,gain error,global -1%,train/Category-3_a_0030,table,0.0923369,1.73987e-08,1.7007,62.2359,0.999973,0.065643,0.981702,0.999999,0.56728,1,0.978357,0.822733,0.999986,0.90407
M7,gain error,global -1%,train/Category-3_a_0030,background,0.0220847,1.84184e-08,1.17752,57.5957,0.999986,0.113274,0.995593,0.999999,0.675363,1,0.962946,0.876071,0.999993,0.930698
M7,gain error,global +3%,train/Category-3_a_0030,full,0.0245585,1.68173e-08,5.48678,46.3883,0.999863,0.371565,0.9951,0.999999,0.160586,0.879609,0.883508,0.542656,0.939736,0.707532
M7,gain error,global +3%,train/Category-3_a_0030,object,0.00653533,1.00857e-08,3.72005,42.0701,0.999836,0.591929,0.998694,0.999999,0.289379,0.735671,0.820936,0.66115,0.867754,0.751165
M7,gain error,global +3%,train/Category-3_a_0030,table,0.0904926,1.74042e-08,5.10211,52.7929,0.999767,0.194547,0.982064,0.999999,0.182555,1,0.937209,0.563868,0.999883,0.743612
M7,gain error,global +3%,train/Category-3_a_0030,background,0.0220055,1.83982e-08,3.53255,48.1551,0.99988,0.336452,0.995609,0.999999,0.308043,0.938502,0.89391,0.674372,0.969191,0.798706
M7,gain error,global -3%,train/Category-3_a_0030,full,0.0248426,1.68498e-08,5.48678,46.1795,0.999859,0.378032,0.995044,0.999999,0.160586,0.872649,0.881605,0.542646,0.936254,0.706378
M7,gain error,global -3%,train/Category-3_a_0030,object,0.00668968,1.00944e-08,3.72005,41.8042,0.999857,0.605429,0.998663,0.999999,0.289379,0.726806,0.81725,0.661143,0.863332,0.749313
M7,gain error,global -3%,train/Category-3_a_0030,table,0.0932653,1.74767e-08,5.10211,52.6426,0.99975,0.198139,0.98152,0.999999,0.182555,1,0.936087,0.563764,0.999875,0.743408
M7,gain error,global -3%,train/Category-3_a_0030,background,0.0220589,1.84323e-08,3.53255,48.0015,0.999871,0.341506,0.995598,0.999999,0.308043,0.933383,0.892405,0.67437,0.966627,0.797763
M7,gain error,global +10%,train/Category-3_a_0030,full,0.0241047,1.68004e-08,18.2893,36.1129,0.998594,1.21165,0.995191,0.999999,0.00225089,0.537098,0.667723,0.130844,0.767846,0.310393
M7,gain error,global +10%,train/Category-3_a_0030,object,0.0064118,1.00973e-08,12.4002,31.8078,0.998362,1.90601,0.998718,0.999999,0.0160284,0.393595,0.529756,0.252025,0.695978,0.402015
M7,gain error,global +10%,train/Category-3_a_0030,table,0.0875502,1.74284e-08,17.0071,42.5026,0.997609,0.635003,0.982642,0.999999,0.00345124,0.750088,0.809234,0.150242,0.873848,0.358186
M7,gain error,global +10%,train/Category-3_a_0030,background,0.0217334,1.83699e-08,11.7752,37.8674,0.998755,1.10299,0.995663,0.999999,0.0197409,0.59558,0.69235,0.269873,0.797167,0.45412
M7,gain error,global -10%,train/Category-3_a_0030,full,0.0252158,1.6885e-08,18.2893,35.5298,0.998336,1.28684,0.99497,0.999999,0.00225089,0.517659,0.651195,0.130834,0.757998,0.307823
M7,gain error,global -10%,train/Category-3_a_0030,object,0.006794,1.01026e-08,12.4002,31.1492,0.998436,2.07251,0.998642,0.999999,0.0160284,0.371639,0.501157,0.252019,0.685038,0.396472
M7,gain error,global -10%,train/Category-3_a_0030,table,0.0968751,1.74572e-08,17.0071,42.0007,0.99698,0.675027,0.980811,0.999999,0.00345124,0.733357,0.798509,0.150148,0.865168,0.356113
M7,gain error,global -10%,train/Category-3_a_0030,background,0.0221566,1.84797e-08,11.7752,37.3569,0.998455,1.15961,0.995578,0.999999,0.0197409,0.578564,0.679405,0.269866,0.788509,0.451103
M7,gain error,per band 1%,train/Category-3_a_0030,full,0.543846,9.58088e-05,1.82893,57.5258,0.999989,0.52753,0.896937,0.995221,0.543545,1,0.838749,0.785789,0.999994,0.86337
M7,gain error,per band 1%,train/Category-3_a_0030,object,0.560069,9.71556e-05,1.24002,53.1872,0.99999,0.835555,0.894032,0.995154,0.661438,1,0.756904,0.838,0.999995,0.877966
M7,gain error,per band 1%,train/Category-3_a_0030,table,0.500382,9.31575e-05,1.7007,64.2253,0.99998,0.256774,0.904768,0.995353,0.56728,1,0.917969,0.799412,0.99999,0.88269
M7,gain error,per band 1%,train/Category-3_a_0030,background,0.54447,9.57596e-05,1.17752,59.3027,0.99999,0.480907,0.896825,0.995223,0.675363,1,0.851886,0.844738,0.999995,0.897258
M7,gain error,per band 3%,train/Category-3_a_0030,full,1.6177,0.000859171,5.48678,47.9995,0.999899,1.55054,0.723583,0.957951,0.160586,0.933316,0.596399,0.481038,0.966608,0.634246
M7,gain error,per band 3%,train/Category-3_a_0030,object,1.67339,0.000871823,3.72005,43.6611,0.999899,2.41551,0.715568,0.957345,0.289379,0.788705,0.447012,0.583081,0.894302,0.650776
M7,gain error,per band 3%,train/Category-3_a_0030,table,1.45688,0.000834666,5.10211,54.7021,0.999821,0.774197,0.747235,0.959126,0.182555,1,0.772544,0.507663,0.999911,0.685429
M7,gain error,per band 3%,train/Category-3_a_0030,background,1.62106,0.000858667,3.53255,49.7759,0.999907,1.4213,0.723096,0.957975,0.308043,0.99253,0.622652,0.597568,0.996219,0.719042
M7,gain error,per band 10%,train/Category-3_a_0030,full,5.27458,0.00944762,18.2893,37.5893,0.998893,4.78777,0.348222,0.623516,0.00225089,0.586309,0.202721,0.0787685,0.792601,0.203648
M7,gain error,per band 10%,train/Category-3_a_0030,object,5.49048,0.00960849,12.4002,33.254,0.998869,7.10687,0.333505,0.618521,0.0160284,0.441801,0.0935782,0.148976,0.720335,0.241196
M7,gain error,per band 10%,train/Category-3_a_0030,table,4.701,0.00915096,17.0071,44.3025,0.998115,2.59875,0.39055,0.632833,0.00345124,0.810085,0.420526,0.0948376,0.9041,0.261057
M7,gain error,per band 10%,train/Category-3_a_0030,background,5.28236,0.00943964,11.7752,39.3622,0.998981,4.45262,0.34768,0.623765,0.0197409,0.645407,0.226682,0.162376,0.822194,0.301172
M8,zero-clamping,zero <0.001,train/Category-3_a_0030,full,0.0663574,0.0102592,0.0370625,71.9205,0.999926,0.0039519,0.986816,0.598721,0.987722,1,0.998684,0.835664,0.999963,0.913954
M8,zero-clamping,zero <0.001,train/Category-3_a_0030,object,0.00656891,3.45562e-08,0.000114758,120,1,0,0.998687,0.999998,0.999962,1,1,0.999549,1,0.999774
M8,zero-clamping,zero <0.001,train/Category-3_a_0030,table,0.434844,0.0882067,0.672343,62.6154,0.999299,0.031242,0.916706,0.0121511,0.799224,1,0.98964,0.207255,0.99965,0.454486
M8,zero-clamping,zero <0.001,train/Category-3_a_0030,background,0.0420994,0.00454502,0.0518853,75.3781,0.999974,0.00203919,0.991615,0.796721,0.982854,1,0.999321,0.919135,0.999987,0.958613
M8,zero-clamping,zero <0.003,train/Category-3_a_0030,full,0.424937,0.153053,0.269531,52.9846,0.995722,0.0462371,0.918524,0.000474791,0.914074,1,0.984706,0.0735966,0.997861,0.270458
M8,zero-clamping,zero <0.003,train/Category-3_a_0030,object,0.00659566,1.37664e-06,0.00115931,120,1,1.44567e-07,0.998682,0.999931,0.999614,1,1,0.999409,1,0.999704
M8,zero-clamping,zero <0.003,train/Category-3_a_0030,table,3.38357,1.22271,4.80747,44.2341,0.966978,0.35503,0.508284,1e-06,0.201394,0.807804,0.888391,0.0046779,0.887391,0.0644402
M8,zero-clamping,zero <0.003,train/Category-3_a_0030,background,0.215107,0.0776321,0.387825,55.5121,0.997708,0.0249655,0.957891,0.0206177,0.878732,1,0.991713,0.258903,0.998854,0.507987
M8,zero-clamping,zero <0.01,train/Category-3_a_0030,full,2.54012,1.09385,1.55849,37.8715,0.960508,0.306811,0.601683,1e-06,0.59482,0.595718,0.902786,0.00709988,0.778113,0.0760025
M8,zero-clamping,zero <0.01,train/Category-3_a_0030,object,0.00801914,7.75939e-05,0.0149889,106.01,1,1.23974e-05,0.998397,0.996128,0.995016,1,0.999996,0.996513,1,0.998254
M8,zero-clamping,zero <0.01,train/Category-3_a_0030,table,23.9367,10.2026,30.8555,27.9254,0.630157,2.96079,0.00833461,1e-06,3.41355e-05,0.26418,0.37272,6.57704e-05,0.447168,0.00527701
M8,zero-clamping,zero <0.01,train/Category-3_a_0030,background,0.902268,0.400465,1.66669,42.9833,0.985698,0.10188,0.834891,1e-06,0.573748,0.766111,0.96661,0.00782439,0.875905,0.0840181
M8,zero-clamping,zero <0.02,train/Category-3_a_0030,full,4.64635,1.77782,2.92998,33.1335,0.932133,0.568847,0.394842,1e-06,0.376567,0.437783,0.827277,0.00529771,0.684958,0.061969
M8,zero-clamping,zero <0.02,train/Category-3_a_0030,object,0.0253919,0.00127873,0.0881274,88.5783,0.999992,0.000234322,0.994934,0.938064,0.971051,1,0.999922,0.967735,0.999996,0.983722
M8,zero-clamping,zero <0.02,train/Category-3_a_0030,table,42.4104,17.0176,55.0219,22.9713,0.340135,5.30185,0.000207149,1e-06,1e-06,0.0990438,0.170796,5.9169e-06,0.219589,0.0010977
M8,zero-clamping,zero <0.02,train/Category-3_a_0030,background,1.79269,0.604676,3.24749,39.0667,0.977985,0.208623,0.698698,1e-06,0.338749,0.635555,0.932822,0.0061857,0.80677,0.0721983
M8,zero-clamping,floor 0.005,train/Category-3_a_0030,full,0.607771,0.00748841,0.465947,47.2068,0.994846,0.0906876,0.885543,0.687688,0.856145,0.906894,0.970223,0.804852,0.95087,0.877468
M8,zero-clamping,floor 0.005,train/Category-3_a_0030,object,0.00661828,1.00447e-07,0.00164982,120,1,2.03738e-07,0.998677,0.999995,0.99945,1,1,0.999374,1,0.999687
M8,zero-clamping,floor 0.005,train/Category-3_a_0030,table,4.89503,0.0591427,8.34718,38.2767,0.958622,0.707276,0.375684,0.0519676,0.0618903,0.609224,0.789971,0.106511,0.783923,0.28929
M8,zero-clamping,floor 0.005,train/Category-3_a_0030,background,0.302481,0.00387006,0.661286,50.002,0.997407,0.0478135,0.941297,0.824067,0.802175,1,0.984189,0.853728,0.998703,0.921349
M8,zero-clamping,floor 0.02,train/Category-3_a_0030,full,2.66358,0.0298687,4.24335,32.7858,0.971424,0.708455,0.587009,0.224599,0.243059,0.426192,0.789661,0.31763,0.698808,0.479846
M8,zero-clamping,floor 0.02,train/Category-3_a_0030,object,0.0127506,1.1089e-05,0.0345202,98.2434,1,7.0181e-05,0.997453,0.999446,0.988559,1,0.999977,0.995141,1,0.997564
M8,zero-clamping,floor 0.02,train/Category-3_a_0030,table,22.8841,0.244751,80.0689,23.3992,0.749642,6.33124,0.0102875,4.845e-06,1e-06,0.113307,0.121188,3.68017e-05,0.431474,0.00329372
M8,zero-clamping,floor 0.02,train/Category-3_a_0030,background,1.17868,0.0145007,5.33094,36.4102,0.987832,0.288533,0.789989,0.484309,0.169148,0.547007,0.908303,0.401486,0.767419,0.569287
M9,constant,zeros,train/Category-3_a_0030,full,90,23.5765,182.893,9.36416,0.00352977,23.5099,1e-06,1e-06,1e-06,0,0.000394995,1e-06,0.00176489,3.35614e-05
M9,constant,zeros,train/Category-3_a_0030,object,90,23.5377,124.002,4.53512,0.000348578,48.158,1e-06,1e-06,1e-06,0,1e-06,1e-06,0.000174289,6.08758e-06
M9,constant,zeros,train/Category-3_a_0030,table,90,23.729,170.071,17.2475,0.021017,9.30707,1e-06,1e-06,1e-06,0,0.0449432,1e-06,0.0105085,0.000127479
M9,constant,zeros,train/Category-3_a_0030,background,90,23.5699,117.752,11.6528,0.00246246,18.9924,1e-06,1e-06,1e-06,0,0.00178061,1e-06,0.00123123,3.70855e-05
M9,constant,train mean,train/Category-3_a_0030,full,18.1965,0.114297,161.294,15.018,0.799928,14.1096,0.0262706,0.00329666,1e-06,0,0.00906627,0.000442433,0.399964,0.00753782
M9,constant,train mean,train/Category-3_a_0030,object,12.7303,0.0610051,92.6923,11.5701,0.64272,19.579,0.07839,0.0473469,1e-06,0,0.00146436,0.00154828,0.32136,0.00993618
M9,constant,train mean,train/Category-3_a_0030,table,35.769,0.408338,826.935,11.1134,0.37033,25.1909,0.000781884,1e-06,1e-06,0,0.000225548,9.21257e-06,0.185165,0.000477333
M9,constant,train mean,train/Category-3_a_0030,background,17.6779,0.0963021,195.693,17.6097,0.883583,11.6066,0.0291421,0.00810637,1e-06,0,0.020882,0.000618181,0.441792,0.0104556
M9,constant,ones,train/Category-3_a_0030,full,17.4748,0.104356,1006.77,2.89974,0.459022,56.869,0.0303498,0.00541931,1e-06,0,1e-06,0.000547898,0.229511,0.00176048
M9,constant,ones,train/Category-3_a_0030,object,9.13546,0.0348196,241.528,6.41624,0.569209,30.2756,0.160881,0.175349,1e-06,0,4.14145e-05,0.00304417,0.284605,0.00782154
M9,constant,ones,train/Category-3_a_0030,table,34.2239,0.376045,6612.99,1.02955,0.157131,86.0477,0.00106499,1e-06,1e-06,0,1e-06,1.02121e-05,0.0785653,0.000165154
M9,constant,ones,train/Category-3_a_0030,background,17.7441,0.0926815,2033.53,2.57075,0.46396,60.2824,0.0287586,0.00971509,1e-06,0,1e-06,0.000653739,0.23198,0.00193023
M1,dropped pixels,drop 0.01,train/Category-4_a_0001,full,0.0725231,0.000136456,0.455976,66.3429,0.999882,0.00824258,0.9856,0.9932,0.858995,1,0.997256,0.943864,0.999941,0.971106
M1,dropped pixels,drop 0.01,train/Category-4_a_0001,object,0.0154143,6.43522e-06,0.207983,61.8387,0.999933,0.00511353,0.996922,0.999678,0.933021,1,0.998297,0.976047,0.999966,0.987687
M1,dropped pixels,drop 0.01,train/Category-4_a_0001,table,0.20337,0.000694397,1.33412,63.4667,0.999699,0.0145087,0.960142,0.965876,0.641011,1,0.995175,0.840829,0.99985,0.916254
M1,dropped pixels,drop 0.01,train/Category-4_a_0001,background,0.0707721,0.000105961,0.720236,69.0615,0.999891,0.00823872,0.985945,0.994716,0.786566,1,0.997258,0.917126,0.999945,0.957254
M1,dropped pixels,drop 0.1,train/Category-4_a_0001,full,0.508325,0.00131312,1.43768,56.1124,0.998814,0.0821192,0.903332,0.936453,0.619263,1,0.972998,0.806126,0.999407,0.893981
M1,dropped pixels,drop 0.1,train/Category-4_a_0001,object,0.102877,6.08353e-05,0.663527,51.3404,0.999314,0.0522111,0.979635,0.996963,0.801576,1,0.982747,0.921643,0.999657,0.957404
M1,dropped pixels,drop 0.1,train/Category-4_a_0001,table,1.35164,0.00662282,4.33584,53.2773,0.996928,0.147969,0.763129,0.718104,0.23568,1,0.951874,0.505479,0.998464,0.70535
M1,dropped pixels,drop 0.1,train/Category-4_a_0001,background,0.504625,0.00102594,2.21729,59.1212,0.998905,0.0814749,0.904001,0.949996,0.477544,1,0.973207,0.742965,0.999453,0.858285
M1,dropped pixels,drop 0.5,train/Category-4_a_0001,full,2.47006,0.00667926,3.21577,49.207,0.993906,0.411698,0.610173,0.71608,0.34235,0.973567,0.871767,0.530838,0.983737,0.709657
M1,dropped pixels,drop 0.5,train/Category-4_a_0001,object,0.48359,0.00029697,1.4753,44.5576,0.996534,0.259023,0.907812,0.985261,0.611545,0.818588,0.917281,0.817822,0.907561,0.862901
M1,dropped pixels,drop 0.5,train/Category-4_a_0001,table,6.47911,0.0328654,9.88305,46.268,0.984308,0.747087,0.273673,0.193347,0.0370922,0.875601,0.779557,0.125204,0.929955,0.332313
M1,dropped pixels,drop 0.5,train/Category-4_a_0001,background,2.46444,0.00530482,4.99144,52.1109,0.994352,0.408487,0.61086,0.767021,0.189415,1,0.872701,0.446054,0.997176,0.653723
M1,dropped pixels,pool 2,train/Category-4_a_0001,full,5.16679,0.0145984,5.93056,43.037,0.982525,0.952232,0.35581,0.481948,0.138505,0.767901,0.728032,0.287449,0.875213,0.487913
M1,dropped pixels,pool 2,train/Category-4_a_0001,object,1.1458,0.000913068,3.03264,37.0348,0.983269,0.798899,0.795201,0.955373,0.363899,0.567825,0.766209,0.651444,0.775547,0.709502
M1,dropped pixels,pool 2,train/Category-4_a_0001,table,13.4498,0.0721949,19.0887,41.055,0.956381,1.70983,0.0678835,0.0270587,0.00172435,0.701834,0.565558,0.0146858,0.829108,0.104192
M1,dropped pixels,pool 2,train/Category-4_a_0001,background,5.1383,0.0115038,7.7139,47.777,0.985039,0.906114,0.357843,0.562599,0.0764362,0.925899,0.73931,0.248731,0.955469,0.469099
M1,dropped pixels,pool 4,train/Category-4_a_0001,full,6.37364,0.0213173,13.0329,35.7323,0.96156,1.36694,0.279507,0.34443,0.0129805,0.524411,0.634038,0.107711,0.742986,0.276243
M1,dropped pixels,pool 4,train/Category-4_a_0001,object,2.03716,0.00378237,7.40075,28.6836,0.911845,1.99641,0.665357,0.827688,0.084846,0.289454,0.514032,0.360178,0.600649,0.454386
M1,dropped pixels,pool 4,train/Category-4_a_0001,table,16.5149,0.104413,52.5051,34.2756,0.910604,2.44687,0.0367736,0.00540387,1e-06,0.475854,0.442364,0.000583553,0.693229,0.0188024
M1,dropped pixels,pool 4,train/Category-4_a_0001,background,6.21974,0.0164044,11.1744,44.4657,0.976842,1.12913,0.288244,0.440335,0.0241179,0.815524,0.686345,0.145198,0.896183,0.346578
M1,dropped pixels,pool 8,train/Category-4_a_0001,full,7.25084,0.0274739,25.602,29.6019,0.929132,1.9316,0.234531,0.253169,0.000196664,0.320064,0.525257,0.0226871,0.624598,0.115986
M1,dropped pixels,pool 8,train/Category-4_a_0001,object,3.62711,0.0143106,14.8125,22.4985,0.772369,4.27875,0.48412,0.488934,0.00717257,0.0832818,0.240208,0.119296,0.427825,0.207178
M1,dropped pixels,pool 8,train/Category-4_a_0001,table,18.9142,0.131773,137.919,26.8942,0.833031,3.68019,0.0227581,0.00137588,1e-06,0.229808,0.29325,0.00031519,0.531419,0.0118379
M1,dropped pixels,pool 8,train/Category-4_a_0001,background,6.79715,0.0195125,15.9608,40.9552,0.970737,1.2771,0.256807,0.376957,0.00489151,0.698507,0.653313,0.0779437,0.834622,0.245856
M2,dropped bands,every 10,train/Category-4_a_0001,full,6.8095,0.0120842,4.83817,38.4535,0.997038,5.13298,0.256174,0.546506,0.199344,0.615118,0.180686,0.303327,0.806078,0.395117
M2,dropped bands,every 10,train/Category-4_a_0001,object,1.24078,0.00107263,1.71868,46.1669,0.999607,1.2826,0.780238,0.947782,0.563892,0.872231,0.652116,0.747097,0.935919,0.792083
M2,dropped bands,every 10,train/Category-4_a_0001,table,2.76047,0.00593104,4.34675,51.0808,0.995708,0.685211,0.575743,0.743377,0.234825,1,0.795803,0.464937,0.997854,0.658402
M2,dropped bands,every 10,train/Category-4_a_0001,background,8.35219,0.0149458,7.65706,37.4329,0.996653,6.36766,0.188165,0.473649,0.0778982,0.581096,0.119725,0.190769,0.788874,0.292371
M2,dropped bands,every 4,train/Category-4_a_0001,full,4.45501,0.00750398,4.03512,44.1021,0.996814,2.29661,0.410244,0.687152,0.260529,0.803402,0.465084,0.418778,0.900108,0.556064
M2,dropped bands,every 4,train/Category-4_a_0001,object,0.994959,0.000563088,1.50029,50.1275,0.999544,0.591812,0.819557,0.972238,0.606471,1,0.820968,0.784731,0.999772,0.859953
M2,dropped bands,every 4,train/Category-4_a_0001,table,6.38363,0.0209461,7.63084,48.767,0.992002,0.907783,0.278949,0.350882,0.078582,0.958899,0.738899,0.197395,0.975451,0.420899
M2,dropped bands,every 4,train/Category-4_a_0001,background,4.96048,0.00754203,7.07524,43.2408,0.996751,2.7841,0.370799,0.685846,0.0945703,0.774692,0.39533,0.288651,0.885721,0.448007
M2,dropped bands,every 2,train/Category-4_a_0001,full,8.88947,0.023732,6.84041,39.4334,0.993907,4.60644,0.168994,0.305257,0.10227,0.647779,0.215352,0.174085,0.820843,0.309275
M2,dropped bands,every 2,train/Category-4_a_0001,object,1.74255,0.00179825,2.48191,46.0195,0.998993,1.23203,0.705739,0.914011,0.437226,0.867317,0.663202,0.655794,0.933155,0.743215
M2,dropped bands,every 2,train/Category-4_a_0001,table,10.1138,0.0436682,11.1174,45.9014,0.985346,1.27023,0.132289,0.112657,0.0245808,0.863381,0.654811,0.0715526,0.924363,0.244216
M2,dropped bands,every 2,train/Category-4_a_0001,background,10.2148,0.0261502,12.0723,38.5085,0.993748,5.63123,0.129644,0.270492,0.0178797,0.616951,0.153037,0.0855899,0.80535,0.204656
M3,low-rank,k=30,train/Category-4_a_0001,full,1.61457,0.00351886,1.37488,78.3941,0.999992,0.026333,0.724036,0.838666,0.632363,1,0.991261,0.726839,0.999996,0.851426
M3,low-rank,k=30,train/Category-4_a_0001,object,0.358392,0.000144772,0.576961,75.733,0.999997,0.0121826,0.93083,0.992788,0.825042,1,0.995947,0.913554,0.999999,0.955218
M3,low-rank,k=30,train/Category-4_a_0001,table,4.74915,0.0224269,7.43987,73.1245,0.999968,0.0564066,0.386807,0.325842,0.0837467,1,0.981373,0.219359,0.999984,0.467036
M3,low-rank,k=30,train/Category-4_a_0001,background,1.54991,0.00227599,2.80905,80.705,0.999994,0.0261385,0.73346,0.892437,0.392056,1,0.991325,0.635478,0.999997,0.796127
M3,low-rank,k=12,train/Category-4_a_0001,full,4.36073,0.0315069,6.23531,50.2414,0.997054,0.619705,0.418053,0.206936,0.125126,1,0.813371,0.22121,0.998527,0.455745
M3,low-rank,k=12,train/Category-4_a_0001,object,1.64898,0.0105025,3.39669,46.7724,0.998855,0.454732,0.719071,0.591482,0.322314,0.892413,0.859352,0.515621,0.945634,0.688326
M3,low-rank,k=12,train/Category-4_a_0001,table,12.8966,0.199432,16.7568,44.8952,0.991165,1.53763,0.0758255,4.67079e-05,0.00375155,0.829841,0.59897,0.00236849,0.910503,0.0436109
M3,low-rank,k=12,train/Category-4_a_0001,background,4.04081,0.0186504,6.89423,53.2109,0.997289,0.559604,0.445677,0.393561,0.100452,1,0.82983,0.260214,0.998645,0.495801
M3,low-rank,k=8,train/Category-4_a_0001,full,5.9269,0.0786069,8.66963,37.6303,0.97346,1.90193,0.30563,0.0196369,0.0555832,0.587676,0.530478,0.0693538,0.780568,0.219573
M3,low-rank,k=8,train/Category-4_a_0001,object,2.30746,0.0187459,4.93625,33.0275,0.981849,1.53381,0.630343,0.391685,0.192932,0.434249,0.599734,0.362498,0.708049,0.494161
M3,low-rank,k=8,train/Category-4_a_0001,table,19.3987,0.534618,23.8174,30.8695,0.838702,8.86798,0.0206561,1e-06,0.00035652,0.362315,0.052027,0.000194556,0.600509,0.00748925
M3,low-rank,k=8,train/Category-4_a_0001,background,5.28797,0.0442668,8.46511,43.9059,0.985495,1.2665,0.34729,0.109335,0.0595045,0.796865,0.655625,0.13122,0.89118,0.326578
M3,low-rank,k=4,train/Category-4_a_0001,full,10.6784,0.289521,17.5048,34.2254,0.959208,2.41565,0.118164,1e-06,0.00292362,0.47418,0.446992,0.000701674,0.716694,0.020892
M3,low-rank,k=4,train/Category-4_a_0001,object,5.14499,0.0291704,11.4743,28.9171,0.968661,2.67694,0.357365,0.23258,0.0218238,0.297235,0.409707,0.121956,0.632948,0.260287
M3,low-rank,k=4,train/Category-4_a_0001,table,36.6468,2.32991,58.4309,29.7234,0.875762,5.91393,0.000655998,1e-06,1e-06,0.324114,0.139274,8.68895e-06,0.599938,0.00183401
M3,low-rank,k=4,train/Category-4_a_0001,background,9.15393,0.134348,13.2211,39.0594,0.965797,2.00601,0.160288,0.0012097,0.0121914,0.635313,0.51239,0.0133212,0.800555,0.0965826
M3,low-rank,k=2,train/Category-4_a_0001,full,12.8636,0.351727,48.555,22.0246,0.938877,5.7921,0.076327,1e-06,1e-06,0.0674883,0.145047,4.24189e-05,0.503183,0.00383363
M3,low-rank,k=2,train/Category-4_a_0001,object,11.7312,0.137415,29.5511,14.1457,0.811599,15.4377,0.0957287,0.00103769,5.27273e-05,0,0.00582324,0.00173666,0.4058,0.0140456
M3,low-rank,k=2,train/Category-4_a_0001,table,38.1585,2.70632,62.1695,29.0188,0.874222,6.23469,0.000484831,1e-06,1e-06,0.300628,0.125152,7.85592e-06,0.587425,0.00170352
M3,low-rank,k=2,train/Category-4_a_0001,background,10.5148,0.155182,15.0121,36.0685,0.971294,3.78982,0.122094,0.00042684,0.00671084,0.535616,0.282727,0.0070455,0.753455,0.0628971
M4,added noise,sigma 0.001,train/Category-4_a_0001,full,1.29179,0.00782875,0.852159,57.1863,0.99835,0.303267,0.772319,0.676084,0.752727,1,0.903853,0.732507,0.999175,0.842743
M4,added noise,sigma 0.001,train/Category-4_a_0001,object,0.16945,2.6783e-05,0.205479,64.8002,0.999886,0.0736734,0.966678,0.998662,0.9338,1,0.975741,0.966017,0.999943,0.979228
M4,added noise,sigma 0.001,train/Category-4_a_0001,table,4.14713,0.0540268,6.11577,50.2512,0.992535,0.69941,0.4363,0.0671154,0.130212,1,0.792045,0.156226,0.996268,0.381172
M4,added noise,sigma 0.001,train/Category-4_a_0001,background,1.22844,0.00470233,2.07461,58.342,0.998631,0.309469,0.782166,0.790479,0.500806,1,0.901986,0.676529,0.999315,0.809691
M4,added noise,sigma 0.003,train/Category-4_a_0001,full,3.76165,0.0717624,2.54878,47.9599,0.986849,0.898075,0.471267,0.0276503,0.427589,0.931996,0.741294,0.177282,0.959422,0.396766
M4,added noise,sigma 0.003,train/Category-4_a_0001,object,0.508387,0.000241472,0.616592,55.392,0.999021,0.221107,0.903321,0.987999,0.814215,1,0.928948,0.89904,0.999511,0.937592
M4,added noise,sigma 0.003,train/Category-4_a_0001,table,11.573,0.532402,17.8617,41.176,0.945023,2.02113,0.0988061,1e-06,0.00259566,0.705867,0.509813,0.000635346,0.825445,0.0213038
M4,added noise,sigma 0.003,train/Category-4_a_0001,background,3.62547,0.0393162,6.21413,49.0273,0.988643,0.92095,0.484279,0.140042,0.126012,0.967578,0.735663,0.204451,0.97811,0.428482
M4,added noise,sigma 0.01,train/Category-4_a_0001,full,11.2362,0.396463,8.4132,38.2467,0.900724,2.82269,0.105691,1e-06,0.0605431,0.608223,0.390277,0.00185652,0.754474,0.0339025
M4,added noise,sigma 0.01,train/Category-4_a_0001,object,1.69167,0.00296022,2.05473,45.2548,0.99006,0.731435,0.712957,0.862422,0.504135,0.841827,0.783635,0.676773,0.915943,0.769118
M4,added noise,sigma 0.01,train/Category-4_a_0001,table,28.0378,3.15469,53.4774,32.1319,0.726629,5.60731,0.00367004,1e-06,1e-06,0.404396,0.154262,1.54249e-05,0.565512,0.00243055
M4,added noise,sigma 0.01,train/Category-4_a_0001,background,11.46,0.19513,20.6345,38.9641,0.900345,2.96316,0.101063,5.79167e-05,0.00103004,0.632137,0.372425,0.00182005,0.766241,0.033514
M4,added noise,sigma 0.03,train/Category-4_a_0001,full,26.1339,1.97642,23.9624,29.7056,0.596599,6.98,0.00537074,1e-06,0.000339696,0.323519,0.0976207,0.000122192,0.460059,0.00594206
M4,added noise,sigma 0.03,train/Category-4_a_0001,object,4.93432,0.0654307,6.13399,35.9743,0.93185,2.12925,0.372744,0.0379481,0.129424,0.532475,0.491767,0.122331,0.732163,0.281933
M4,added noise,sigma 0.03,train/Category-4_a_0001,table,45.2535,7.09912,142.074,24.611,0.415458,10.9018,0.00011731,1e-06,1e-06,0.153701,0.0264117,4.89529e-06,0.284579,0.000826285
M4,added noise,sigma 0.03,train/Category-4_a_0001,background,28.4864,1.84196,58.2339,30.0325,0.54704,7.56445,0.00335506,1e-06,1e-06,0.334418,0.0803403,1.49704e-05,0.440729,0.00198983
M4,added noise,sigma 0.05,train/Category-4_a_0001,full,33.9492,3.95256,37.2395,26.1333,0.427569,9.59141,0.00112515,1e-06,4.06466e-06,0.204445,0.0408791,1.65988e-05,0.316007,0.00168523
M4,added noise,sigma 0.05,train/Category-4_a_0001,object,7.81001,0.216261,10.1244,31.9366,0.859316,3.38199,0.209716,2.01355e-05,0.0342253,0.397887,0.323896,0.00524783,0.628601,0.0519975
M4,added noise,sigma 0.05,train/Category-4_a_0001,table,51.4153,8.72052,228.207,21.2697,0.290697,13.8075,3.42079e-05,1e-06,1e-06,0.0423223,0.0100269,3.2462e-06,0.16651,0.000482355
M4,added noise,sigma 0.05,train/Category-4_a_0001,background,37.4725,4.22463,88.692,26.4062,0.353918,10.4216,0.000556133,1e-06,1e-06,0.213539,0.0309974,8.22355e-06,0.283728,0.00109583
M5,smoothing,sigma 0.5px,train/Category-4_a_0001,full,1.9587,0.00261094,1.85644,53.6242,0.997935,0.33293,0.67588,0.877615,0.538583,1,0.89496,0.683611,0.998967,0.812864
M5,smoothing,sigma 0.5px,train/Category-4_a_0001,object,0.390237,0.000101639,0.865212,48.6454,0.998806,0.217906,0.924921,0.994931,0.749459,0.954846,0.92994,0.883517,0.976826,0.922172
M5,smoothing,sigma 0.5px,train/Category-4_a_0001,table,5.12233,0.0134868,5.70166,50.8782,0.994642,0.604645,0.358988,0.509493,0.149486,1,0.817464,0.301259,0.997321,0.532025
M5,smoothing,sigma 0.5px,train/Category-4_a_0001,background,1.95445,0.0020114,2.82919,56.862,0.998093,0.32857,0.676455,0.904322,0.389433,1,0.896261,0.619914,0.999047,0.774259
M5,smoothing,sigma 1px,train/Category-4_a_0001,full,4.85986,0.0130993,5.64163,43.4317,0.984665,0.889659,0.378336,0.51946,0.152507,0.781058,0.743376,0.310628,0.882862,0.510345
M5,smoothing,sigma 1px,train/Category-4_a_0001,object,1.08905,0.000832348,2.89827,37.3293,0.984918,0.765866,0.804279,0.959237,0.380568,0.577642,0.774693,0.664642,0.78128,0.719691
M5,smoothing,sigma 1px,train/Category-4_a_0001,table,12.6386,0.0648568,18.2586,41.5248,0.961413,1.59562,0.0798401,0.0390529,0.00227402,0.717494,0.587503,0.0192113,0.839454,0.120373
M5,smoothing,sigma 1px,train/Category-4_a_0001,background,4.832,0.0103122,7.25985,48.3852,0.986984,0.842811,0.38045,0.597137,0.0889261,0.946173,0.755076,0.272354,0.966579,0.494423
M5,smoothing,sigma 2px,train/Category-4_a_0001,full,6.20329,0.0202628,12.1952,36.2023,0.964867,1.32425,0.289194,0.363077,0.0171621,0.540076,0.643124,0.121689,0.752471,0.295558
M5,smoothing,sigma 2px,train/Category-4_a_0001,object,1.96898,0.00347686,6.89883,29.1754,0.923805,1.91489,0.674492,0.840429,0.100298,0.305847,0.528191,0.384524,0.614826,0.475273
M5,smoothing,sigma 2px,train/Category-4_a_0001,table,16.0982,0.0994617,48.7412,34.6814,0.917912,2.37353,0.0399696,0.00692178,1e-06,0.489382,0.45331,0.000651602,0.703647,0.0200459
M5,smoothing,sigma 2px,train/Category-4_a_0001,background,6.05377,0.0155951,10.7058,44.8381,0.977985,1.09744,0.297973,0.458517,0.0281954,0.827938,0.693632,0.156761,0.902962,0.361636
M5,smoothing,sigma 4px,train/Category-4_a_0001,full,7.12911,0.026584,24.1181,29.9922,0.934016,1.88911,0.240311,0.264689,0.000322512,0.333074,0.532749,0.0273748,0.633545,0.128315
M5,smoothing,sigma 4px,train/Category-4_a_0001,object,3.52178,0.013229,13.9139,22.9126,0.795238,4.11978,0.494427,0.516103,0.00967719,0.0970866,0.25328,0.135165,0.446162,0.225577
M5,smoothing,sigma 4px,train/Category-4_a_0001,table,18.6659,0.128367,126.214,27.2744,0.84307,3.63234,0.0239168,0.00163133,1e-06,0.24248,0.297964,0.000339168,0.542775,0.0124008
M5,smoothing,sigma 4px,train/Category-4_a_0001,background,6.68499,0.018918,16.2182,41.0445,0.971446,1.25879,0.262633,0.388331,0.00448922,0.701483,0.657312,0.0770739,0.836464,0.244893
M6,destriping,own profile,train/Category-4_a_0001,full,6.53118,0.119746,5.09795,39.1333,0.969082,1.41403,0.270838,0.00251042,0.182809,0.637777,0.624162,0.0499058,0.80343,0.192798
M6,destriping,own profile,train/Category-4_a_0001,object,0.952061,0.000816477,1.56509,43.6992,0.995806,0.482584,0.826618,0.959998,0.593512,0.789973,0.85141,0.77804,0.89289,0.827563
M6,destriping,own profile,train/Category-4_a_0001,table,19.5402,0.807813,24.79,32.9896,0.879831,3.00313,0.0200799,1e-06,0.000257796,0.432986,0.367496,0.000172987,0.656408,0.00976799
M6,destriping,own profile,train/Category-4_a_0001,background,6.33707,0.0737354,10.5555,40.0247,0.972758,1.44104,0.281559,0.0250528,0.0296435,0.667489,0.618569,0.0593543,0.820124,0.211491
M6,destriping,train template,train/Category-4_a_0001,full,5.83098,0.0345985,4.19222,45.5993,0.983327,0.977007,0.31155,0.177298,0.247237,0.853311,0.722044,0.239028,0.918319,0.451915
M6,destriping,train template,train/Category-4_a_0001,object,0.80484,0.000459722,1.28193,53.9383,0.99879,0.248755,0.851319,0.977276,0.652261,1,0.920426,0.815662,0.999395,0.891788
M6,destriping,train template,train/Category-4_a_0001,table,17.1838,0.210746,16.0492,39.4832,0.94013,2.05766,0.0321687,2.65285e-05,0.00474947,0.649439,0.503644,0.0015944,0.794784,0.0332433
M6,destriping,train template,train/Category-4_a_0001,background,5.6935,0.0235688,8.19417,46.2631,0.984593,1.01461,0.320235,0.307758,0.0651287,0.875437,0.71305,0.185845,0.930015,0.399498
M7,gain error,global +1%,train/Category-4_a_0001,full,0.0231202,1.75884e-08,1.9852,55.4758,0.999982,0.12652,0.995387,0.999999,0.515957,1,0.958704,0.80082,0.999991,0.88924
M7,gain error,global +1%,train/Category-4_a_0001,object,0.00598635,1.23515e-08,1.15237,50.3546,0.999967,0.218334,0.998803,0.999999,0.681047,1,0.929807,0.879466,0.999984,0.927611
M7,gain error,global +1%,train/Category-4_a_0001,table,0.0756772,1.72222e-08,1.66506,61.8117,0.999975,0.0686666,0.984979,0.999999,0.574062,1,0.977371,0.826917,0.999988,0.906229
M7,gain error,global +1%,train/Category-4_a_0001,background,0.021239,1.86884e-08,1.14562,57.5425,0.999986,0.113788,0.995761,0.999999,0.682582,1,0.962781,0.879232,0.999993,0.932352
M7,gain error,global -1%,train/Category-4_a_0001,full,0.0231923,1.75904e-08,1.9852,55.4131,0.999983,0.126799,0.995372,0.999999,0.515957,1,0.958615,0.800816,0.999992,0.889225
M7,gain error,global -1%,train/Category-4_a_0001,object,0.00592879,1.23213e-08,1.15237,50.2802,0.999972,0.217091,0.998815,0.999999,0.681047,1,0.930192,0.879469,0.999986,0.927671
M7,gain error,global -1%,train/Category-4_a_0001,table,0.0764068,1.71996e-08,1.66506,61.7615,0.999974,0.06912,0.984835,0.999999,0.574062,1,0.977223,0.826876,0.999987,0.906186
M7,gain error,global -1%,train/Category-4_a_0001,background,0.0212704,1.86994e-08,1.14562,57.4918,0.999986,0.114358,0.995755,0.999999,0.682582,1,0.962598,0.87923,0.999993,0.932324
M7,gain error,global +3%,train/Category-4_a_0001,full,0.0229874,1.75641e-08,5.95559,45.9992,0.999848,0.377837,0.995413,0.999999,0.137354,0.866641,0.881663,0.515167,0.933245,0.687492
M7,gain error,global +3%,train/Category-4_a_0001,object,0.00592178,1.23314e-08,3.45712,40.8937,0.999724,0.652847,0.998816,0.999999,0.315887,0.696456,0.804435,0.680778,0.84809,0.753843
M7,gain error,global +3%,train/Category-4_a_0001,table,0.0749046,1.72487e-08,4.99517,52.3187,0.99978,0.204661,0.985131,0.999999,0.18918,1,0.934055,0.571202,0.99989,0.748056
M7,gain error,global +3%,train/Category-4_a_0001,background,0.0211576,1.8658e-08,3.43685,48.05,0.99988,0.33969,0.995777,0.999999,0.318028,0.935,0.892945,0.68162,0.96744,0.802349
M7,gain error,global -3%,train/Category-4_a_0001,full,0.0232596,1.75987e-08,5.95559,45.8098,0.99986,0.380708,0.995359,0.999999,0.137354,0.860325,0.88082,0.515158,0.930093,0.686574
M7,gain error,global -3%,train/Category-4_a_0001,object,0.00599301,1.23409e-08,3.45712,40.6677,0.999849,0.643988,0.998802,0.999999,0.315887,0.688922,0.806814,0.680775,0.844385,0.753021
M7,gain error,global -3%,train/Category-4_a_0001,table,0.0771827,1.7262e-08,4.99517,52.1681,0.999764,0.208739,0.984682,0.999999,0.18918,1,0.932786,0.571115,0.999882,0.747844
M7,gain error,global -3%,train/Category-4_a_0001,background,0.0212661,1.86999e-08,3.43685,47.8979,0.999872,0.344817,0.995756,0.999999,0.318028,0.92993,0.891421,0.681615,0.964901,0.801403
M7,gain error,global +10%,train/Category-4_a_0001,full,0.0223843,1.75664e-08,19.852,35.759,0.998435,1.23928,0.995533,0.999999,0.001337,0.525301,0.661601,0.110001,0.761868,0.28343
M7,gain error,global +10%,train/Category-4_a_0001,object,0.0058963,1.2335e-08,11.5237,30.7017,0.99717,2.14571,0.998821,0.999999,0.0214669,0.356723,0.489077,0.277813,0.676946,0.413025
M7,gain error,global +10%,train/Category-4_a_0001,table,0.0724627,1.71975e-08,16.6506,42.0288,0.997745,0.667142,0.985612,0.999999,0.00388672,0.734294,0.800611,0.156469,0.866019,0.3638
M7,gain error,global +10%,train/Category-4_a_0001,background,0.0206248,1.86655e-08,11.4562,37.7614,0.998762,1.11368,0.995884,0.999999,0.0219558,0.592047,0.689887,0.279631,0.795405,0.461653
M7,gain error,global -10%,train/Category-4_a_0001,full,0.0235169,1.7632e-08,19.852,35.1577,0.998343,1.29649,0.995308,0.999999,0.001337,0.505256,0.649103,0.109993,0.751799,0.281296
M7,gain error,global -10%,train/Category-4_a_0001,object,0.00607358,1.2397e-08,11.5237,30.008,0.998349,2.20923,0.998786,0.999999,0.0214669,0.333599,0.47883,0.277809,0.665974,0.409365
M7,gain error,global -10%,train/Category-4_a_0001,table,0.0801923,1.72616e-08,16.6506,41.5257,0.997154,0.712446,0.984089,0.999999,0.00388672,0.717522,0.788611,0.156389,0.857338,0.361606
M7,gain error,global -10%,train/Category-4_a_0001,background,0.0212787,1.87319e-08,11.4562,37.2536,0.998463,1.17083,0.995753,0.999999,0.0219558,0.575121,0.676869,0.279619,0.786792,0.458575
M7,gain error,per band 1%,train/Category-4_a_0001,full,0.541759,9.5755e-05,1.9852,56.871,0.999979,0.513872,0.897312,0.995224,0.515957,1,0.842577,0.772371,0.999989,0.85655
M7,gain error,per band 1%,train/Category-4_a_0001,object,0.566184,9.82148e-05,1.15237,51.4719,0.999922,0.770613,0.892939,0.995101,0.681047,1,0.773468,0.845841,0.999961,0.884922
M7,gain error,per band 1%,train/Category-4_a_0001,table,0.489166,9.27458e-05,1.66506,63.7562,0.999981,0.267211,0.9068,0.995373,0.574062,1,0.914781,0.803191,0.99999,0.884312
M7,gain error,per band 1%,train/Category-4_a_0001,background,0.542164,9.55627e-05,1.14562,59.2326,0.99999,0.486922,0.897239,0.995233,0.682582,1,0.85018,0.84787,0.999995,0.89865
M7,gain error,per band 3%,train/Category-4_a_0001,full,1.61234,0.000858719,5.95559,47.3718,0.999819,1.52031,0.72436,0.957973,0.137354,0.912392,0.602438,0.456789,0.956106,0.616626
M7,gain error,per band 3%,train/Category-4_a_0001,object,1.69418,0.000882083,3.45712,41.9957,0.999372,2.25183,0.7126,0.956854,0.315887,0.733191,0.472079,0.599433,0.866282,0.65789
M7,gain error,per band 3%,train/Category-4_a_0001,table,1.43225,0.000830826,4.99517,54.2343,0.999831,0.805643,0.750925,0.95931,0.18918,1,0.764489,0.514609,0.999916,0.689019
M7,gain error,per band 3%,train/Category-4_a_0001,background,1.61409,0.000856822,3.43685,49.7063,0.999909,1.44474,0.724106,0.958064,0.318028,0.990211,0.617807,0.604255,0.99506,0.721914
M7,gain error,per band 10%,train/Category-4_a_0001,full,5.25761,0.00944387,19.852,37.0351,0.998303,4.78128,0.349405,0.623633,0.001337,0.567838,0.20316,0.0662924,0.783071,0.186096
M7,gain error,per band 10%,train/Category-4_a_0001,object,5.58617,0.00975046,11.5237,31.7245,0.994916,6.83606,0.327184,0.614146,0.0214669,0.390817,0.102419,0.162784,0.692866,0.25211
M7,gain error,per band 10%,train/Category-4_a_0001,table,4.61694,0.00910317,16.6506,43.839,0.998222,2.71051,0.397171,0.634347,0.00388672,0.794634,0.405148,0.0993031,0.896428,0.264852
M7,gain error,per band 10%,train/Category-4_a_0001,background,5.25626,0.00941639,11.4562,39.2948,0.998999,4.57545,0.3495,0.62449,0.0219558,0.643158,0.217588,0.168593,0.821079,0.30486
M8,zero-clamping,zero <0.001,train/Category-4_a_0001,full,0.0528273,0.00640281,0.025969,73.4475,0.999957,0.00312005,0.98949,0.726047,0.991381,1,0.998961,0.893043,0.999979,0.944855
M8,zero-clamping,zero <0.001,train/Category-4_a_0001,object,0.00574787,4.42921e-08,7.44403e-05,120,1,1.68234e-08,0.998851,0.999998,0.999975,1,1,0.999608,1,0.999804
M8,zero-clamping,zero <0.001,train/Category-4_a_0001,table,0.275808,0.0427049,0.486952,65.1228,0.999679,0.0201797,0.946332,0.118216,0.850171,1,0.993296,0.456466,0.999839,0.674903
M8,zero-clamping,zero <0.001,train/Category-4_a_0001,background,0.039649,0.00400129,0.0497221,75.582,0.999977,0.00201405,0.992102,0.818678,0.983563,1,0.999329,0.927877,0.999988,0.963163
M8,zero-clamping,zero <0.003,train/Category-4_a_0001,full,0.34102,0.123364,0.205604,53.2113,0.996222,0.0423789,0.93407,0.00209496,0.933761,1,0.985973,0.122254,0.998111,0.348678
M8,zero-clamping,zero <0.003,train/Category-4_a_0001,object,0.00574955,1.3305e-07,0.000125189,120,1,1.68234e-08,0.998851,0.999993,0.999958,1,1,0.999601,1,0.9998
M8,zero-clamping,zero <0.003,train/Category-4_a_0001,table,2.42658,0.870003,4.10715,44.8515,0.974174,0.300452,0.615503,1e-06,0.254348,0.828385,0.904701,0.00538956,0.901279,0.0697353
M8,zero-clamping,zero <0.003,train/Category-4_a_0001,background,0.196444,0.0722826,0.378676,55.386,0.997704,0.0246696,0.961473,0.0269404,0.881416,1,0.991811,0.283688,0.998852,0.531753
M8,zero-clamping,zero <0.01,train/Category-4_a_0001,full,2.15844,0.936078,1.18101,38.3706,0.965016,0.298308,0.649412,1e-06,0.674577,0.612352,0.905348,0.00759482,0.788684,0.0790127
M8,zero-clamping,zero <0.01,train/Category-4_a_0001,object,0.00587298,6.54547e-06,0.00233773,120,1,1.48318e-06,0.998826,0.999673,0.999221,1,1,0.99924,1,0.99962
M8,zero-clamping,zero <0.01,train/Category-4_a_0001,table,19.1645,8.2,27.1339,28.6989,0.694765,2.72009,0.0216466,1e-06,0.000118025,0.289964,0.403856,0.000136706,0.492364,0.00796394
M8,zero-clamping,zero <0.01,train/Category-4_a_0001,background,0.861584,0.385521,1.69657,42.8116,0.985467,0.111956,0.841712,1e-06,0.568063,0.760386,0.963369,0.00781964,0.872926,0.0838503
M8,zero-clamping,zero <0.02,train/Category-4_a_0001,full,4.21509,1.69176,2.38752,32.9887,0.935089,0.599137,0.430409,1e-06,0.451202,0.432957,0.818966,0.00579096,0.684023,0.0646607
M8,zero-clamping,zero <0.02,train/Category-4_a_0001,object,0.0209623,0.00239024,0.20372,82.667,0.999994,0.00113705,0.995816,0.887353,0.934348,1,0.999621,0.938127,0.999997,0.968513
M8,zero-clamping,zero <0.02,train/Category-4_a_0001,table,37.1801,15.5444,53.392,22.9356,0.393761,5.57567,0.000589626,1e-06,1e-06,0.0978533,0.155898,8.38543e-06,0.245807,0.0013409
M8,zero-clamping,zero <0.02,train/Category-4_a_0001,background,1.70561,0.622385,3.21257,38.6289,0.977103,0.213161,0.710972,1e-06,0.342715,0.620963,0.931412,0.0062459,0.799033,0.072288
M8,zero-clamping,floor 0.005,train/Category-4_a_0001,full,0.49337,0.00600336,0.34351,47.823,0.995673,0.0814746,0.906038,0.740694,0.891809,0.927432,0.973207,0.842725,0.961553,0.901808
M8,zero-clamping,floor 0.005,train/Category-4_a_0001,object,0.00575696,2.57358e-08,0.000391549,120,1,1.02491e-07,0.998849,0.999999,0.999869,1,1,0.999572,1,0.999786
M8,zero-clamping,floor 0.005,train/Category-4_a_0001,table,3.53862,0.0407124,6.72079,39.514,0.970185,0.577735,0.492764,0.1306,0.10643,0.650467,0.82483,0.18991,0.810326,0.393333
M8,zero-clamping,floor 0.005,train/Category-4_a_0001,background,0.281873,0.00368319,0.640092,49.9397,0.997394,0.047417,0.945185,0.831803,0.807862,0.99799,0.984319,0.85959,0.997692,0.924198
M8,zero-clamping,floor 0.02,train/Category-4_a_0001,full,2.51141,0.0285367,3.18443,33.2665,0.97389,0.703988,0.605148,0.240068,0.345945,0.442218,0.790838,0.369035,0.708054,0.519721
M8,zero-clamping,floor 0.02,train/Category-4_a_0001,object,0.00774943,2.94999e-06,0.0254764,103.422,1,9.2632e-05,0.998451,0.999853,0.991544,1,0.999969,0.996609,1,0.998299
M8,zero-clamping,floor 0.02,train/Category-4_a_0001,table,20.6048,0.217639,68.7835,24.2177,0.785019,6.03186,0.016229,1.87941e-05,1e-06,0.140591,0.133906,6.73137e-05,0.462805,0.00463405
M8,zero-clamping,floor 0.02,train/Category-4_a_0001,background,1.17496,0.015049,5.21249,36.4006,0.987846,0.303683,0.790578,0.471211,0.17596,0.546687,0.903727,0.403204,0.767266,0.570032
M9,constant,zeros,train/Category-4_a_0001,full,90,23.5902,198.52,8.90833,0.00764288,24.8517,1e-06,1e-06,1e-06,0,0.000252553,1e-06,0.00382144,4.11275e-05
M9,constant,zeros,train/Category-4_a_0001,object,90,23.6012,115.237,3.28468,0.0291373,60.0074,1e-06,1e-06,1e-06,0,1e-06,1e-06,0.0145687,2.86548e-05
M9,constant,zeros,train/Category-4_a_0001,table,90,23.7455,166.506,16.6555,0.0160983,10.6367,1e-06,1e-06,1e-06,0,0.0288525,1e-06,0.00804915,0.000108653
M9,constant,zeros,train/Category-4_a_0001,background,90,23.5721,114.562,11.5285,0.00241955,19.1674,1e-06,1e-06,1e-06,0,0.0016797,1e-06,0.00120978,3.65369e-05
M9,constant,train mean,train/Category-4_a_0001,full,19.3468,0.140033,172.213,14.0654,0.782276,15.5727,0.0208717,0.000910372,1e-06,0,0.00556704,0.000266845,0.391138,0.00539869
M9,constant,train mean,train/Category-4_a_0001,object,15.799,0.180524,93.3342,8.72365,0.447188,30.2035,0.0424341,0.00012022,1e-06,0,4.24229e-05,0.000172146,0.223594,0.00171554
M9,constant,train mean,train/Category-4_a_0001,table,37.5131,0.437955,752.46,11.4027,0.404169,25.2494,0.000551639,1e-06,1e-06,0,0.000221196,8.20134e-06,0.202084,0.000463016
M9,constant,train mean,train/Category-4_a_0001,background,18.2148,0.101447,187.63,17.8075,0.888812,11.6175,0.0261748,0.00626772,1e-06,0,0.0208061,0.000547433,0.444406,0.0098541
M9,constant,ones,train/Category-4_a_0001,full,19.1073,0.135609,773.025,2.9143,0.449306,56.8225,0.0218959,0.00113579,1e-06,0,1e-06,0.000291891,0.224653,0.00127538
M9,constant,ones,train/Category-4_a_0001,object,15.4217,0.196656,123.062,6.97963,0.482194,27.2602,0.0457605,5.36631e-05,1e-06,0,0.000113159,0.000134914,0.241097,0.00180654
M9,constant,ones,train/Category-4_a_0001,table,35.885,0.401245,6049.17,1.12995,0.173687,84.6693,0.000763961,1e-06,1e-06,0,1e-06,9.14163e-06,0.0868435,0.000161834
M9,constant,ones,train/Category-4_a_0001,background,18.1448,0.0961423,1977.63,2.61424,0.47073,59.9822,0.0265439,0.0081714,1e-06,0,1e-06,0.000600833,0.235365,0.00185989
M1,dropped pixels,drop 0.01,train/Category-4_a_0006,full,0.0606388,0.000118294,0.405692,66.0587,0.999886,0.00773509,0.987945,0.994103,0.873514,1,0.997425,0.950192,0.999943,0.974382
M1,dropped pixels,drop 0.01,train/Category-4_a_0006,object,0.0174413,8.39357e-06,0.27701,63.865,0.999915,0.00597616,0.996518,0.99958,0.911798,1,0.99801,0.968428,0.999958,0.983779
M1,dropped pixels,drop 0.01,train/Category-4_a_0006,table,0.212151,0.000717399,1.36482,63.2202,0.999688,0.0151405,0.958457,0.964766,0.634487,1,0.994966,0.837155,0.999844,0.914219
M1,dropped pixels,drop 0.01,train/Category-4_a_0006,background,0.0658827,0.000102745,0.591293,69.2123,0.999895,0.00778147,0.98691,0.994876,0.821111,1,0.99741,0.930714,0.999947,0.964342
M1,dropped pixels,drop 0.1,train/Category-4_a_0006,full,0.433318,0.00114908,1.31535,55.8067,0.998828,0.0791237,0.916986,0.944165,0.645036,1,0.97397,0.823502,0.999414,0.903702
M1,dropped pixels,drop 0.1,train/Category-4_a_0006,object,0.125544,8.88626e-05,0.903067,53.4725,0.999108,0.0618905,0.975204,0.995567,0.740061,1,0.979581,0.895663,0.999554,0.943323
M1,dropped pixels,drop 0.1,train/Category-4_a_0006,table,1.36208,0.00645632,4.47214,53.3173,0.99701,0.148895,0.761538,0.724107,0.225212,1,0.95158,0.498917,0.998505,0.700735
M1,dropped pixels,drop 0.1,train/Category-4_a_0006,background,0.491064,0.00106295,1.89989,59.0728,0.998907,0.0799545,0.906456,0.94824,0.530839,1,0.973701,0.769855,0.999454,0.873746
M1,dropped pixels,drop 0.5,train/Category-4_a_0006,full,2.08394,0.00584779,2.96363,48.8091,0.994055,0.394158,0.65916,0.746478,0.372367,0.960302,0.876879,0.567971,0.977179,0.732985
M1,dropped pixels,drop 0.5,train/Category-4_a_0006,object,0.596817,0.00043438,2.04535,46.4564,0.995623,0.308479,0.887485,0.978515,0.505715,0.881879,0.902284,0.760113,0.938751,0.839717
M1,dropped pixels,drop 0.5,train/Category-4_a_0006,table,6.50956,0.0331975,9.75292,46.371,0.98462,0.743664,0.272011,0.190163,0.0387365,0.879032,0.780447,0.12607,0.931826,0.333752
M1,dropped pixels,drop 0.5,train/Category-4_a_0006,background,2.37135,0.00537408,4.24242,52.0894,0.994397,0.397934,0.622339,0.76437,0.243134,1,0.875776,0.487221,0.997199,0.683589
M1,dropped pixels,pool 2,train/Category-4_a_0006,full,4.38357,0.012773,5.83861,42.5677,0.982136,0.941981,0.416149,0.528006,0.142815,0.752255,0.730524,0.315419,0.867196,0.509718
M1,dropped pixels,pool 2,train/Category-4_a_0006,object,1.35367,0.00115372,4.17787,39.3802,0.982435,0.87116,0.762819,0.943946,0.248423,0.646006,0.747974,0.563447,0.81422,0.668759
M1,dropped pixels,pool 2,train/Category-4_a_0006,table,13.5171,0.0723969,18.8942,41.1856,0.957882,1.69112,0.0669754,0.0267868,0.00183988,0.706188,0.569095,0.0148893,0.832035,0.105139
M1,dropped pixels,pool 2,train/Category-4_a_0006,background,4.95335,0.0116317,6.66962,47.7385,0.985238,0.882864,0.371328,0.559012,0.108261,0.924618,0.745062,0.282196,0.954928,0.500143
M1,dropped pixels,pool 4,train/Category-4_a_0006,full,5.46408,0.0187699,13.3891,35.3649,0.953532,1.46088,0.335271,0.391216,0.0115273,0.512162,0.614493,0.114775,0.732847,0.282459
M1,dropped pixels,pool 4,train/Category-4_a_0006,object,2.0202,0.00287985,9.81847,31.5631,0.923898,1.84741,0.667618,0.865894,0.0378993,0.385436,0.540207,0.279817,0.654667,0.415842
M1,dropped pixels,pool 4,train/Category-4_a_0006,table,16.6338,0.104913,51.866,34.2784,0.91069,2.44934,0.0359095,0.0052704,1e-06,0.475948,0.441999,0.00057414,0.693319,0.0186487
M1,dropped pixels,pool 4,train/Category-4_a_0006,background,6.00514,0.0165866,9.76604,44.3032,0.976979,1.09695,0.300885,0.436342,0.0385674,0.810106,0.693746,0.171718,0.893542,0.377119
M1,dropped pixels,pool 8,train/Category-4_a_0006,full,6.31014,0.0241582,25.5043,29.4521,0.903619,2.24732,0.283079,0.298821,0.000203179,0.315071,0.472789,0.0258067,0.609345,0.120717
M1,dropped pixels,pool 8,train/Category-4_a_0006,object,2.96658,0.00706204,18.7256,25.7332,0.810192,3.59353,0.552492,0.702506,0.00194623,0.191106,0.301845,0.0910731,0.500649,0.197924
M1,dropped pixels,pool 8,train/Category-4_a_0006,table,19.05,0.132143,137.986,26.8067,0.828501,3.71333,0.0221484,0.00135066,1e-06,0.226891,0.290029,0.000310429,0.527696,0.0116999
M1,dropped pixels,pool 8,train/Category-4_a_0006,background,6.57911,0.0197398,15.1983,40.4371,0.969432,1.24714,0.268254,0.372697,0.00630696,0.681236,0.65987,0.0857513,0.825334,0.257252
M2,dropped bands,every 10,train/Category-4_a_0006,full,4.92318,0.00853457,4.20989,39.9958,0.997591,3.64263,0.373575,0.652641,0.245785,0.666525,0.296944,0.391324,0.832058,0.488903
M2,dropped bands,every 10,train/Category-4_a_0006,object,0.740446,0.000666489,1.60836,50.2331,0.999349,0.56928,0.862354,0.967225,0.585013,1,0.827158,0.787275,0.999674,0.862287
M2,dropped bands,every 10,train/Category-4_a_0006,table,2.77988,0.00592197,4.34768,51.0454,0.995655,0.681273,0.573513,0.743714,0.234752,1,0.796848,0.464358,0.997827,0.658116
M2,dropped bands,every 10,train/Category-4_a_0006,background,7.70467,0.0135749,7.37547,37.7845,0.996806,5.87389,0.214181,0.507254,0.085564,0.592816,0.141146,0.210264,0.794811,0.315446
M2,dropped bands,every 4,train/Category-4_a_0006,full,3.62892,0.00613983,3.67448,45.3425,0.997241,1.73235,0.483945,0.735657,0.293809,0.844751,0.561329,0.471171,0.920996,0.611592
M2,dropped bands,every 4,train/Category-4_a_0006,object,1.14168,0.000873115,2.26187,51.6625,0.99913,0.422585,0.795857,0.957283,0.470502,1,0.868609,0.710361,0.999565,0.825082
M2,dropped bands,every 4,train/Category-4_a_0006,table,6.41051,0.0209496,7.66123,48.731,0.991977,0.91126,0.277454,0.350821,0.07779,0.9577,0.738043,0.196366,0.974838,0.419635
M2,dropped bands,every 4,train/Category-4_a_0006,background,4.73443,0.00727451,6.62535,43.4958,0.996827,2.62361,0.387948,0.695082,0.109871,0.783193,0.417056,0.309431,0.89001,0.468381
M2,dropped bands,every 2,train/Category-4_a_0006,full,6.82094,0.0179514,6.15511,40.8767,0.994762,3.33987,0.255588,0.40756,0.128516,0.695891,0.328476,0.237445,0.845326,0.38879
M2,dropped bands,every 2,train/Category-4_a_0006,object,1.46727,0.00141598,3.17303,48.9623,0.998433,0.681358,0.745683,0.931649,0.347261,0.965408,0.796826,0.622521,0.981921,0.757719
M2,dropped bands,every 2,train/Category-4_a_0006,table,10.1896,0.043789,11.1752,45.8988,0.985352,1.26759,0.130301,0.111978,0.0241117,0.863292,0.655386,0.0705942,0.924322,0.242604
M2,dropped bands,every 2,train/Category-4_a_0006,background,9.55458,0.0243075,11.2414,38.8469,0.993849,5.20378,0.147945,0.296599,0.0235855,0.62823,0.176472,0.101151,0.811039,0.227851
M3,low-rank,k=30,train/Category-4_a_0006,full,1.41457,0.0032663,1.30182,77.354,0.999993,0.0265961,0.753585,0.849324,0.64795,1,0.991174,0.745732,0.999997,0.862409
M3,low-rank,k=30,train/Category-4_a_0006,object,0.45545,0.000126139,0.848857,75.5882,0.999999,0.0216199,0.912935,0.993713,0.753556,1,0.992819,0.880925,0.999999,0.937562
M3,low-rank,k=30,train/Category-4_a_0006,table,4.80023,0.0219308,7.44625,73.1529,0.999968,0.0565161,0.382875,0.334024,0.083569,1,0.981338,0.220272,0.999984,0.468005
M3,low-rank,k=30,train/Category-4_a_0006,background,1.52807,0.0026129,2.69702,80.536,0.999993,0.0255143,0.736671,0.877529,0.406974,1,0.991531,0.640767,0.999997,0.799458
M3,low-rank,k=12,train/Category-4_a_0006,full,3.88542,0.0289814,5.27211,49.273,0.997309,0.630584,0.459745,0.234788,0.172498,0.975768,0.810426,0.265049,0.986538,0.496489
M3,low-rank,k=12,train/Category-4_a_0006,object,1.63321,0.00211805,3.89545,47.4059,0.998811,0.546314,0.721343,0.899512,0.272946,0.913531,0.833514,0.561576,0.956171,0.717842
M3,low-rank,k=12,train/Category-4_a_0006,table,13.0121,0.200089,16.8179,44.7458,0.990912,1.55488,0.074094,4.51981e-05,0.00367585,0.824859,0.595536,0.00230898,0.907885,0.0429791
M3,low-rank,k=12,train/Category-4_a_0006,background,3.99287,0.0218453,6.37853,52.9208,0.997279,0.555792,0.44997,0.335456,0.119292,1,0.830885,0.262106,0.998639,0.497695
M3,low-rank,k=8,train/Category-4_a_0006,full,5.43669,0.0758004,9.60036,35.532,0.975783,2.19624,0.337112,0.0225952,0.0407573,0.517734,0.480907,0.0677119,0.746759,0.210501
M3,low-rank,k=8,train/Category-4_a_0006,object,2.49401,0.00840573,7.55136,32.6497,0.993707,2.17561,0.607257,0.656859,0.0806918,0.421657,0.484226,0.318096,0.707682,0.448208
M3,low-rank,k=8,train/Category-4_a_0006,table,19.5862,0.535704,24.0178,30.8261,0.839865,8.98621,0.0198957,1e-06,0.000333479,0.360871,0.0500164,0.000187907,0.600368,0.00731618
M3,low-rank,k=8,train/Category-4_a_0006,background,5.27622,0.0537552,7.69536,43.1142,0.983485,1.29034,0.348107,0.0680331,0.07691,0.770474,0.650436,0.122125,0.87698,0.312917
M3,low-rank,k=4,train/Category-4_a_0006,full,10.6417,0.283725,14.2838,31.7462,0.961796,3.41597,0.119034,1e-06,0.00855487,0.391541,0.320249,0.00100607,0.676668,0.0233222
M3,low-rank,k=4,train/Category-4_a_0006,object,4.69905,0.013326,10.5424,28.5918,0.973747,4.55232,0.390702,0.513604,0.0297737,0.286394,0.219273,0.181455,0.63007,0.288615
M3,low-rank,k=4,train/Category-4_a_0006,table,36.8373,2.32017,59.0247,29.7607,0.87659,5.88426,0.000631469,1e-06,1e-06,0.325356,0.140659,8.57928e-06,0.600973,0.00182621
M3,low-rank,k=4,train/Category-4_a_0006,background,10.6394,0.169415,15.2542,37.1867,0.9662,2.40526,0.11909,0.000209511,0.00619063,0.572891,0.448542,0.00536544,0.769545,0.0592591
M3,low-rank,k=2,train/Category-4_a_0006,full,13.5309,0.351316,41.1031,23.1341,0.942984,7.94752,0.066792,1e-06,1.1213e-06,0.104471,0.0707097,4.21517e-05,0.523727,0.0034795
M3,low-rank,k=2,train/Category-4_a_0006,object,10.1287,0.0574346,32.0714,18.7552,0.911845,14.0015,0.131896,0.0566009,2.27612e-05,0,0.00939886,0.00553881,0.455922,0.0280725
M3,low-rank,k=2,train/Category-4_a_0006,table,38.3122,2.77844,62.908,29.152,0.875794,6.15662,0.000470156,1e-06,1e-06,0.305065,0.128451,7.77584e-06,0.59043,0.00170449
M3,low-rank,k=2,train/Category-4_a_0006,background,12.2064,0.198164,16.8346,35.0476,0.970619,4.58334,0.08705,4.97638e-05,0.00365547,0.501587,0.217017,0.00251117,0.736103,0.0357965
M4,added noise,sigma 0.001,train/Category-4_a_0006,full,1.10124,0.00723744,0.630298,57.5831,0.998512,0.264483,0.802319,0.696372,0.810504,1,0.915613,0.767917,0.999256,0.864571
M4,added noise,sigma 0.001,train/Category-4_a_0006,object,0.216279,3.77142e-05,0.300114,64.6759,0.999754,0.102119,0.957666,0.998116,0.904803,1,0.966533,0.952759,0.999877,0.971081
M4,added noise,sigma 0.001,train/Category-4_a_0006,table,4.19249,0.0501766,6.11232,50.2467,0.992518,0.703399,0.43236,0.0813635,0.130362,1,0.790993,0.16614,0.996259,0.393001
M4,added noise,sigma 0.001,train/Category-4_a_0006,background,1.21039,0.00571971,1.97608,58.1272,0.998582,0.301849,0.784995,0.751274,0.517527,1,0.90428,0.673286,0.999291,0.808048
M4,added noise,sigma 0.003,train/Category-4_a_0006,full,3.19158,0.0691885,1.88645,48.373,0.98826,0.782982,0.528181,0.0314478,0.533222,0.945768,0.770285,0.2069,0.967014,0.432294
M4,added noise,sigma 0.003,train/Category-4_a_0006,object,0.649087,0.000340829,0.900315,55.1235,0.997796,0.306388,0.878256,0.983103,0.740741,1,0.902913,0.86158,0.998898,0.913749
M4,added noise,sigma 0.003,train/Category-4_a_0006,table,11.6982,0.526714,17.8536,41.1758,0.945058,2.02675,0.0963617,1e-06,0.00260276,0.70586,0.508859,0.000630637,0.825459,0.0212189
M4,added noise,sigma 0.003,train/Category-4_a_0006,background,3.5558,0.0483305,5.91719,48.8509,0.988421,0.898696,0.491075,0.0892312,0.139123,0.961697,0.74114,0.182679,0.975059,0.405032
M4,added noise,sigma 0.01,train/Category-4_a_0006,full,9.36469,0.382677,6.23167,38.7093,0.913706,2.46015,0.153672,1e-06,0.125278,0.623642,0.440409,0.00268013,0.768674,0.0417509
M4,added noise,sigma 0.01,train/Category-4_a_0006,object,2.15614,0.00392173,3.0007,44.6601,0.97687,1.01562,0.649711,0.821941,0.367794,0.822002,0.71281,0.581284,0.899436,0.698281
M4,added noise,sigma 0.01,train/Category-4_a_0006,table,28.2572,3.18284,53.443,32.1303,0.726238,5.61251,0.00351247,1e-06,1e-06,0.404342,0.153995,1.52009e-05,0.56529,0.00241188
M4,added noise,sigma 0.01,train/Category-4_a_0006,background,11.104,0.229639,19.6348,38.8664,0.901431,2.89437,0.108522,1.03145e-05,0.0014374,0.62888,0.381063,0.00117179,0.765156,0.0269703
M4,added noise,sigma 0.03,train/Category-4_a_0006,full,21.59,1.59949,18.0205,30.2121,0.64577,6.15365,0.0133265,1e-06,0.00246183,0.340403,0.128578,0.000320129,0.493086,0.0102698
M4,added noise,sigma 0.03,train/Category-4_a_0006,object,6.25907,0.0880843,8.97895,35.084,0.850528,2.94123,0.285986,0.0122257,0.0501376,0.502802,0.375157,0.0559664,0.676665,0.178126
M4,added noise,sigma 0.03,train/Category-4_a_0006,table,45.3325,7.1423,141.85,24.6061,0.414886,10.8858,0.000115471,1e-06,1e-06,0.153536,0.0265532,4.86957e-06,0.284211,0.000824398
M4,added noise,sigma 0.03,train/Category-4_a_0006,background,27.512,1.75029,55.7132,30.0199,0.555018,7.42736,0.00407701,1e-06,1e-06,0.333996,0.0840969,1.59752e-05,0.444507,0.00207586
M4,added noise,sigma 0.05,train/Category-4_a_0006,full,28.4464,3.11145,28.5363,26.5698,0.478111,8.62595,0.00338201,1e-06,7.39505e-05,0.218992,0.0563983,6.30046e-05,0.348551,0.0035659
M4,added noise,sigma 0.05,train/Category-4_a_0006,object,9.77088,0.319654,14.7787,30.86,0.72073,4.60966,0.141681,1e-06,0.0072537,0.362,0.215121,0.00100915,0.541365,0.0203518
M4,added noise,sigma 0.05,train/Category-4_a_0006,table,51.4152,8.76195,227.894,21.2438,0.288696,13.8476,3.4208e-05,1e-06,1e-06,0.0414602,0.00989361,3.24621e-06,0.165078,0.000479935
M4,added noise,sigma 0.05,train/Category-4_a_0006,background,36.4654,4.01042,85.127,26.3656,0.359196,10.3123,0.000680229,1e-06,1e-06,0.212185,0.0321467,8.79465e-06,0.285691,0.0011422
M5,smoothing,sigma 0.5px,train/Category-4_a_0006,full,1.65518,0.00231112,1.72636,53.3431,0.998002,0.320177,0.718179,0.890871,0.562449,1,0.898772,0.711285,0.999001,0.829693
M5,smoothing,sigma 0.5px,train/Category-4_a_0006,object,0.484392,0.000150269,1.19799,50.8756,0.998536,0.257061,0.907666,0.992515,0.67077,1,0.917881,0.845432,0.999268,0.907499
M5,smoothing,sigma 0.5px,train/Category-4_a_0006,table,5.13783,0.0135259,5.66493,51.0127,0.99483,0.599756,0.357877,0.508497,0.151327,1,0.818797,0.301981,0.997415,0.532811
M5,smoothing,sigma 0.5px,train/Category-4_a_0006,background,1.88167,0.00208178,2.41441,56.8281,0.998112,0.319968,0.686373,0.901145,0.447175,1,0.898835,0.651545,0.999056,0.79411
M5,smoothing,sigma 1px,train/Category-4_a_0006,full,4.12135,0.0114738,5.54329,43.0383,0.984336,0.880533,0.438555,0.563444,0.157589,0.767942,0.745641,0.338949,0.876139,0.531921
M5,smoothing,sigma 1px,train/Category-4_a_0006,object,1.27846,0.00102874,3.96655,39.825,0.984529,0.824914,0.77438,0.949863,0.266552,0.660834,0.759594,0.580942,0.822682,0.683101
M5,smoothing,sigma 1px,train/Category-4_a_0006,table,12.7077,0.0650784,18.0477,41.6186,0.962352,1.58426,0.0787448,0.0386225,0.00243964,0.720619,0.589731,0.0195042,0.841486,0.121459
M5,smoothing,sigma 1px,train/Category-4_a_0006,background,4.65374,0.010447,6.26194,48.3397,0.987194,0.8185,0.394259,0.593126,0.12402,0.944658,0.76122,0.307237,0.965926,0.525646
M5,smoothing,sigma 2px,train/Category-4_a_0006,full,5.31584,0.0178299,12.5916,35.8846,0.958241,1.41092,0.34536,0.410042,0.0150374,0.529487,0.624811,0.128654,0.743864,0.301368
M5,smoothing,sigma 2px,train/Category-4_a_0006,object,1.96138,0.00268506,9.2203,32.109,0.933994,1.77321,0.675518,0.874369,0.046262,0.403634,0.553735,0.301198,0.668814,0.436293
M5,smoothing,sigma 2px,train/Category-4_a_0006,table,16.2032,0.0998465,48.225,34.7249,0.918005,2.3681,0.0391385,0.00678987,1e-06,0.490831,0.454132,0.000642917,0.704418,0.0199249
M5,smoothing,sigma 2px,train/Category-4_a_0006,background,5.8418,0.0157607,9.51309,44.6349,0.978126,1.06567,0.310877,0.454737,0.0419603,0.821165,0.701017,0.181021,0.899645,0.388731
M5,smoothing,sigma 4px,train/Category-4_a_0006,full,6.20131,0.0233624,23.9544,29.9503,0.912075,2.17959,0.289309,0.310951,0.000340603,0.331676,0.483584,0.031292,0.621876,0.134333
M5,smoothing,sigma 4px,train/Category-4_a_0006,object,2.897,0.00663242,17.6047,26.2426,0.829235,3.45054,0.560234,0.717759,0.00282791,0.208088,0.31658,0.104377,0.518662,0.216065
M5,smoothing,sigma 4px,train/Category-4_a_0006,table,18.77,0.128332,126.41,27.2866,0.84339,3.62675,0.0234239,0.00163423,1e-06,0.242888,0.29852,0.000337021,0.543139,0.0123678
M5,smoothing,sigma 4px,train/Category-4_a_0006,background,6.47003,0.0191336,14.5352,40.7961,0.970712,1.22679,0.27417,0.384166,0.00786722,0.693203,0.664362,0.0939262,0.831958,0.270265
M6,destriping,own profile,train/Category-4_a_0006,full,6.41456,0.267988,5.31405,35.8352,0.953364,1.74741,0.277229,1.51605e-06,0.170103,0.52784,0.558517,0.00415038,0.740602,0.053144
M6,destriping,own profile,train/Category-4_a_0006,object,1.45194,0.00254998,2.95205,39.3701,0.984349,1.06166,0.747973,0.880294,0.373806,0.645669,0.701955,0.626691,0.815009,0.698844
M6,destriping,own profile,train/Category-4_a_0006,table,22.9478,2.0932,44.6016,29.3721,0.800619,4.1942,0.0101573,1e-06,1e-06,0.312403,0.247074,2.16567e-05,0.556511,0.00307352
M6,destriping,own profile,train/Category-4_a_0006,background,7.13503,0.179288,14.9287,36.4499,0.955562,1.82503,0.240027,0.000127881,0.00690005,0.548329,0.544251,0.00596082,0.751945,0.0637805
M6,destriping,train template,train/Category-4_a_0006,full,4.90904,0.0319059,3.33513,45.9954,0.985058,0.8579,0.374633,0.202848,0.328996,0.866513,0.751288,0.292408,0.925786,0.504248
M6,destriping,train template,train/Category-4_a_0006,object,1.00574,0.000664515,1.79997,51.9267,0.99664,0.363339,0.817792,0.96732,0.548818,1,0.885934,0.757205,0.99832,0.854007
M6,destriping,train template,train/Category-4_a_0006,table,17.3879,0.208052,16.1764,39.4173,0.93925,2.07566,0.0308822,3.03541e-05,0.00455224,0.647244,0.500631,0.001622,0.793247,0.0334769
M6,destriping,train template,train/Category-4_a_0006,background,5.54675,0.0266965,7.08976,46.155,0.984354,0.987834,0.329774,0.263205,0.0941134,0.871835,0.719443,0.201397,0.928094,0.416134
M7,gain error,global +1%,train/Category-4_a_0006,full,0.0195586,1.76287e-08,1.69138,54.7521,0.999984,0.142477,0.996096,0.999999,0.569047,1,0.953618,0.827592,0.999992,0.903261
M7,gain error,global +1%,train/Category-4_a_0006,object,0.00630871,1.59504e-08,1.20995,51.8539,0.999981,0.205285,0.998739,0.999999,0.6681,1,0.93386,0.873838,0.99999,0.925244
M7,gain error,global +1%,train/Category-4_a_0006,table,0.0764296,1.72663e-08,1.65848,61.8532,0.999975,0.0685557,0.98483,0.999999,0.575322,1,0.977407,0.82748,0.999987,0.906542
M7,gain error,global +1%,train/Category-4_a_0006,background,0.0197609,1.86774e-08,1.15265,57.4,0.999986,0.115058,0.996056,0.999999,0.680985,1,0.962374,0.878632,0.999993,0.931974
M7,gain error,global -1%,train/Category-4_a_0006,full,0.019813,1.76695e-08,1.69138,54.6934,0.999984,0.143318,0.996045,0.999999,0.569047,1,0.953351,0.827578,0.999992,0.903215
M7,gain error,global -1%,train/Category-4_a_0006,object,0.0066137,1.6045e-08,1.20995,51.7912,0.999981,0.20666,0.998678,0.999999,0.6681,1,0.933433,0.87382,0.999991,0.925171
M7,gain error,global -1%,train/Category-4_a_0006,table,0.0772005,1.7225e-08,1.65848,61.803,0.999974,0.0690026,0.984678,0.999999,0.575322,1,0.977262,0.827437,0.999987,0.906499
M7,gain error,global -1%,train/Category-4_a_0006,background,0.0199154,1.86973e-08,1.15265,57.3494,0.999986,0.115634,0.996025,0.999999,0.680985,1,0.962189,0.878623,0.999993,0.931943
M7,gain error,global +3%,train/Category-4_a_0006,full,0.019539,1.7633e-08,5.07413,45.2702,0.999857,0.424694,0.9961,0.999999,0.184265,0.842339,0.867999,0.568306,0.921098,0.717094
M7,gain error,global +3%,train/Category-4_a_0006,object,0.0066448,1.59823e-08,3.62986,42.3772,0.999836,0.611046,0.998672,0.999999,0.298211,0.745905,0.815722,0.667804,0.872871,0.755767
M7,gain error,global +3%,train/Category-4_a_0006,table,0.0756643,1.72263e-08,4.97543,52.3602,0.99978,0.204345,0.984981,0.999999,0.190429,1,0.934153,0.572427,0.99989,0.748869
M7,gain error,global +3%,train/Category-4_a_0006,background,0.0196303,1.86714e-08,3.45794,47.9075,0.99988,0.343481,0.996082,0.999999,0.3158,0.930249,0.891818,0.680094,0.965064,0.800609
M7,gain error,global -3%,train/Category-4_a_0006,full,0.0196484,1.76791e-08,5.07413,45.0961,0.999857,0.432576,0.996078,0.999999,0.184265,0.836535,0.865721,0.568302,0.918196,0.716017
M7,gain error,global -3%,train/Category-4_a_0006,object,0.00571561,1.60677e-08,3.62986,42.1921,0.999854,0.624327,0.998858,0.999999,0.298211,0.739738,0.812119,0.667845,0.869796,0.754357
M7,gain error,global -3%,train/Category-4_a_0006,table,0.0780206,1.72288e-08,4.97543,52.2096,0.999764,0.208368,0.984517,0.999999,0.190429,1,0.932901,0.572337,0.999882,0.748658
M7,gain error,global -3%,train/Category-4_a_0006,background,0.0200546,1.87e-08,3.45794,47.7555,0.999872,0.34867,0.995997,0.999999,0.3158,0.925183,0.890276,0.680075,0.962528,0.799653
M7,gain error,global +10%,train/Category-4_a_0006,full,0.0187441,1.76174e-08,16.9138,35.0117,0.998553,1.3855,0.996258,0.999999,0.00356022,0.500391,0.630128,0.152505,0.749472,0.329397
M7,gain error,global +10%,train/Category-4_a_0006,object,0.00573976,1.59546e-08,12.0995,32.1337,0.998397,1.98425,0.998853,0.999999,0.0177179,0.404455,0.51612,0.260598,0.701426,0.408312
M7,gain error,global +10%,train/Category-4_a_0006,table,0.0731874,1.72749e-08,16.5848,42.0702,0.99774,0.666233,0.985469,0.999999,0.00397291,0.735674,0.800853,0.15761,0.866707,0.365241
M7,gain error,global +10%,train/Category-4_a_0006,background,0.0191284,1.86542e-08,11.5265,37.6189,0.998755,1.12609,0.996182,0.999999,0.0214473,0.587296,0.68704,0.277483,0.793025,0.459109
M7,gain error,global -10%,train/Category-4_a_0006,full,0.0202528,1.76924e-08,16.9138,34.4452,0.998333,1.47678,0.995958,0.999999,0.00356022,0.481508,0.611243,0.152489,0.73992,0.326412
M7,gain error,global -10%,train/Category-4_a_0006,object,0.00587582,1.60238e-08,12.0995,31.538,0.998398,2.14224,0.998826,0.999999,0.0177179,0.384601,0.489642,0.260595,0.6915,0.403081
M7,gain error,global -10%,train/Category-4_a_0006,table,0.0810169,1.72881e-08,16.5848,41.5673,0.997147,0.710989,0.983927,0.999999,0.00397291,0.718909,0.788994,0.157528,0.858028,0.363049
M7,gain error,global -10%,train/Category-4_a_0006,background,0.0206,1.8741e-08,11.5265,37.1113,0.998455,1.18393,0.995888,0.999999,0.0214473,0.570376,0.673921,0.277456,0.784415,0.456015
M7,gain error,per band 1%,train/Category-4_a_0006,full,0.543861,9.61376e-05,1.69138,56.9495,0.999988,0.479491,0.896935,0.995205,0.569047,1,0.852288,0.797885,0.999994,0.872082
M7,gain error,per band 1%,train/Category-4_a_0006,object,0.566126,9.82662e-05,1.20995,54.2849,0.999986,0.526073,0.89295,0.995099,0.6681,1,0.839157,0.840449,0.999993,0.892958
M7,gain error,per band 1%,train/Category-4_a_0006,table,0.490965,9.29593e-05,1.65848,63.8221,0.999981,0.263263,0.906474,0.995363,0.575322,1,0.915986,0.803679,0.99999,0.884755
M7,gain error,per band 1%,train/Category-4_a_0006,background,0.537751,9.52994e-05,1.15265,59.1471,0.99999,0.480982,0.898031,0.995246,0.680985,1,0.851865,0.847461,0.999995,0.8987
M7,gain error,per band 3%,train/Category-4_a_0006,full,1.61985,0.000862388,5.07413,47.424,0.99989,1.42836,0.723273,0.957797,0.184265,0.914133,0.62119,0.503508,0.957012,0.650591
M7,gain error,per band 3%,train/Category-4_a_0006,object,1.69406,0.000882565,3.62986,44.7591,0.999873,1.56119,0.712617,0.956831,0.298211,0.825304,0.594285,0.588038,0.912589,0.686907
M7,gain error,per band 3%,train/Category-4_a_0006,table,1.43755,0.000832803,4.97543,54.3002,0.999829,0.793734,0.750129,0.959215,0.190429,1,0.76753,0.515539,0.999915,0.690053
M7,gain error,per band 3%,train/Category-4_a_0006,background,1.60029,0.000854369,3.45794,49.6218,0.999909,1.43505,0.726107,0.958181,0.3158,0.987394,0.619806,0.603421,0.993652,0.721407
M7,gain error,per band 10%,train/Category-4_a_0006,full,5.29243,0.00949327,16.9138,37.0131,0.998787,4.59792,0.346981,0.622094,0.00356022,0.567105,0.215965,0.0915966,0.782946,0.220751
M7,gain error,per band 10%,train/Category-4_a_0006,object,5.58702,0.00975658,12.0995,34.3463,0.998552,4.96736,0.327128,0.613958,0.0177179,0.47821,0.190942,0.152671,0.738381,0.274101
M7,gain error,per band 10%,train/Category-4_a_0006,table,4.63557,0.00912724,16.5848,43.9047,0.998205,2.67051,0.395694,0.633584,0.00397291,0.796823,0.410586,0.0998675,0.897514,0.266248
M7,gain error,per band 10%,train/Category-4_a_0006,background,5.20578,0.00938592,11.5265,39.2139,0.999006,4.63849,0.353047,0.625442,0.0214473,0.640463,0.213064,0.167931,0.819735,0.303129
M8,zero-clamping,zero <0.001,train/Category-4_a_0006,full,0.0466574,0.00553902,0.015909,73.9036,0.999964,0.00299206,0.990712,0.758092,0.994711,1,0.999003,0.907379,0.999982,0.952416
M8,zero-clamping,zero <0.001,train/Category-4_a_0006,object,0.00579212,1.00535e-08,4.47763e-05,120,1,4.10031e-09,0.998842,0.999999,0.999985,1,1,0.999609,1,0.999804
M8,zero-clamping,zero <0.001,train/Category-4_a_0006,table,0.256337,0.0351384,0.437622,65.7504,0.999745,0.0194483,0.950025,0.172575,0.864267,1,0.993538,0.521339,0.999872,0.721304
M8,zero-clamping,zero <0.001,train/Category-4_a_0006,background,0.042646,0.00483592,0.0521682,74.6245,0.999972,0.00254906,0.991507,0.785216,0.982761,1,0.999151,0.914628,0.999986,0.956235
M8,zero-clamping,zero <0.003,train/Category-4_a_0006,full,0.332422,0.120285,0.134628,53.2315,0.996326,0.0414027,0.935678,0.00244369,0.956116,1,0.986294,0.129786,0.998163,0.359282
M8,zero-clamping,zero <0.003,train/Category-4_a_0006,object,0.00579444,1.32816e-07,0.000254797,120,1,4.8771e-08,0.998842,0.999993,0.999915,1,1,0.999583,1,0.999792
M8,zero-clamping,zero <0.003,train/Category-4_a_0006,table,2.42889,0.857804,4.0769,44.7216,0.974527,0.303003,0.615218,1e-06,0.256926,0.824052,0.903932,0.00540687,0.899289,0.0697843
M8,zero-clamping,zero <0.003,train/Category-4_a_0006,background,0.243491,0.0922048,0.40902,54.3587,0.997085,0.0306904,0.952469,0.00994943,0.872546,1,0.989822,0.202215,0.998543,0.448764
M8,zero-clamping,zero <0.01,train/Category-4_a_0006,full,2.15273,0.932326,0.852809,38.355,0.965054,0.291654,0.650154,1e-06,0.752564,0.611833,0.907358,0.00787988,0.788443,0.0805001
M8,zero-clamping,zero <0.01,train/Category-4_a_0006,object,0.00597719,9.82074e-06,0.00336163,117.523,1,2.292e-06,0.998805,0.999509,0.99888,1,0.999999,0.999065,1,0.999532
M8,zero-clamping,zero <0.01,train/Category-4_a_0006,table,19.5248,8.30975,27.1881,28.6091,0.688684,2.70762,0.0201416,1e-06,0.000115909,0.286969,0.405539,0.000132659,0.487827,0.00782468
M8,zero-clamping,zero <0.01,train/Category-4_a_0006,background,1.08234,0.490066,1.81324,41.7702,0.981609,0.138683,0.805358,1e-06,0.546395,0.725673,0.954824,0.00760616,0.853641,0.0819441
M8,zero-clamping,zero <0.02,train/Category-4_a_0006,full,4.13517,1.67925,1.76585,33.0165,0.935492,0.579583,0.437345,1e-06,0.555094,0.433884,0.824322,0.00623826,0.684688,0.0671999
M8,zero-clamping,zero <0.02,train/Category-4_a_0006,object,0.00820936,0.000136094,0.0200196,86.8947,0.999997,0.00011197,0.998359,0.993218,0.993349,1,0.999963,0.994973,0.999999,0.997477
M8,zero-clamping,zero <0.02,train/Category-4_a_0006,table,37.8536,15.7405,53.4882,22.9068,0.387461,5.49476,0.000515321,1e-06,1e-06,0.096892,0.160159,8.01726e-06,0.242176,0.00130961
M8,zero-clamping,zero <0.02,train/Category-4_a_0006,background,2.0339,0.778001,3.25358,37.6506,0.971176,0.260099,0.665791,1e-06,0.338062,0.588352,0.916952,0.00608291,0.779764,0.0705659
M8,zero-clamping,floor 0.005,train/Category-4_a_0006,full,0.473224,0.00557674,0.220275,48.0299,0.995841,0.0797237,0.909696,0.756663,0.929206,0.934329,0.973775,0.861596,0.965085,0.9131
M8,zero-clamping,floor 0.005,train/Category-4_a_0006,object,0.00579681,1.42011e-08,0.000444505,120,1,8.86021e-08,0.998841,0.999999,0.999852,1,1,0.999564,1,0.999782
M8,zero-clamping,floor 0.005,train/Category-4_a_0006,table,3.46274,0.0378254,6.48068,39.665,0.970825,0.580068,0.500299,0.15088,0.115299,0.655501,0.824189,0.205698,0.813163,0.409809
M8,zero-clamping,floor 0.005,train/Category-4_a_0006,background,0.347401,0.00453785,0.685881,48.9831,0.996746,0.0595542,0.932879,0.797006,0.795625,0.966104,0.980344,0.839457,0.981425,0.90752
M8,zero-clamping,floor 0.02,train/Category-4_a_0006,full,2.41339,0.0268901,2.20659,33.3372,0.97434,0.689897,0.617129,0.260669,0.479251,0.444574,0.794561,0.425607,0.709457,0.558918
M8,zero-clamping,floor 0.02,train/Category-4_a_0006,object,0.00662852,1.31794e-06,0.00787302,105.564,1,1.87837e-05,0.998675,0.999934,0.997379,1,0.999994,0.998662,1,0.99933
M8,zero-clamping,floor 0.02,train/Category-4_a_0006,table,20.4227,0.208925,68.2591,24.1905,0.783581,6.0418,0.0168308,2.90568e-05,1e-06,0.139684,0.133463,7.87863e-05,0.461632,0.00500649
M8,zero-clamping,floor 0.02,train/Category-4_a_0006,background,1.41172,0.0182914,5.57481,35.4143,0.98485,0.377125,0.754015,0.400689,0.155942,0.513809,0.881872,0.361174,0.749329,0.533095
M9,constant,zeros,train/Category-4_a_0006,full,90,23.6069,169.138,8.11623,0.00289785,28.4289,1e-06,1e-06,1e-06,0,7.66478e-05,1e-06,0.00144892,2.44929e-05
M9,constant,zeros,train/Category-4_a_0006,object,90,23.6211,120.995,4.94088,0.000437533,47.4855,1e-06,1e-06,1e-06,0,1e-06,1e-06,0.000218767,6.59164e-06
M9,constant,zeros,train/Category-4_a_0006,table,90,23.7371,165.848,16.7115,0.0157152,10.5086,1e-06,1e-06,1e-06,0,0.0301112,1e-06,0.00785761,0.000108433
M9,constant,zeros,train/Category-4_a_0006,background,90,23.5808,115.265,11.3521,0.00263018,19.5002,1e-06,1e-06,1e-06,0,0.00150334,1e-06,0.00131509,3.69993e-05
M9,constant,train mean,train/Category-4_a_0006,full,20.1111,0.164094,140.312,14.2788,0.761466,17.2073,0.0179131,0.000273363,1e-06,0,0.00322835,0.000169813,0.380733,0.00393142
M9,constant,train mean,train/Category-4_a_0006,object,17.0012,0.182787,96.3416,11.8933,0.629519,23.8976,0.0333654,0.00010736,1e-06,0,0.000347109,0.000153007,0.314759,0.00249873
M9,constant,train mean,train/Category-4_a_0006,table,36.8609,0.41885,750.102,11.3846,0.402604,25.233,0.000628495,1e-06,1e-06,0,0.000222407,8.56578e-06,0.201302,0.000472936
M9,constant,train mean,train/Category-4_a_0006,background,19.6987,0.118509,176.359,17.8855,0.888595,12.1367,0.0194534,0.00267063,1e-06,0,0.0175,0.000373138,0.444298,0.00792641
M9,constant,ones,train/Category-4_a_0006,full,20.7671,0.177567,556.228,3.29872,0.46518,54.2655,0.0157107,0.000139375,1e-06,0,1e-06,0.000129855,0.23259,0.000861067
M9,constant,ones,train/Category-4_a_0006,object,19.5912,0.241896,227.349,5.61219,0.512357,37.9541,0.0198762,5.58858e-06,1e-06,0,3.20313e-06,4.80705e-05,0.256178,0.000645305
M9,constant,ones,train/Category-4_a_0006,table,35.3128,0.385306,6040.56,1.12223,0.172865,84.8057,0.000856583,1e-06,1e-06,0,1e-06,9.49707e-06,0.0864324,0.000164677
M9,constant,ones,train/Category-4_a_0006,background,19.5005,0.111154,1879.71,2.66153,0.476607,59.8522,0.0202397,0.00385768,1e-06,0,1e-06,0.000427409,0.238303,0.0015755
M1,dropped pixels,drop 0.01,train/Category-4_a_0014,full,0.0697671,0.000125178,0.456108,66.6481,0.999888,0.00805105,0.986143,0.993761,0.858957,1,0.99732,0.944201,0.999944,0.97129
M1,dropped pixels,drop 0.01,train/Category-4_a_0014,object,0.0185743,1.10206e-05,0.260484,63.3401,0.999929,0.00570036,0.996292,0.999449,0.916835,1,0.998102,0.970092,0.999965,0.984639
M1,dropped pixels,drop 0.01,train/Category-4_a_0014,table,0.22461,0.000748623,1.57628,63.0126,0.999674,0.0165567,0.956072,0.963261,0.591302,1,0.994496,0.81661,0.999837,0.902866
M1,dropped pixels,drop 0.01,train/Category-4_a_0014,background,0.0677239,9.01893e-05,0.635118,69.4515,0.9999,0.00780456,0.986547,0.995501,0.809203,1,0.997402,0.926273,0.99995,0.962038
M1,dropped pixels,drop 0.1,train/Category-4_a_0014,full,0.48925,0.0012144,1.42386,56.8079,0.998887,0.0800697,0.906785,0.941087,0.622121,1,0.973663,0.809723,0.999443,0.896076
M1,dropped pixels,drop 0.1,train/Category-4_a_0014,object,0.126394,0.000103765,0.79606,53.7015,0.999308,0.0536823,0.975038,0.994825,0.766935,1,0.982265,0.906099,0.999654,0.949226
M1,dropped pixels,drop 0.1,train/Category-4_a_0014,table,1.43591,0.00677006,4.87949,53.3586,0.996956,0.157123,0.750375,0.712837,0.196617,1,0.948973,0.472023,0.998478,0.6813
M1,dropped pixels,drop 0.1,train/Category-4_a_0014,background,0.491275,0.000929778,2.04947,59.3006,0.998975,0.0793186,0.906418,0.954575,0.50502,1,0.973907,0.758838,0.999488,0.86751
M1,dropped pixels,drop 0.5,train/Category-4_a_0014,full,2.36554,0.00615954,3.17332,49.861,0.994301,0.402867,0.623063,0.734932,0.347228,0.995366,0.874337,0.541749,0.994834,0.720052
M1,dropped pixels,drop 0.5,train/Category-4_a_0014,object,0.60122,0.000509528,1.77295,46.7961,0.996696,0.266713,0.886704,0.974845,0.553783,0.893204,0.914933,0.782261,0.94495,0.855613
M1,dropped pixels,drop 0.5,train/Category-4_a_0014,table,6.9376,0.0346423,10.8279,46.4115,0.984405,0.790923,0.249694,0.17691,0.0270706,0.880383,0.768249,0.106142,0.932394,0.305582
M1,dropped pixels,drop 0.5,train/Category-4_a_0014,background,2.37876,0.00468754,4.54691,52.3104,0.994687,0.400034,0.621418,0.791064,0.219668,1,0.875163,0.476198,0.997343,0.675776
M1,dropped pixels,pool 2,train/Category-4_a_0014,full,4.95801,0.0134792,5.89078,43.6838,0.983838,0.937982,0.370982,0.509687,0.140353,0.78946,0.731498,0.298281,0.886649,0.499641
M1,dropped pixels,pool 2,train/Category-4_a_0014,object,1.33548,0.00127409,3.49558,39.1762,0.986693,0.792248,0.765599,0.938282,0.311862,0.639207,0.76791,0.607341,0.81295,0.696683
M1,dropped pixels,pool 2,train/Category-4_a_0014,table,14.4191,0.0758272,20.4594,41.221,0.95675,1.78879,0.0559209,0.0225649,0.00109194,0.707367,0.550865,0.0111276,0.832058,0.0904506
M1,dropped pixels,pool 2,train/Category-4_a_0014,background,4.9771,0.0102096,7.23554,47.8191,0.98597,0.887307,0.369568,0.600206,0.0896495,0.927304,0.743959,0.270924,0.956637,0.49025
M1,dropped pixels,pool 4,train/Category-4_a_0014,full,6.10196,0.01971,13.2814,36.133,0.964783,1.36794,0.295115,0.373253,0.0119486,0.537768,0.633827,0.10959,0.751275,0.279712
M1,dropped pixels,pool 4,train/Category-4_a_0014,object,2.04756,0.00350928,8.49774,30.4584,0.937923,1.86726,0.663974,0.839067,0.0588608,0.348613,0.536644,0.32008,0.643268,0.44159
M1,dropped pixels,pool 4,train/Category-4_a_0014,table,17.6526,0.109367,54.0521,34.4655,0.913231,2.50284,0.0292897,0.00421821,1e-06,0.482185,0.434187,0.000498059,0.697708,0.0173611
M1,dropped pixels,pool 4,train/Category-4_a_0014,background,6.01812,0.0146154,11.2862,43.9617,0.97824,1.09846,0.300105,0.481537,0.023236,0.798722,0.693397,0.149746,0.888481,0.35144
M1,dropped pixels,pool 8,train/Category-4_a_0014,full,6.95143,0.0253241,26.6011,29.6639,0.929592,2.03498,0.249004,0.281899,0.000140962,0.322131,0.507465,0.0214684,0.625862,0.112326
M1,dropped pixels,pool 8,train/Category-4_a_0014,object,3.28618,0.0109497,17.1353,23.9779,0.818915,4.05945,0.518282,0.578402,0.00330687,0.132598,0.258425,0.0997098,0.475757,0.198749
M1,dropped pixels,pool 8,train/Category-4_a_0014,table,20.0143,0.134767,151.977,26.6986,0.84633,3.68715,0.0182634,0.00118462,1e-06,0.223287,0.29257,0.000278646,0.534808,0.0111514
M1,dropped pixels,pool 8,train/Category-4_a_0014,background,6.5889,0.0175334,19.4831,39.406,0.970911,1.26507,0.267729,0.416166,0.00151193,0.646866,0.655937,0.0552287,0.808888,0.20482
M2,dropped bands,every 10,train/Category-4_a_0014,full,6.14704,0.0104806,4.55982,38.9537,0.997316,4.65901,0.292466,0.59213,0.218725,0.631789,0.211612,0.335839,0.814553,0.427285
M2,dropped bands,every 10,train/Category-4_a_0014,object,1.41915,0.00131755,1.8814,45.6345,0.999403,1.40743,0.752895,0.936246,0.534121,0.854484,0.625538,0.722084,0.926943,0.77126
M2,dropped bands,every 10,train/Category-4_a_0014,table,3.01427,0.00618173,4.86585,50.6564,0.995197,0.742089,0.547247,0.734117,0.197513,1,0.780857,0.429716,0.997598,0.631119
M2,dropped bands,every 10,train/Category-4_a_0014,background,7.86568,0.0136175,7.27813,37.7134,0.99694,6.03381,0.207394,0.506174,0.0883859,0.590447,0.133819,0.210132,0.793693,0.312682
M2,dropped bands,every 4,train/Category-4_a_0014,full,4.14126,0.0067635,3.84713,44.5362,0.997055,2.14591,0.436812,0.71307,0.277377,0.817872,0.489044,0.442078,0.907464,0.577287
M2,dropped bands,every 4,train/Category-4_a_0014,object,1.0934,0.000698432,1.70169,50.3427,0.999174,0.652487,0.803578,0.965681,0.567095,1,0.804531,0.760628,0.999587,0.844024
M2,dropped bands,every 4,train/Category-4_a_0014,table,6.88273,0.0217699,8.60733,48.5683,0.991602,0.983437,0.252449,0.336723,0.0567494,0.952278,0.720498,0.168967,0.97194,0.387454
M2,dropped bands,every 4,train/Category-4_a_0014,background,4.72829,0.00688672,6.56298,43.4615,0.997035,2.7077,0.388424,0.708691,0.112179,0.78205,0.405527,0.313731,0.889542,0.469559
M2,dropped bands,every 2,train/Category-4_a_0014,full,8.16294,0.0209159,6.60718,39.9455,0.994388,4.20013,0.195423,0.351413,0.110538,0.66485,0.246587,0.196533,0.829619,0.336605
M2,dropped bands,every 2,train/Category-4_a_0014,object,2.00488,0.00230465,2.92978,45.5876,0.998541,1.37132,0.669666,0.891159,0.376592,0.852921,0.633113,0.607988,0.925731,0.708662
M2,dropped bands,every 2,train/Category-4_a_0014,table,10.8499,0.0455909,12.5516,45.6765,0.984484,1.36566,0.114181,0.102331,0.0152393,0.855884,0.634309,0.0562584,0.920184,0.215177
M2,dropped bands,every 2,train/Category-4_a_0014,background,9.66106,0.0236324,11.1992,38.8335,0.994264,5.33347,0.144827,0.306782,0.0239197,0.627785,0.169006,0.10205,0.811024,0.22738
M3,low-rank,k=30,train/Category-4_a_0014,full,1.55972,0.003227,1.42354,76.2133,0.999991,0.0271566,0.732023,0.850994,0.622188,1,0.990989,0.729107,0.999996,0.852717
M3,low-rank,k=30,train/Category-4_a_0014,object,0.467784,0.000139445,0.712677,71.6413,0.999992,0.0199077,0.910686,0.993052,0.78855,1,0.993386,0.893422,0.999996,0.944268
M3,low-rank,k=30,train/Category-4_a_0014,table,5.21302,0.021536,8.37106,73.0601,0.999968,0.0611341,0.352535,0.340684,0.0613995,1,0.979828,0.194643,0.999984,0.439835
M3,low-rank,k=30,train/Category-4_a_0014,background,1.47779,0.00212237,2.60727,80.8935,0.999994,0.0255487,0.744116,0.899318,0.419333,1,0.99152,0.654693,0.999997,0.808097
M3,low-rank,k=12,train/Category-4_a_0014,full,4.25497,0.0268252,5.9996,48.8401,0.996971,0.68568,0.42699,0.261515,0.135353,0.961336,0.795679,0.247245,0.979154,0.476949
M3,low-rank,k=12,train/Category-4_a_0014,object,1.97399,0.00315181,3.73879,44.6707,0.997724,0.781872,0.673816,0.8542,0.287577,0.822357,0.770571,0.549058,0.91004,0.689449
M3,low-rank,k=12,train/Category-4_a_0014,table,13.9006,0.178335,18.6593,44.6161,0.990888,1.64688,0.0620311,0.000134125,0.0019897,0.820538,0.57755,0.0025486,0.905713,0.0449093
M3,low-rank,k=12,train/Category-4_a_0014,background,3.86347,0.0171382,6.42586,53.3871,0.997417,0.552523,0.461768,0.424471,0.117425,1,0.831791,0.284454,0.998709,0.518575
M3,low-rank,k=8,train/Category-4_a_0014,full,5.85818,0.0716856,8.88889,35.032,0.968435,2.28204,0.30986,0.0277567,0.0516656,0.501066,0.467349,0.0763094,0.734751,0.22125
M3,low-rank,k=8,train/Category-4_a_0014,object,2.78948,0.00783178,5.66135,29.9975,0.962163,3.02965,0.572412,0.675982,0.151508,0.333251,0.364262,0.388472,0.647707,0.460124
M3,low-rank,k=8,train/Category-4_a_0014,table,21.0478,0.509299,26.741,30.2607,0.830487,9.65846,0.014853,1e-06,0.000134539,0.342022,0.0399756,0.000125957,0.586255,0.00574394
M3,low-rank,k=8,train/Category-4_a_0014,background,5.08936,0.0423895,7.88241,43.4308,0.985353,1.25743,0.361363,0.120094,0.0722612,0.781026,0.65761,0.146372,0.88319,0.343988
M3,low-rank,k=4,train/Category-4_a_0014,full,10.2905,0.297512,18.9403,31.8993,0.954214,2.70846,0.127695,1e-06,0.00181178,0.396644,0.405424,0.000613894,0.675429,0.0188619
M3,low-rank,k=4,train/Category-4_a_0014,object,5.54075,0.0250723,13.5885,26.3564,0.939147,3.81723,0.330169,0.285471,0.0107859,0.211879,0.280156,0.100551,0.575513,0.215934
M3,low-rank,k=4,train/Category-4_a_0014,table,38.5704,2.54186,62.742,29.8451,0.878994,6.16434,0.000446495,1e-06,1e-06,0.328171,0.128121,7.64315e-06,0.603583,0.0017023
M3,low-rank,k=4,train/Category-4_a_0014,background,8.57877,0.131246,12.0383,39.298,0.966828,2.00769,0.179828,0.00141261,0.0180832,0.643267,0.512102,0.0166233,0.805048,0.108094
M3,low-rank,k=2,train/Category-4_a_0014,full,11.9379,0.387781,34.0461,24.0934,0.945799,5.85431,0.0918516,1e-06,1.17849e-05,0.136448,0.14207,0.000102676,0.541123,0.00609908
M3,low-rank,k=2,train/Category-4_a_0014,object,10.0422,0.114445,23.876,17.521,0.87768,14.7075,0.134197,0.00327229,0.000349618,0,0.00742797,0.00535464,0.43884,0.0262907
M3,low-rank,k=2,train/Category-4_a_0014,table,39.6626,3.27017,66.6731,30.0744,0.882663,5.4512,0.000358882,1e-06,1e-06,0.335814,0.162501,7.10642e-06,0.609239,0.00170659
M3,low-rank,k=2,train/Category-4_a_0014,background,9.45628,0.151969,13.3012,37.0134,0.972529,3.32199,0.150882,0.00050124,0.0118699,0.567113,0.33044,0.00964666,0.769821,0.0759082
M4,added noise,sigma 0.001,train/Category-4_a_0014,full,1.24306,0.00643618,0.807617,57.2483,0.998374,0.297941,0.779882,0.724836,0.763986,1,0.905459,0.755878,0.999187,0.856313
M4,added noise,sigma 0.001,train/Category-4_a_0014,object,0.22047,4.44621e-05,0.255868,62.3092,0.999628,0.103768,0.956864,0.997779,0.918246,1,0.966002,0.957079,0.999814,0.973178
M4,added noise,sigma 0.001,train/Category-4_a_0014,table,4.56545,0.0427892,6.8566,50.1543,0.992263,0.760841,0.401282,0.117718,0.10172,1,0.775992,0.168746,0.996132,0.394917
M4,added noise,sigma 0.001,train/Category-4_a_0014,background,1.17716,0.00431896,1.90776,58.5015,0.998678,0.303803,0.790229,0.805777,0.529449,1,0.903691,0.695981,0.999339,0.821488
M4,added noise,sigma 0.003,train/Category-4_a_0014,full,3.61777,0.067795,2.41581,47.9735,0.986928,0.883182,0.485026,0.0337171,0.446967,0.93245,0.744983,0.194072,0.959689,0.415479
M4,added noise,sigma 0.003,train/Category-4_a_0014,object,0.661232,0.000402191,0.76759,52.7075,0.9967,0.311732,0.876125,0.980091,0.774248,1,0.901306,0.872779,0.99835,0.919246
M4,added noise,sigma 0.003,train/Category-4_a_0014,table,12.8127,0.516446,20.0809,40.9753,0.941373,2.20272,0.0771081,1e-06,0.00123875,0.699178,0.479871,0.000457118,0.820276,0.0178677
M4,added noise,sigma 0.003,train/Category-4_a_0014,background,3.47216,0.0383213,5.71342,49.1971,0.989068,0.905115,0.499358,0.147185,0.148901,0.973235,0.739556,0.22202,0.981151,0.447351
M4,added noise,sigma 0.01,train/Category-4_a_0014,full,10.6597,0.416467,7.9687,38.2858,0.902642,2.76196,0.118606,1e-06,0.0702121,0.609528,0.398258,0.00202693,0.756085,0.0355586
M4,added noise,sigma 0.01,train/Category-4_a_0014,object,2.19747,0.00544131,2.55769,42.1807,0.970176,1.02926,0.644363,0.761804,0.42632,0.739358,0.709576,0.593704,0.854767,0.692758
M4,added noise,sigma 0.01,train/Category-4_a_0014,table,30.374,3.57785,59.0394,32.0492,0.709712,5.95677,0.0023001,1e-06,1e-06,0.401641,0.137299,1.32003e-05,0.555677,0.00219598
M4,added noise,sigma 0.01,train/Category-4_a_0014,background,10.9655,0.190202,18.974,39.1383,0.904096,2.91667,0.11157,7.41008e-05,0.00179155,0.637943,0.378241,0.00245584,0.771019,0.0391056
M4,added noise,sigma 0.03,train/Category-4_a_0014,full,24.7065,1.80639,22.872,29.7736,0.607625,6.80506,0.00714524,1e-06,0.000488586,0.325786,0.103482,0.0001517,0.466706,0.00671256
M4,added noise,sigma 0.03,train/Category-4_a_0014,object,6.35146,0.114933,7.62057,33.3703,0.862379,2.91787,0.280749,0.00319347,0.0788513,0.445676,0.378089,0.0413489,0.654027,0.151471
M4,added noise,sigma 0.03,train/Category-4_a_0014,table,47.0177,7.67365,156.604,24.5474,0.402783,11.1495,8.24312e-05,1e-06,1e-06,0.151581,0.0243193,4.35208e-06,0.277182,0.000762446
M4,added noise,sigma 0.03,train/Category-4_a_0014,background,27.6071,1.65671,53.9519,30.1888,0.555899,7.46098,0.00400013,1e-06,1e-06,0.339627,0.0831595,1.58742e-05,0.447763,0.00207109
M4,added noise,sigma 0.05,train/Category-4_a_0014,full,32.3794,3.62911,35.7459,26.1655,0.437341,9.41814,0.00154014,1e-06,6.68722e-06,0.205517,0.0433097,2.17571e-05,0.321429,0.0019578
M4,added noise,sigma 0.05,train/Category-4_a_0014,object,9.92967,0.354006,12.5434,29.7075,0.762903,4.54315,0.137252,1e-06,0.0152814,0.323582,0.219944,0.00128005,0.543243,0.0230255
M4,added noise,sigma 0.05,train/Category-4_a_0014,table,52.6319,9.20297,253.466,21.1359,0.280317,14.0471,2.68194e-05,1e-06,1e-06,0.0378635,0.009257,2.9933e-06,0.15909,0.000450423
M4,added noise,sigma 0.05,train/Category-4_a_0014,background,36.6969,3.97239,82.3155,26.5119,0.359777,10.3304,0.000649458,1e-06,1e-06,0.217063,0.0319538,8.65998e-06,0.28842,0.00113618
M5,smoothing,sigma 0.5px,train/Category-4_a_0014,full,1.87304,0.00238647,1.83208,54.4102,0.998081,0.325927,0.687559,0.887521,0.542974,1,0.897051,0.691973,0.99904,0.818128
M5,smoothing,sigma 0.5px,train/Category-4_a_0014,object,0.483676,0.000174878,1.03247,51.1518,0.998917,0.223018,0.907796,0.991294,0.708817,1,0.928357,0.860812,0.999458,0.917337
M5,smoothing,sigma 0.5px,train/Category-4_a_0014,table,5.45294,0.0140674,6.24821,51.0364,0.994723,0.634968,0.336019,0.494914,0.124589,1,0.809243,0.274657,0.997362,0.507231
M5,smoothing,sigma 0.5px,train/Category-4_a_0014,background,1.88569,0.00175209,2.58887,57.0362,0.998205,0.322064,0.685821,0.916123,0.421913,1,0.898207,0.642386,0.999102,0.788439
M5,smoothing,sigma 1px,train/Category-4_a_0014,full,4.65426,0.0120525,5.58905,44.1399,0.985932,0.874704,0.394217,0.547372,0.155204,0.804662,0.747091,0.322335,0.895297,0.522815
M5,smoothing,sigma 1px,train/Category-4_a_0014,object,1.26528,0.00114985,3.33562,39.5557,0.98849,0.752997,0.776425,0.944129,0.328942,0.651855,0.778023,0.62242,0.820173,0.708855
M5,smoothing,sigma 1px,train/Category-4_a_0014,table,13.5341,0.0679357,19.5274,41.7069,0.962146,1.66559,0.0667485,0.0334807,0.00148978,0.723564,0.57396,0.0149321,0.842855,0.105902
M5,smoothing,sigma 1px,train/Category-4_a_0014,background,4.66898,0.0091113,6.78429,48.4275,0.98779,0.823593,0.393059,0.63409,0.104201,0.947583,0.759928,0.296138,0.967686,0.516262
M5,smoothing,sigma 2px,train/Category-4_a_0014,full,5.94371,0.018742,12.4571,36.5901,0.967946,1.33007,0.304604,0.391763,0.0157272,0.553004,0.641879,0.12335,0.760475,0.298584
M5,smoothing,sigma 2px,train/Category-4_a_0014,object,1.99275,0.00330164,7.94262,30.9415,0.946706,1.80854,0.671293,0.847824,0.0708252,0.364715,0.547251,0.342875,0.65571,0.461471
M5,smoothing,sigma 2px,train/Category-4_a_0014,table,17.2152,0.104152,51.0471,34.831,0.920616,2.43064,0.0319672,0.00547475,1e-06,0.494368,0.444764,0.000559358,0.707492,0.0185552
M5,smoothing,sigma 2px,train/Category-4_a_0014,background,5.86031,0.0138908,10.8487,44.3408,0.979305,1.07041,0.309728,0.499305,0.0268838,0.811361,0.69991,0.160797,0.895333,0.365671
M5,smoothing,sigma 4px,train/Category-4_a_0014,full,6.83838,0.0245638,24.9699,30.1096,0.93557,1.98409,0.254698,0.292822,0.000242796,0.336986,0.516148,0.0262598,0.636278,0.125267
M5,smoothing,sigma 4px,train/Category-4_a_0014,object,3.21608,0.0104422,16.1193,24.3976,0.840654,3.91804,0.525599,0.593266,0.00463975,0.146585,0.270898,0.113101,0.49362,0.215944
M5,smoothing,sigma 4px,train/Category-4_a_0014,table,19.7083,0.131107,133.397,27.2996,0.854752,3.60233,0.0194161,0.00142252,1e-06,0.24332,0.300961,0.000302278,0.549036,0.0117717
M5,smoothing,sigma 4px,train/Category-4_a_0014,background,6.48445,0.0170167,18.2587,39.8057,0.972035,1.24423,0.27338,0.427058,0.00227395,0.660191,0.660511,0.0642705,0.816113,0.221871
M6,destriping,own profile,train/Category-4_a_0014,full,6.58519,0.220351,7.63453,35.9843,0.960914,1.41881,0.267928,1.64108e-05,0.0784854,0.532811,0.623169,0.00701421,0.746863,0.0704392
M6,destriping,own profile,train/Category-4_a_0014,object,1.81205,0.00758299,3.92953,34.3436,0.965957,1.24126,0.695997,0.684443,0.269862,0.478121,0.661164,0.504695,0.722039,0.595741
M6,destriping,own profile,train/Category-4_a_0014,table,22.2803,1.17516,53.0008,31.0285,0.862604,3.1879,0.011608,1e-06,1e-06,0.367615,0.345545,2.26423e-05,0.61511,0.0034227
M6,destriping,own profile,train/Category-4_a_0014,background,6.25708,0.177807,12.7074,37.968,0.970203,1.27693,0.286099,0.000137713,0.0144683,0.598933,0.653349,0.00829157,0.784568,0.0784713
M6,destriping,train template,train/Category-4_a_0014,full,5.53602,0.0321239,4.10128,45.7489,0.984251,0.942586,0.330481,0.20065,0.254847,0.858298,0.730376,0.256619,0.921275,0.469583
M6,destriping,train template,train/Category-4_a_0014,object,1.09116,0.000929521,1.83254,50.641,0.996599,0.345059,0.80394,0.954587,0.542891,1,0.891348,0.74688,0.998299,0.848934
M6,destriping,train template,train/Category-4_a_0014,table,19.038,0.217162,18.5101,39.2684,0.93748,2.24038,0.0222015,1.92484e-05,0.00209115,0.642279,0.473884,0.000963208,0.789879,0.025548
M6,destriping,train template,train/Category-4_a_0014,background,5.35233,0.0209573,7.23204,46.6132,0.985775,0.974486,0.342849,0.350686,0.0897544,0.887106,0.722651,0.220983,0.93644,0.437559
M7,gain error,global +1%,train/Category-4_a_0014,full,0.0224914,1.73193e-08,1.8724,55.4061,0.999982,0.130841,0.995512,0.999999,0.535725,1,0.957324,0.810954,0.999991,0.894655
M7,gain error,global +1%,train/Category-4_a_0014,object,0.00631742,1.36309e-08,1.21094,51.375,0.99997,0.20856,0.998737,0.999999,0.667881,1,0.932841,0.873742,0.999985,0.92504
M7,gain error,global +1%,train/Category-4_a_0014,table,0.0834103,1.74088e-08,1.7466,62.2723,0.999975,0.0647035,0.983456,0.999999,0.558668,1,0.978663,0.819036,0.999987,0.902079
M7,gain error,global +1%,train/Category-4_a_0014,background,0.0205333,1.83829e-08,1.39203,57.333,0.999986,0.11546,0.995902,0.999999,0.628758,1,0.962245,0.855526,0.999993,0.91962
M7,gain error,global -1%,train/Category-4_a_0014,full,0.0227874,1.73335e-08,1.8724,55.3436,0.999982,0.131074,0.995453,0.999999,0.535725,1,0.957249,0.810938,0.999991,0.894636
M7,gain error,global -1%,train/Category-4_a_0014,object,0.00638539,1.36281e-08,1.21094,51.304,0.999971,0.207727,0.998724,0.999999,0.667881,1,0.933101,0.873738,0.999986,0.925077
M7,gain error,global -1%,train/Category-4_a_0014,table,0.0842413,1.73893e-08,1.7466,62.222,0.999974,0.0651471,0.983293,0.999999,0.558668,1,0.978518,0.81899,0.999987,0.902034
M7,gain error,global -1%,train/Category-4_a_0014,background,0.0208372,1.84058e-08,1.39203,57.2799,0.999986,0.11598,0.995841,0.999999,0.628758,1,0.962078,0.855509,0.999993,0.919587
M7,gain error,global +3%,train/Category-4_a_0014,full,0.0222209,1.7314e-08,5.6172,45.972,0.999843,0.387307,0.995566,0.999999,0.153754,0.865734,0.878884,0.534932,0.932788,0.700105
M7,gain error,global +3%,train/Category-4_a_0014,object,0.00634767,1.35998e-08,3.63281,41.9872,0.999743,0.60709,0.998731,0.999999,0.297918,0.732906,0.816798,0.667598,0.866325,0.753812
M7,gain error,global +3%,train/Category-4_a_0014,table,0.0825834,1.73925e-08,5.2398,52.7794,0.99978,0.192796,0.983619,0.999999,0.174366,1,0.937756,0.5556,0.99989,0.738207
M7,gain error,global +3%,train/Category-4_a_0014,background,0.0202361,1.83862e-08,4.17608,47.8485,0.999879,0.344628,0.995961,0.999999,0.248571,0.928284,0.891477,0.62791,0.964081,0.768962
M7,gain error,global -3%,train/Category-4_a_0014,full,0.0229934,1.73436e-08,5.6172,45.7308,0.999858,0.390331,0.995412,0.999999,0.153754,0.857692,0.877998,0.534905,0.928775,0.698925
M7,gain error,global -3%,train/Category-4_a_0014,object,0.00624986,1.36574e-08,3.63281,41.6748,0.999841,0.602813,0.998751,0.999999,0.297918,0.722493,0.817963,0.667602,0.861167,0.752401
M7,gain error,global -3%,train/Category-4_a_0014,table,0.0851236,1.74264e-08,5.2398,52.6285,0.999763,0.196788,0.983119,0.999999,0.174366,1,0.936509,0.555506,0.999882,0.737995
M7,gain error,global -3%,train/Category-4_a_0014,background,0.0210684,1.84072e-08,4.17608,47.6853,0.999873,0.349671,0.995795,0.999999,0.248571,0.922843,0.889979,0.627875,0.961358,0.767986
M7,gain error,global +10%,train/Category-4_a_0014,full,0.0210217,1.73443e-08,18.724,35.7491,0.998465,1.26162,0.995804,0.999999,0.00194724,0.52497,0.656691,0.124699,0.761717,0.301414
M7,gain error,global +10%,train/Category-4_a_0014,object,0.00603952,1.36448e-08,12.1094,31.7998,0.997753,1.95301,0.998793,0.999999,0.0176598,0.393327,0.521522,0.260308,0.69554,0.407518
M7,gain error,global +10%,train/Category-4_a_0014,table,0.0798835,1.74063e-08,17.466,42.4896,0.997741,0.627827,0.98415,0.999999,0.00296164,0.749655,0.811172,0.142845,0.873698,0.349362
M7,gain error,global +10%,train/Category-4_a_0014,background,0.0189418,1.84141e-08,13.9203,37.5884,0.998752,1.12976,0.996219,0.999999,0.00965674,0.58628,0.686199,0.212681,0.792516,0.401776
M7,gain error,global -10%,train/Category-4_a_0014,full,0.0237459,1.74126e-08,18.724,35.0659,0.99834,1.32635,0.995262,0.999999,0.00194724,0.502195,0.642675,0.124677,0.750268,0.298825
M7,gain error,global -10%,train/Category-4_a_0014,object,0.0063102,1.36782e-08,12.1094,30.9919,0.998329,2.05016,0.998739,0.999999,0.0176598,0.366395,0.504904,0.260303,0.682362,0.402834
M7,gain error,global -10%,train/Category-4_a_0014,table,0.0884308,1.74702e-08,17.466,41.9859,0.997137,0.67211,0.982469,0.999999,0.00296164,0.732863,0.799286,0.142763,0.865,0.347272
M7,gain error,global -10%,train/Category-4_a_0014,background,0.0217429,1.84931e-08,13.9203,37.0407,0.998475,1.18729,0.995661,0.999999,0.00965674,0.568022,0.673167,0.212641,0.783249,0.398939
M7,gain error,per band 1%,train/Category-4_a_0014,full,0.543112,9.58259e-05,1.8724,56.944,0.999982,0.516626,0.897069,0.99522,0.535725,1,0.841803,0.78204,0.999991,0.861777
M7,gain error,per band 1%,train/Category-4_a_0014,object,0.565217,9.79777e-05,1.21094,52.7463,0.999956,0.662152,0.893112,0.995113,0.667881,1,0.801943,0.840412,0.999978,0.886879
M7,gain error,per band 1%,train/Category-4_a_0014,table,0.496549,9.32403e-05,1.7466,64.2302,0.999981,0.260627,0.905462,0.995349,0.558668,1,0.916791,0.795548,0.999991,0.880384
M7,gain error,per band 1%,train/Category-4_a_0014,background,0.541774,9.54826e-05,1.39203,59.0557,0.99999,0.502284,0.897309,0.995237,0.628758,1,0.845837,0.824994,0.999995,0.885763
M7,gain error,per band 3%,train/Category-4_a_0014,full,1.61656,0.000859379,5.6172,47.4292,0.99985,1.53089,0.723748,0.957941,0.153754,0.914307,0.600317,0.474152,0.957079,0.628127
M7,gain error,per band 3%,train/Category-4_a_0014,object,1.69071,0.000879772,3.63281,43.2364,0.999655,1.93202,0.713094,0.956965,0.297918,0.774545,0.525183,0.588003,0.8871,0.667616
M7,gain error,per band 3%,train/Category-4_a_0014,table,1.45255,0.000835389,5.2398,54.7081,0.999835,0.785946,0.747883,0.959091,0.174366,1,0.769525,0.500094,0.999917,0.679902
M7,gain error,per band 3%,train/Category-4_a_0014,background,1.61293,0.000856069,4.17608,49.5351,0.999909,1.49566,0.724274,0.9581,0.248571,0.984504,0.607409,0.556657,0.992206,0.690441
M7,gain error,per band 10%,train/Category-4_a_0014,full,5.27348,0.00945205,18.724,37.0409,0.998559,4.84072,0.348298,0.623378,0.00194724,0.568031,0.199174,0.075054,0.783295,0.197445
M7,gain error,per band 10%,train/Category-4_a_0014,object,5.56852,0.00971797,12.1094,32.848,0.997114,5.88471,0.328341,0.615144,0.0176598,0.428268,0.140637,0.15279,0.712691,0.258689
M7,gain error,per band 10%,train/Category-4_a_0014,table,4.68613,0.00915813,17.466,44.3117,0.998256,2.64585,0.391713,0.632607,0.00296164,0.81039,0.413975,0.090201,0.904323,0.254018
M7,gain error,per band 10%,train/Category-4_a_0014,background,5.25189,0.00940683,13.9203,39.1471,0.999012,4.77704,0.349806,0.624789,0.00965674,0.638238,0.203447,0.128272,0.818625,0.262974
M8,zero-clamping,zero <0.001,train/Category-4_a_0014,full,0.0455453,0.00449745,0.0201016,75.3086,0.999975,0.00227886,0.990932,0.798618,0.993322,1,0.999241,0.922907,0.999988,0.960567
M8,zero-clamping,zero <0.001,train/Category-4_a_0014,object,0.00608628,9.07247e-09,5.33482e-05,120,1,6.79483e-09,0.998783,1,0.999982,1,1,0.999588,1,0.999794
M8,zero-clamping,zero <0.001,train/Category-4_a_0014,table,0.229784,0.0270604,0.411054,67.6052,0.99985,0.013834,0.955083,0.258459,0.871954,1,0.995399,0.599297,0.999925,0.773587
M8,zero-clamping,zero <0.001,train/Category-4_a_0014,background,0.0368713,0.00333771,0.0421404,76.5253,0.999982,0.00167781,0.992653,0.846297,0.986051,1,0.999441,0.939161,0.999991,0.969019
M8,zero-clamping,zero <0.003,train/Category-4_a_0014,full,0.317482,0.104973,0.179306,54.0404,0.997159,0.0373231,0.938477,0.0052547,0.941982,1,0.987636,0.166855,0.99858,0.407514
M8,zero-clamping,zero <0.003,train/Category-4_a_0014,object,0.00608826,1.10737e-07,0.000285842,120,1,4.78735e-08,0.998783,0.999994,0.999905,1,1,0.999561,1,0.99978
M8,zero-clamping,zero <0.003,train/Category-4_a_0014,table,2.27953,0.707817,4.15502,45.9949,0.983012,0.256632,0.633874,1e-06,0.250322,0.866496,0.918013,0.00541378,0.924754,0.0706784
M8,zero-clamping,zero <0.003,train/Category-4_a_0014,background,0.193439,0.0695652,0.347312,55.5719,0.99788,0.0241904,0.962051,0.030861,0.890679,1,0.991969,0.297927,0.99894,0.544965
M8,zero-clamping,zero <0.01,train/Category-4_a_0014,full,2.48431,1.04759,1.22387,37.4973,0.961036,0.342262,0.608437,1e-06,0.665007,0.583245,0.89218,0.00739629,0.77214,0.0772269
M8,zero-clamping,zero <0.01,train/Category-4_a_0014,object,0.00625686,9.3449e-06,0.00540952,97.9744,1,7.12387e-06,0.998749,0.999533,0.998198,1,0.999998,0.998827,1,0.999413
M8,zero-clamping,zero <0.01,train/Category-4_a_0014,table,23.8258,9.81664,34.5007,27.5278,0.637841,3.30965,0.00852153,1e-06,1.01279e-05,0.250925,0.331802,4.41922e-05,0.444383,0.0042415
M8,zero-clamping,zero <0.01,train/Category-4_a_0014,background,0.870536,0.393045,1.5975,42.5283,0.985057,0.117207,0.840207,1e-06,0.587136,0.750944,0.961684,0.00790148,0.868001,0.084099
M8,zero-clamping,zero <0.02,train/Category-4_a_0014,full,4.50901,1.83552,2.27585,32.3582,0.927899,0.621569,0.405838,1e-06,0.468313,0.41194,0.812866,0.00574949,0.66992,0.0638889
M8,zero-clamping,zero <0.02,train/Category-4_a_0014,object,0.0702731,0.00999069,0.242737,42.6614,0.994805,0.0846663,0.986044,0.606813,0.922274,0.75538,0.972172,0.820233,0.875092,0.860694
M8,zero-clamping,zero <0.02,train/Category-4_a_0014,table,43.2719,17.8254,60.5942,22.2705,0.308053,5.79981,0.000174363,1e-06,1e-06,0.0756818,0.144675,5.58665e-06,0.191867,0.000992396
M8,zero-clamping,zero <0.02,train/Category-4_a_0014,background,1.55979,0.617361,2.84651,38.261,0.976244,0.211274,0.732013,1e-06,0.387192,0.608701,0.931998,0.00656873,0.792473,0.0739261
M8,zero-clamping,floor 0.005,train/Category-4_a_0014,full,0.448784,0.00483571,0.288741,48.9787,0.996483,0.0704972,0.914154,0.785224,0.90824,0.965958,0.976775,0.867104,0.98122,0.921771
M8,zero-clamping,floor 0.005,train/Category-4_a_0014,object,0.00609152,1.23685e-08,0.000554707,120,1,1.60034e-07,0.998782,0.999999,0.999815,1,1,0.999532,1,0.999766
M8,zero-clamping,floor 0.005,train/Category-4_a_0014,table,3.24802,0.0309805,6.46206,41.0775,0.976607,0.484216,0.522252,0.212455,0.116017,0.702585,0.850947,0.234363,0.839596,0.444483
M8,zero-clamping,floor 0.005,train/Category-4_a_0014,background,0.271355,0.00338253,0.572381,50.3715,0.997635,0.0457487,0.947175,0.844402,0.826303,1,0.984866,0.871043,0.998817,0.930779
M8,zero-clamping,floor 0.02,train/Category-4_a_0014,full,2.5133,0.0259204,3.02816,33.3407,0.974442,0.727516,0.60492,0.273619,0.364443,0.444691,0.78466,0.392185,0.709567,0.535544
M8,zero-clamping,floor 0.02,train/Category-4_a_0014,object,0.0164282,1.63612e-05,0.0455111,58.9858,0.999844,0.0140236,0.99672,0.999182,0.984944,1,0.995336,0.993596,0.999922,0.996067
M8,zero-clamping,floor 0.02,train/Category-4_a_0014,table,21.9923,0.19981,79.4735,24.1321,0.782953,6.45002,0.0122964,4.58331e-05,1e-06,0.137738,0.116483,8.2601e-05,0.460345,0.00501778
M8,zero-clamping,floor 0.02,train/Category-4_a_0014,background,1.10877,0.0144339,4.79524,36.4582,0.988,0.309065,0.801113,0.485928,0.202217,0.548606,0.902107,0.428576,0.768303,0.587813
M9,constant,zeros,train/Category-4_a_0014,full,90,23.5911,187.24,8.81149,0.00289398,25.5728,1e-06,1e-06,1e-06,0,0.00019859,1e-06,0.00144699,2.82395e-05
M9,constant,zeros,train/Category-4_a_0014,object,90,23.6128,121.094,4.33184,0.000760386,52.3303,1e-06,1e-06,1e-06,0,1e-06,1e-06,0.000380193,7.99837e-06
M9,constant,zeros,train/Category-4_a_0014,table,90,23.7165,174.66,17.2903,0.0139979,9.52219,1e-06,1e-06,1e-06,0,0.0418332,1e-06,0.00699897,0.000109393
M9,constant,zeros,train/Category-4_a_0014,background,90,23.571,139.203,11.2639,0.00230002,19.542,1e-06,1e-06,1e-06,0,0.00148254,1e-06,0.00115001,3.52287e-05
M9,constant,train mean,train/Category-4_a_0014,full,19.1901,0.136578,158.542,14.4481,0.782558,15.6791,0.0215363,0.00108207,1e-06,0,0.00537302,0.000285633,0.391279,0.00555657
M9,constant,train mean,train/Category-4_a_0014,object,16.6537,0.167067,96.1793,10.5188,0.545497,26.5819,0.0357664,0.000235611,1e-06,0,0.000141865,0.000203496,0.272749,0.00239649
M9,constant,train mean,train/Category-4_a_0014,table,36.0403,0.382983,852.267,11.1931,0.389756,25.4275,0.000740586,1e-06,1e-06,0,0.000208447,9.04743e-06,0.194878,0.000475914
M9,constant,train mean,train/Category-4_a_0014,background,18.0846,0.100746,184.416,17.9186,0.894522,11.4396,0.026865,0.00649119,1e-06,0,0.0220771,0.00055869,0.447261,0.0100664
M9,constant,ones,train/Category-4_a_0014,full,19.1336,0.136695,726.68,3.02437,0.458762,56.0082,0.0217808,0.00107573,1e-06,0,1e-06,0.000286149,0.229381,0.00127201
M9,constant,ones,train/Category-4_a_0014,object,17.7715,0.203688,173.499,6.01946,0.499264,33.1665,0.0286012,3.77549e-05,1e-06,0,1.58001e-05,0.000102593,0.249632,0.0011869
M9,constant,ones,train/Category-4_a_0014,table,34.4724,0.349119,6781.59,1.04874,0.163819,86.037,0.00101336,1e-06,1e-06,0,1e-06,1.00443e-05,0.0819095,0.000166199
M9,constant,ones,train/Category-4_a_0014,background,17.8519,0.0939582,1812.45,2.6822,0.479245,59.3701,0.0281454,0.00911431,1e-06,0,1e-06,0.000635395,0.239622,0.00192467
M1,dropped pixels,drop 0.01,train/Category-4_a_0017,full,0.0591145,0.000104045,0.470349,66.0474,0.999892,0.00743987,0.988247,0.994811,0.85489,1,0.997523,0.94371,0.999946,0.971068
M1,dropped pixels,drop 0.01,train/Category-4_a_0017,object,0.018148,9.70817e-06,0.346323,63.7292,0.999919,0.00534043,0.996377,0.999515,0.890973,1,0.998221,0.960932,0.99996,0.979996
M1,dropped pixels,drop 0.01,train/Category-4_a_0017,table,0.21325,0.000633156,1.53783,63.4648,0.999711,0.0154315,0.958247,0.968838,0.598931,1,0.994869,0.822309,0.999856,0.906067
M1,dropped pixels,drop 0.01,train/Category-4_a_0017,background,0.0628838,8.90605e-05,0.587447,69.381,0.9999,0.00762047,0.987502,0.995557,0.822164,1,0.997463,0.93151,0.99995,0.964763
M1,dropped pixels,drop 0.1,train/Category-4_a_0017,full,0.425214,0.00108851,1.3882,56.3118,0.99891,0.0749095,0.918473,0.947029,0.629561,1,0.975339,0.81813,0.999455,0.900952
M1,dropped pixels,drop 0.1,train/Category-4_a_0017,object,0.12355,9.21397e-05,1.01376,54.2473,0.999227,0.0522462,0.975593,0.995404,0.713253,1,0.982735,0.884784,0.999614,0.938048
M1,dropped pixels,drop 0.1,train/Category-4_a_0017,table,1.41391,0.00645644,4.72323,53.51,0.996998,0.154241,0.753684,0.724103,0.20713,1,0.949886,0.483516,0.998499,0.689648
M1,dropped pixels,drop 0.1,train/Category-4_a_0017,background,0.472849,0.000960207,1.86292,59.2381,0.998979,0.0778016,0.909764,0.953124,0.53742,1,0.9744,0.77529,0.99949,0.87693
M1,dropped pixels,drop 0.5,train/Category-4_a_0017,full,2.0507,0.00543073,3.13357,49.2466,0.994435,0.375793,0.663557,0.762207,0.35186,0.974885,0.882264,0.56248,0.98466,0.732055
M1,dropped pixels,drop 0.5,train/Category-4_a_0017,object,0.597977,0.000465808,2.29255,47.1544,0.996163,0.264031,0.887279,0.976979,0.465714,0.905145,0.915751,0.739075,0.950654,0.833525
M1,dropped pixels,drop 0.5,train/Category-4_a_0017,table,6.79444,0.0327022,10.6958,46.427,0.984379,0.778935,0.256946,0.19493,0.0282892,0.880901,0.771325,0.112317,0.93264,0.314564
M1,dropped pixels,drop 0.5,train/Category-4_a_0017,background,2.28248,0.00472033,4.19671,52.2352,0.994759,0.388434,0.6335,0.789768,0.246867,1,0.878554,0.498008,0.997379,0.691488
M1,dropped pixels,pool 2,train/Category-4_a_0017,full,4.31258,0.0118945,5.83859,42.9294,0.983739,0.892141,0.422099,0.551714,0.142816,0.764313,0.742762,0.32159,0.874026,0.517383
M1,dropped pixels,pool 2,train/Category-4_a_0017,object,1.29762,0.00110222,4.40423,39.9215,0.986044,0.737911,0.771418,0.94638,0.230368,0.66405,0.781945,0.551984,0.825047,0.669433
M1,dropped pixels,pool 2,train/Category-4_a_0017,table,14.1449,0.0719589,20.157,41.2682,0.95653,1.76859,0.0590733,0.0273799,0.00120775,0.708941,0.554588,0.0125007,0.832736,0.095993
M1,dropped pixels,pool 2,train/Category-4_a_0017,background,4.79533,0.0102438,6.79786,47.6897,0.986044,0.866094,0.383251,0.599182,0.103731,0.922991,0.749239,0.287729,0.954518,0.50537
M1,dropped pixels,pool 4,train/Category-4_a_0017,full,5.3501,0.0174684,13.036,35.3094,0.960706,1.37094,0.343002,0.41752,0.0129671,0.510313,0.633192,0.122915,0.73551,0.293994
M1,dropped pixels,pool 4,train/Category-4_a_0017,object,1.91851,0.00270548,10.2702,31.58,0.942771,1.60253,0.681335,0.873476,0.0326015,0.385999,0.586151,0.268709,0.664385,0.414658
M1,dropped pixels,pool 4,train/Category-4_a_0017,table,17.3457,0.104038,53.6629,34.5692,0.916761,2.46883,0.0311439,0.00550616,1e-06,0.485639,0.439138,0.000555572,0.7012,0.0183995
M1,dropped pixels,pool 4,train/Category-4_a_0017,background,5.79024,0.0146117,11.474,43.4255,0.977496,1.08209,0.314098,0.481627,0.0218254,0.780851,0.697191,0.148906,0.879173,0.34945
M1,dropped pixels,pool 8,train/Category-4_a_0017,full,6.20007,0.0227424,25.7666,29.1478,0.918777,2.13474,0.28938,0.320742,0.000186165,0.304928,0.490867,0.0258528,0.611852,0.121682
M1,dropped pixels,pool 8,train/Category-4_a_0017,object,2.90098,0.00752274,20.5599,25.3896,0.84841,3.26376,0.559788,0.686508,0.00105595,0.179652,0.336916,0.0740351,0.514031,0.183102
M1,dropped pixels,pool 8,train/Category-4_a_0017,table,19.6709,0.128463,151.141,27.0426,0.854177,3.59387,0.0195616,0.0016235,1e-06,0.234754,0.30181,0.000316679,0.544465,0.0120188
M1,dropped pixels,pool 8,train/Category-4_a_0017,background,6.35986,0.0175591,16.1589,39.8374,0.969998,1.25548,0.280278,0.415632,0.00457889,0.661246,0.658037,0.0810998,0.815622,0.24904
M2,dropped bands,every 10,train/Category-4_a_0017,full,4.78909,0.00778862,4.50977,40.0661,0.997603,3.69494,0.383729,0.677442,0.222405,0.66887,0.291812,0.386676,0.833237,0.484962
M2,dropped bands,every 10,train/Category-4_a_0017,object,1.22057,0.00102816,2.39207,45.8736,0.998935,1.30634,0.783398,0.949891,0.450518,0.862453,0.646976,0.694688,0.930694,0.761396
M2,dropped bands,every 10,train/Category-4_a_0017,table,2.93666,0.00582703,4.79577,50.7654,0.995285,0.730691,0.555809,0.747253,0.202182,1,0.783829,0.437903,0.997643,0.637476
M2,dropped bands,every 10,train/Category-4_a_0017,background,7.19328,0.012133,7.18599,38.1096,0.997115,5.53846,0.237246,0.545174,0.0911427,0.603652,0.157843,0.227589,0.800384,0.334553
M2,dropped bands,every 4,train/Category-4_a_0017,full,3.51781,0.00567558,3.95958,45.0399,0.997223,1.78278,0.494819,0.752933,0.267173,0.834662,0.55197,0.463445,0.915943,0.603866
M2,dropped bands,every 4,train/Category-4_a_0017,object,1.16127,0.00080418,2.50718,47.6218,0.998702,0.722018,0.792745,0.960589,0.43356,0.920727,0.786099,0.691152,0.959715,0.79042
M2,dropped bands,every 4,train/Category-4_a_0017,table,6.72316,0.0205607,8.48707,48.67,0.991776,0.968171,0.260635,0.357709,0.0590706,0.955667,0.724174,0.176595,0.973722,0.396659
M2,dropped bands,every 4,train/Category-4_a_0017,background,4.50377,0.00659164,6.42248,43.7452,0.997071,2.53331,0.406263,0.719224,0.117557,0.791507,0.429799,0.325068,0.894289,0.483052
M2,dropped bands,every 2,train/Category-4_a_0017,full,6.64954,0.0164842,6.42954,40.9128,0.994761,3.37489,0.264502,0.438582,0.117281,0.697094,0.324664,0.238728,0.845927,0.389254
M2,dropped bands,every 2,train/Category-4_a_0017,object,1.90107,0.00201016,3.70135,45.1871,0.997682,1.31325,0.683715,0.904378,0.291189,0.83957,0.645488,0.564677,0.918626,0.683096
M2,dropped bands,every 2,train/Category-4_a_0017,table,10.64,0.0433606,12.3855,45.7744,0.984767,1.347,0.119076,0.114403,0.0161071,0.859148,0.638266,0.0603151,0.921957,0.223158
M2,dropped bands,every 2,train/Category-4_a_0017,background,8.97163,0.0215633,10.8158,39.2418,0.994356,4.89399,0.166239,0.340219,0.02718,0.641393,0.195669,0.115411,0.817875,0.247909
M3,low-rank,k=30,train/Category-4_a_0017,full,1.38975,0.00296502,1.61495,72.3062,0.999993,0.0299676,0.757335,0.862215,0.58373,1,0.990061,0.725057,0.999996,0.850227
M3,low-rank,k=30,train/Category-4_a_0017,object,0.474585,0.00018193,1.13982,68.3862,0.999996,0.0319259,0.909448,0.990945,0.683903,1,0.989414,0.851022,0.999998,0.921036
M3,low-rank,k=30,train/Category-4_a_0017,table,5.06817,0.0199039,8.2766,73.1979,0.999969,0.0605054,0.362898,0.369651,0.0633635,1,0.980034,0.204082,0.999984,0.450387
M3,low-rank,k=30,train/Category-4_a_0017,background,1.442,0.00234238,2.54428,80.8167,0.999994,0.0246374,0.749461,0.889479,0.42823,1,0.991821,0.658447,0.999997,0.810448
M3,low-rank,k=12,train/Category-4_a_0017,full,3.77149,0.0243277,4.95034,51.4603,0.997409,0.551368,0.470341,0.2963,0.192028,1,0.832111,0.299114,0.998704,0.5318
M3,low-rank,k=12,train/Category-4_a_0017,object,1.55738,0.00142393,3.58722,52.8969,0.998802,0.334154,0.732366,0.931279,0.30248,1,0.894595,0.590883,0.999401,0.755794
M3,low-rank,k=12,train/Category-4_a_0017,table,13.5798,0.162067,18.4803,44.6987,0.991046,1.632,0.0661409,0.000302522,0.00211206,0.823289,0.580423,0.00348319,0.907167,0.0525704
M3,low-rank,k=12,train/Category-4_a_0017,background,3.77443,0.0194292,6.01354,53.2571,0.997433,0.535573,0.470064,0.378529,0.134726,1,0.836504,0.288338,0.998716,0.522548
M3,low-rank,k=8,train/Category-4_a_0017,full,5.19259,0.0655711,6.27842,39.4362,0.977086,1.82968,0.353979,0.0376827,0.12334,0.647874,0.543409,0.118052,0.81248,0.291569
M3,low-rank,k=8,train/Category-4_a_0017,object,1.99999,0.00209808,4.60178,45.0251,0.997478,0.917677,0.670321,0.900411,0.215687,0.834171,0.736466,0.506815,0.915825,0.659374
M3,low-rank,k=8,train/Category-4_a_0017,table,20.5156,0.469828,26.3948,30.3161,0.836201,9.63465,0.016521,1e-06,0.000150995,0.343871,0.0402941,0.000135623,0.590036,0.00598082
M3,low-rank,k=8,train/Category-4_a_0017,background,5.0365,0.0489337,7.33563,42.7801,0.983926,1.31938,0.365204,0.08658,0.0867079,0.759337,0.644169,0.13996,0.871632,0.333786
M3,low-rank,k=4,train/Category-4_a_0017,full,9.79257,0.282386,11.3939,35.6217,0.966516,2.65609,0.141068,1e-06,0.022416,0.520724,0.412565,0.00146778,0.74362,0.0302432
M3,low-rank,k=4,train/Category-4_a_0017,object,3.57353,0.00642626,8.50844,35.2482,0.983715,2.36491,0.489336,0.725196,0.0586513,0.508273,0.454615,0.275072,0.745994,0.420559
M3,low-rank,k=4,train/Category-4_a_0017,table,37.9947,2.42861,62.092,30.0317,0.883504,6.06447,0.000500982,1e-06,1e-06,0.33439,0.132458,7.9422e-06,0.608947,0.00174938
M3,low-rank,k=4,train/Category-4_a_0017,background,9.71222,0.157249,12.8376,37.9167,0.96742,2.36864,0.143353,0.000384924,0.0138537,0.597223,0.45405,0.00914358,0.782322,0.0779487
M3,low-rank,k=2,train/Category-4_a_0017,full,12.4309,0.366236,34.3217,22.9948,0.946746,7.22266,0.0832275,1e-06,1.07504e-05,0.0998282,0.0900353,9.63602e-05,0.523287,0.00545343
M3,low-rank,k=2,train/Category-4_a_0017,object,9.13004,0.0568147,27.5819,18.587,0.919291,12.9359,0.161055,0.0583828,0.000101652,0,0.0134071,0.0098505,0.459646,0.0395984
M3,low-rank,k=2,train/Category-4_a_0017,table,39.2429,3.09259,66.0605,30.0994,0.885906,5.53728,0.000390304,1e-06,1e-06,0.336645,0.157905,7.30804e-06,0.611276,0.00172521
M3,low-rank,k=2,train/Category-4_a_0017,background,10.7792,0.182464,14.0667,36.1611,0.971572,4.00543,0.115807,0.000109102,0.00919689,0.538703,0.26312,0.00487982,0.755137,0.0518244
M4,added noise,sigma 0.001,train/Category-4_a_0017,full,1.08503,0.00585046,0.67932,57.6613,0.998527,0.264485,0.804926,0.746378,0.797367,1,0.915613,0.782452,0.999263,0.872717
M4,added noise,sigma 0.001,train/Category-4_a_0017,object,0.224779,3.42955e-05,0.326849,63.6861,0.999666,0.104133,0.95604,0.998287,0.896776,1,0.965885,0.949449,0.999833,0.96928
M4,added noise,sigma 0.001,train/Category-4_a_0017,table,4.42048,0.0369214,6.77038,50.3181,0.992508,0.746666,0.413087,0.157856,0.104686,1,0.779667,0.189698,0.996254,0.419032
M4,added noise,sigma 0.001,train/Category-4_a_0017,background,1.15076,0.00513731,1.89146,58.3596,0.998657,0.295698,0.794414,0.773472,0.532332,1,0.906136,0.689009,0.999329,0.817691
M4,added noise,sigma 0.003,train/Category-4_a_0017,full,3.15131,0.0629893,2.03252,48.3746,0.988131,0.784966,0.532452,0.0428751,0.507882,0.945822,0.769776,0.226334,0.966976,0.45209
M4,added noise,sigma 0.003,train/Category-4_a_0017,object,0.674318,0.000309207,0.98063,54.1492,0.997027,0.311819,0.873835,0.984659,0.721173,1,0.90128,0.852939,0.998514,0.908787
M4,added noise,sigma 0.003,train/Category-4_a_0017,table,12.4538,0.47547,19.8533,41.0657,0.942082,2.18335,0.0828476,1e-06,0.00133641,0.70219,0.482978,0.000480183,0.822136,0.0183452
M4,added noise,sigma 0.003,train/Category-4_a_0017,background,3.38155,0.0447563,5.66044,49.089,0.98902,0.880375,0.50849,0.106692,0.151554,0.969633,0.74568,0.201833,0.979326,0.42678
M4,added noise,sigma 0.01,train/Category-4_a_0017,full,9.18701,0.395038,6.70966,38.7616,0.913023,2.45055,0.159231,1e-06,0.106826,0.625385,0.441821,0.00257179,0.769204,0.0409278
M4,added noise,sigma 0.01,train/Category-4_a_0017,object,2.24378,0.00361103,3.26857,43.6483,0.969144,1.03593,0.638421,0.83481,0.336377,0.788276,0.708002,0.563863,0.87871,0.681456
M4,added noise,sigma 0.01,train/Category-4_a_0017,table,29.799,3.45529,58.4798,32.1714,0.712925,5.87585,0.00258044,1e-06,1e-06,0.405713,0.141054,1.37161e-05,0.559319,0.0022527
M4,added noise,sigma 0.01,train/Category-4_a_0017,background,10.5747,0.215368,18.7877,39.1065,0.906358,2.83848,0.12064,2.10548e-05,0.00190633,0.636882,0.38823,0.00169179,0.77162,0.0325933
M4,added noise,sigma 0.03,train/Category-4_a_0017,full,21.242,1.49618,19.4566,30.2341,0.64107,6.13699,0.0142871,1e-06,0.00152535,0.341135,0.129294,0.000279322,0.491103,0.00958737
M4,added noise,sigma 0.03,train/Category-4_a_0017,object,6.58167,0.0695968,9.73545,34.2222,0.820716,3.02339,0.268116,0.0308123,0.0389628,0.474074,0.365022,0.0685329,0.647395,0.193289
M4,added noise,sigma 0.03,train/Category-4_a_0017,table,46.642,7.57114,154.871,24.6497,0.405265,11.1351,8.88651e-05,1e-06,1e-06,0.154989,0.0244363,4.46249e-06,0.280127,0.000775476
M4,added noise,sigma 0.03,train/Category-4_a_0017,background,26.6341,1.53132,53.7775,30.2049,0.564745,7.33604,0.0048595,1e-06,1e-06,0.340163,0.086696,1.69381e-05,0.452454,0.00216064
M4,added noise,sigma 0.05,train/Category-4_a_0017,full,28.2883,2.93977,30.7659,26.5836,0.470693,8.64024,0.00349067,1e-06,3.51707e-05,0.219454,0.0561303,4.97008e-05,0.345074,0.00315377
M4,added noise,sigma 0.05,train/Category-4_a_0017,object,10.4778,0.261645,15.9174,30.2706,0.68724,4.77501,0.123001,2.08187e-06,0.00496273,0.342353,0.203585,0.00108317,0.514797,0.0205462
M4,added noise,sigma 0.05,train/Category-4_a_0017,table,52.3455,9.12451,250.287,21.2257,0.28165,14.0342,2.84008e-05,1e-06,1e-06,0.0408569,0.00929712,3.05101e-06,0.161253,0.000457196
M4,added noise,sigma 0.05,train/Category-4_a_0017,background,35.763,3.71491,82.3898,26.5214,0.365758,10.2389,0.000782823,1e-06,1e-06,0.217381,0.0329435,9.21626e-06,0.291569,0.00118196
M5,smoothing,sigma 0.5px,train/Category-4_a_0017,full,1.62434,0.00212301,1.80237,53.8091,0.99813,0.304961,0.722622,0.899289,0.548378,1,0.903342,0.708974,0.999065,0.828993
M5,smoothing,sigma 0.5px,train/Category-4_a_0017,object,0.477564,0.000156254,1.32149,51.6058,0.998736,0.218277,0.908907,0.992218,0.643717,1,0.929825,0.834207,0.999368,0.903235
M5,smoothing,sigma 0.5px,train/Category-4_a_0017,table,5.35385,0.0132032,6.15505,51.0653,0.994688,0.63006,0.342745,0.516768,0.128519,1,0.810568,0.283407,0.997344,0.515371
M5,smoothing,sigma 0.5px,train/Category-4_a_0017,background,1.80937,0.00180395,2.38468,56.9814,0.998232,0.313079,0.69637,0.913751,0.451629,1,0.900901,0.659908,0.999116,0.799482
M5,smoothing,sigma 1px,train/Category-4_a_0017,full,4.04475,0.010643,5.56672,43.3337,0.985789,0.834194,0.445325,0.587342,0.156363,0.77779,0.757248,0.344536,0.88179,0.538742
M5,smoothing,sigma 1px,train/Category-4_a_0017,object,1.23512,0.00100387,4.22403,40.2591,0.987689,0.702222,0.781123,0.951045,0.24463,0.675305,0.791303,0.566426,0.831497,0.681199
M5,smoothing,sigma 1px,train/Category-4_a_0017,table,13.281,0.0644542,19.2065,41.7724,0.962169,1.64885,0.0702139,0.0398469,0.00165797,0.725747,0.577171,0.0166775,0.843958,0.112066
M5,smoothing,sigma 1px,train/Category-4_a_0017,background,4.48463,0.00914619,6.35511,48.2817,0.987852,0.803117,0.407821,0.632985,0.120228,0.942722,0.765133,0.31426,0.965287,0.531906
M5,smoothing,sigma 2px,train/Category-4_a_0017,full,5.20704,0.0165925,12.2383,35.7963,0.964575,1.32908,0.352958,0.436212,0.0169173,0.526542,0.642091,0.137589,0.745558,0.313184
M5,smoothing,sigma 2px,train/Category-4_a_0017,object,1.85868,0.00251756,9.65048,32.0715,0.950464,1.54594,0.689536,0.881723,0.040082,0.402383,0.597314,0.289921,0.676424,0.434657
M5,smoothing,sigma 2px,train/Category-4_a_0017,table,16.9012,0.0989916,50.3017,34.9467,0.922567,2.3988,0.034039,0.00708639,1e-06,0.498223,0.449509,0.000622493,0.710395,0.0196337
M5,smoothing,sigma 2px,train/Category-4_a_0017,background,5.63793,0.0138875,10.5127,43.9858,0.978793,1.05293,0.323814,0.499388,0.0300696,0.799526,0.704,0.169416,0.889159,0.374762
M5,smoothing,sigma 4px,train/Category-4_a_0017,full,6.09114,0.0220074,24.1147,29.5906,0.925727,2.08093,0.295754,0.332747,0.000322882,0.319687,0.499751,0.0316735,0.622707,0.135882
M5,smoothing,sigma 4px,train/Category-4_a_0017,object,2.81465,0.00695462,19.2061,25.8884,0.866228,3.14288,0.569538,0.706289,0.00165817,0.196279,0.35077,0.0873732,0.531253,0.202441
M5,smoothing,sigma 4px,train/Category-4_a_0017,table,19.4062,0.125237,132.424,27.389,0.859166,3.56451,0.0206251,0.00190771,1e-06,0.246301,0.304779,0.000340123,0.552733,0.01254
M5,smoothing,sigma 4px,train/Category-4_a_0017,background,6.25845,0.0170621,17.1436,39.6456,0.970659,1.23881,0.286021,0.426091,0.0032977,0.654852,0.661704,0.0737967,0.812756,0.237467
M6,destriping,own profile,train/Category-4_a_0017,full,6.07247,0.239486,6.53179,34.2463,0.953924,1.7205,0.29686,6.30405e-06,0.113351,0.474877,0.56355,0.00596393,0.7144,0.0629921
M6,destriping,own profile,train/Category-4_a_0017,object,1.71281,0.00401872,4.37807,34.6366,0.967417,1.47442,0.709949,0.817965,0.232385,0.487887,0.611724,0.512929,0.727652,0.595231
M6,destriping,own profile,train/Category-4_a_0017,table,23.3302,1.6711,48.2117,28.8817,0.81626,4.24813,0.00940938,1e-06,1e-06,0.296057,0.242673,2.11116e-05,0.556158,0.00302575
M6,destriping,own profile,train/Category-4_a_0017,background,6.35748,0.187015,12.1077,35.6703,0.964488,1.52552,0.280412,8.69003e-05,0.0176695,0.522343,0.601393,0.00755116,0.743416,0.0725791
M6,destriping,train template,train/Category-4_a_0017,full,4.7996,0.0288115,3.61398,46.0428,0.98534,0.852933,0.382923,0.236792,0.299794,0.868093,0.752533,0.300677,0.926717,0.511635
M6,destriping,train template,train/Category-4_a_0017,object,1.08309,0.000845956,2.16216,50.5133,0.995101,0.393515,0.805237,0.958584,0.486402,1,0.877067,0.721412,0.99755,0.832097
M6,destriping,train template,train/Category-4_a_0017,table,18.4356,0.193191,18.1501,39.4173,0.939551,2.19674,0.0250439,6.38134e-05,0.00235781,0.647245,0.480827,0.00155611,0.793398,0.0325942
M6,destriping,train template,train/Category-4_a_0017,background,5.18873,0.0233469,6.70307,46.5056,0.985673,0.947477,0.354252,0.311192,0.107061,0.883521,0.729187,0.22768,0.934597,0.444433
M7,gain error,global +1%,train/Category-4_a_0017,full,0.0186331,1.64672e-08,1.65974,54.8709,0.999983,0.142722,0.99628,0.999999,0.57508,1,0.95354,0.830558,0.999991,0.904866
M7,gain error,global +1%,train/Category-4_a_0017,object,0.00599646,1.3437e-08,1.23781,52.1128,0.999978,0.20255,0.998801,0.999999,0.661926,1,0.934712,0.871156,0.999989,0.923949
M7,gain error,global +1%,train/Category-4_a_0017,table,0.0806139,1.7463e-08,1.71257,62.1976,0.999975,0.0651801,0.984006,0.999999,0.565041,1,0.978508,0.822291,0.999988,0.903848
M7,gain error,global +1%,train/Category-4_a_0017,background,0.0178344,1.81597e-08,1.10095,57.2698,0.999986,0.117169,0.996439,0.999999,0.692822,1,0.961697,0.883807,0.999993,0.934616
M7,gain error,global -1%,train/Category-4_a_0017,full,0.0188795,1.64821e-08,1.65974,54.8065,0.999982,0.143496,0.996231,0.999999,0.57508,1,0.953294,0.830544,0.999991,0.904824
M7,gain error,global -1%,train/Category-4_a_0017,object,0.00601957,1.34941e-08,1.23781,52.0412,0.999977,0.203722,0.998797,0.999999,0.661926,1,0.934347,0.871155,0.999988,0.923894
M7,gain error,global -1%,train/Category-4_a_0017,table,0.0814511,1.74736e-08,1.71257,62.1473,0.999975,0.0656261,0.983842,0.999999,0.565041,1,0.978362,0.822245,0.999987,0.903803
M7,gain error,global -1%,train/Category-4_a_0017,background,0.0181354,1.81498e-08,1.10095,57.2191,0.999986,0.117747,0.996379,0.999999,0.692822,1,0.961511,0.883789,0.999993,0.93458
M7,gain error,global +3%,train/Category-4_a_0017,full,0.0184153,1.64734e-08,4.97921,45.3865,0.999848,0.425387,0.996324,0.999999,0.190189,0.846218,0.867799,0.574375,0.923033,0.721417
M7,gain error,global +3%,train/Category-4_a_0017,object,0.00598161,1.34609e-08,3.71342,42.6328,0.999809,0.602752,0.998804,0.999999,0.29002,0.754425,0.81798,0.661662,0.877117,0.753875
M7,gain error,global +3%,train/Category-4_a_0017,table,0.0798155,1.73918e-08,5.13772,52.7048,0.999784,0.19422,0.984164,0.999999,0.180401,1,0.937311,0.562042,0.999892,0.742421
M7,gain error,global +3%,train/Category-4_a_0017,background,0.0175731,1.81658e-08,3.30284,47.7773,0.999881,0.349808,0.996492,0.999999,0.332556,0.925909,0.889939,0.692011,0.962895,0.806702
M7,gain error,global -3%,train/Category-4_a_0017,full,0.0190812,1.64781e-08,4.97921,45.2095,0.999839,0.432865,0.996191,0.999999,0.190189,0.840316,0.865638,0.574349,0.920078,0.720323
M7,gain error,global -3%,train/Category-4_a_0017,object,0.00595925,1.35016e-08,3.71342,42.4425,0.9998,0.614774,0.998809,0.999999,0.29002,0.748083,0.814709,0.661663,0.873941,0.752467
M7,gain error,global -3%,train/Category-4_a_0017,table,0.0822871,1.74786e-08,5.13772,52.5538,0.999768,0.198236,0.983677,0.999999,0.180401,1,0.936057,0.561949,0.999884,0.742209
M7,gain error,global -3%,train/Category-4_a_0017,background,0.0184089,1.81376e-08,3.30284,47.6253,0.999873,0.355015,0.996325,0.999999,0.332556,0.920842,0.888395,0.691972,0.960358,0.805725
M7,gain error,global +10%,train/Category-4_a_0017,full,0.0176377,1.64864e-08,16.5974,35.1362,0.998434,1.38964,0.996479,0.999999,0.00395624,0.504538,0.629258,0.157973,0.751486,0.335497
M7,gain error,global +10%,train/Category-4_a_0017,object,0.00584823,1.34518e-08,12.3781,32.4027,0.998032,1.96223,0.998831,0.999999,0.0161469,0.413423,0.519922,0.252655,0.705728,0.403346
M7,gain error,global +10%,train/Category-4_a_0017,table,0.0771965,1.74582e-08,17.1258,42.4152,0.997781,0.632545,0.984679,0.999999,0.00331737,0.747174,0.809897,0.148376,0.872478,0.355803
M7,gain error,global +10%,train/Category-4_a_0017,background,0.0166572,1.81849e-08,11.0095,37.4888,0.998766,1.14712,0.996674,0.999999,0.0254809,0.58296,0.68224,0.293938,0.790863,0.471578
M7,gain error,global -10%,train/Category-4_a_0017,full,0.0200257,1.65172e-08,16.5974,34.5526,0.998277,1.47198,0.996003,0.999999,0.00395624,0.485086,0.612223,0.157948,0.741682,0.33256
M7,gain error,global -10%,train/Category-4_a_0017,object,0.00602273,1.35248e-08,12.3781,31.7789,0.998208,2.09335,0.998796,0.999999,0.0161469,0.39263,0.497688,0.252652,0.695419,0.398649
M7,gain error,global -10%,train/Category-4_a_0017,table,0.0855179,1.752e-08,17.1258,41.9109,0.997186,0.67712,0.983042,0.999999,0.00331737,0.730363,0.797952,0.148293,0.863775,0.353669
M7,gain error,global -10%,train/Category-4_a_0017,background,0.0195743,1.81859e-08,11.0095,36.981,0.998468,1.20516,0.996093,0.999999,0.0254809,0.566034,0.669168,0.293881,0.782251,0.468368
M7,gain error,per band 1%,train/Category-4_a_0017,full,0.545543,9.61847e-05,1.65974,57.0719,0.999988,0.486846,0.896633,0.995202,0.57508,1,0.850201,0.800605,0.999994,0.873246
M7,gain error,per band 1%,train/Category-4_a_0017,object,0.567356,9.82839e-05,1.23781,54.5562,0.999987,0.517459,0.89273,0.995098,0.661926,1,0.84157,0.837783,0.999993,0.891925
M7,gain error,per band 1%,train/Category-4_a_0017,table,0.495534,9.32465e-05,1.71257,64.1605,0.999982,0.262421,0.905646,0.995349,0.565041,1,0.916243,0.798616,0.999991,0.882001
M7,gain error,per band 1%,train/Category-4_a_0017,background,0.53918,9.53176e-05,1.10095,59.0376,0.99999,0.498872,0.897775,0.995245,0.692822,1,0.8468,0.852262,0.999995,0.900436
M7,gain error,per band 3%,train/Category-4_a_0017,full,1.6252,0.000862819,4.97921,47.55,0.999894,1.44801,0.722498,0.957776,0.190189,0.918333,0.617133,0.508662,0.959113,0.653771
M7,gain error,per band 3%,train/Category-4_a_0017,object,1.69793,0.000882723,3.71342,45.0361,0.99988,1.51952,0.712065,0.956824,0.29002,0.834538,0.602597,0.582452,0.917209,0.686274
M7,gain error,per band 3%,train/Category-4_a_0017,table,1.45108,0.000835434,5.13772,54.6386,0.999837,0.791753,0.748101,0.959089,0.180401,1,0.768037,0.505847,0.999919,0.683604
M7,gain error,per band 3%,train/Category-4_a_0017,background,1.60499,0.000854534,3.30284,49.5125,0.999911,1.49404,0.725425,0.958173,0.332556,0.983751,0.607737,0.613716,0.991831,0.724927
M7,gain error,per band 10%,train/Category-4_a_0017,full,5.31175,0.00949837,16.5974,37.1595,0.998849,4.62928,0.345643,0.621936,0.00395624,0.571983,0.213719,0.094744,0.785416,0.224407
M7,gain error,per band 10%,train/Category-4_a_0017,object,5.6011,0.00975828,12.3781,34.6556,0.998676,4.69293,0.326208,0.613906,0.0161469,0.488519,0.209233,0.147875,0.743597,0.274164
M7,gain error,per band 10%,train/Category-4_a_0017,table,4.68078,0.0091582,17.1258,44.2431,0.998279,2.67018,0.392132,0.632604,0.00331737,0.808102,0.410631,0.09371,0.90319,0.258484
M7,gain error,per band 10%,train/Category-4_a_0017,background,5.22294,0.00938781,11.0095,39.1056,0.99903,4.85706,0.351836,0.625383,0.0254809,0.636852,0.198093,0.177651,0.817941,0.308153
M8,zero-clamping,zero <0.001,train/Category-4_a_0017,full,0.0393487,0.00390407,0.0147336,75.9957,0.999979,0.00208357,0.992161,0.822667,0.995101,1,0.999306,0.93302,0.99999,0.965826
M8,zero-clamping,zero <0.001,train/Category-4_a_0017,object,0.00597879,2.57213e-08,0.000116993,120,1,1.47665e-08,0.998805,0.999999,0.999961,1,1,0.999588,1,0.999794
M8,zero-clamping,zero <0.001,train/Category-4_a_0017,table,0.199148,0.0193871,0.35472,68.9384,0.999896,0.0116606,0.960953,0.379328,0.888483,1,0.996121,0.686735,0.999948,0.828196
M8,zero-clamping,zero <0.001,train/Category-4_a_0017,background,0.0377663,0.00415539,0.0467547,75.7876,0.999978,0.00203918,0.992475,0.812394,0.984536,1,0.999321,0.925918,0.999989,0.962145
M8,zero-clamping,zero <0.003,train/Category-4_a_0017,full,0.290907,0.0959387,0.13363,54.3808,0.997382,0.0348743,0.943479,0.00825499,0.956434,1,0.988443,0.1953,0.998691,0.440955
M8,zero-clamping,zero <0.003,train/Category-4_a_0017,object,0.0059872,4.48245e-07,0.00059516,120,1,1.58149e-07,0.998803,0.999978,0.999802,1,1,0.999527,1,0.999764
M8,zero-clamping,zero <0.003,train/Category-4_a_0017,table,2.04762,0.614308,3.87349,46.4874,0.98511,0.235391,0.663966,1e-06,0.274951,0.882915,0.924536,0.00567283,0.934013,0.0726795
M8,zero-clamping,zero <0.003,train/Category-4_a_0017,background,0.224095,0.0833806,0.376988,54.8257,0.99747,0.0286673,0.956171,0.0154673,0.881912,1,0.99049,0.235392,0.998735,0.484263
M8,zero-clamping,zero <0.01,train/Category-4_a_0017,full,2.38377,1.00391,0.994279,37.6407,0.962477,0.333407,0.620795,1e-06,0.717899,0.588022,0.894817,0.00763842,0.775249,0.0786261
M8,zero-clamping,zero <0.01,train/Category-4_a_0017,object,0.00643217,2.53736e-05,0.0091207,84.8385,0.999998,8.44466e-05,0.998714,0.998732,0.996964,1,0.999972,0.998137,0.999999,0.999063
M8,zero-clamping,zero <0.01,train/Category-4_a_0017,table,22.8574,9.38629,33.8038,27.6625,0.650532,3.23972,0.0103426,1e-06,1.2776e-05,0.255418,0.339628,5.0934e-05,0.452975,0.00460024
M8,zero-clamping,zero <0.01,train/Category-4_a_0017,background,1.03614,0.470576,1.73047,41.7609,0.982226,0.139603,0.812834,1e-06,0.56168,0.725363,0.954532,0.00770011,0.853795,0.08245
M8,zero-clamping,zero <0.02,train/Category-4_a_0017,full,4.38084,1.8025,1.96651,32.417,0.92996,0.612024,0.416375,1e-06,0.519181,0.413902,0.815456,0.00600161,0.671931,0.0653744
M8,zero-clamping,zero <0.02,train/Category-4_a_0017,object,0.0145965,0.000784146,0.0806529,59.2792,0.999852,0.00456847,0.997085,0.961551,0.973474,1,0.998478,0.977259,0.999926,0.988313
M8,zero-clamping,zero <0.02,train/Category-4_a_0017,table,42.4952,17.6435,60.9112,22.2069,0.313662,5.91162,0.000203665,1e-06,1e-06,0.0735646,0.139382,5.88354e-06,0.193613,0.00101596
M8,zero-clamping,zero <0.02,train/Category-4_a_0017,background,1.83617,0.737063,3.03924,37.4778,0.971534,0.258413,0.692647,1e-06,0.363099,0.582595,0.917468,0.00631218,0.777065,0.0718023
M8,zero-clamping,floor 0.005,train/Category-4_a_0017,full,0.413381,0.00438733,0.214253,49.4186,0.996801,0.0661565,0.920649,0.803027,0.931073,0.980621,0.978189,0.88295,0.988711,0.932837
M8,zero-clamping,floor 0.005,train/Category-4_a_0017,object,0.0059963,3.70574e-08,0.00100435,120,1,3.53001e-07,0.998801,0.999998,0.999665,1,1,0.999488,1,0.999744
M8,zero-clamping,floor 0.005,train/Category-4_a_0017,table,2.91989,0.0261531,5.92604,41.7923,0.979793,0.447523,0.557676,0.270454,0.138713,0.726411,0.861419,0.275548,0.853102,0.485547
M8,zero-clamping,floor 0.005,train/Category-4_a_0017,background,0.318569,0.00407655,0.625584,49.63,0.997182,0.0542475,0.938274,0.815603,0.811778,0.987667,0.98208,0.853261,0.992424,0.918771
M8,zero-clamping,floor 0.02,train/Category-4_a_0017,full,2.42564,0.0245934,2.40304,33.5618,0.97571,0.712386,0.615618,0.292389,0.448874,0.452059,0.788627,0.432314,0.713884,0.563897
M8,zero-clamping,floor 0.02,train/Category-4_a_0017,object,0.00836527,4.62743e-06,0.025365,72.6792,0.999985,0.00113366,0.998328,0.999769,0.991581,1,0.999622,0.996553,0.999993,0.998216
M8,zero-clamping,floor 0.02,train/Category-4_a_0017,table,21.4398,0.189072,77.0759,24.3582,0.793592,6.40764,0.013733,7.84068e-05,1e-06,0.145274,0.118141,0.000102496,0.469433,0.00563981
M8,zero-clamping,floor 0.02,train/Category-4_a_0017,background,1.3004,0.0170785,5.2053,35.7228,0.98581,0.36763,0.77099,0.425741,0.176383,0.524092,0.884667,0.386857,0.754951,0.553431
M9,constant,zeros,train/Category-4_a_0017,full,90,23.5988,165.974,8.2168,0.00262339,28.2334,1e-06,1e-06,1e-06,0,8.18078e-05,1e-06,0.0013117,2.38869e-05
M9,constant,zeros,train/Category-4_a_0017,object,90,23.6109,123.781,5.16185,0.000589912,46.432,1e-06,1e-06,1e-06,0,1e-06,1e-06,0.000294956,7.31838e-06
M9,constant,zeros,train/Category-4_a_0017,table,90,23.7145,171.258,17.2051,0.0130839,9.72386,1e-06,1e-06,1e-06,0,0.0391136,1e-06,0.00654194,0.000105766
M9,constant,zeros,train/Category-4_a_0017,background,90,23.5758,110.095,11.2007,0.00242877,19.7709,1e-06,1e-06,1e-06,0,0.00137363,1e-06,0.00121439,3.54981e-05
M9,constant,train mean,train/Category-4_a_0017,full,19.0258,0.153446,134.345,14.4151,0.770754,16.3624,0.0222557,0.000465549,1e-06,0,0.0042786,0.000218006,0.385377,0.00466648
M9,constant,train mean,train/Category-4_a_0017,object,15.439,0.174125,96.2674,11.9992,0.648882,22.4394,0.0456023,0.000165544,1e-06,0,0.000564371,0.00019617,0.324441,0.00307573
M9,constant,train mean,train/Category-4_a_0017,table,36.1124,0.378208,839.643,11.2535,0.398366,25.4097,0.000729991,1e-06,1e-06,0,0.000209684,9.00408e-06,0.199183,0.000478842
M9,constant,train mean,train/Category-4_a_0017,background,18.8679,0.110435,161.939,18.3338,0.894861,11.4676,0.0229697,0.00399885,1e-06,0,0.0218727,0.000451194,0.447431,0.00903485
M9,constant,ones,train/Category-4_a_0017,full,19.5632,0.165277,599.378,3.27275,0.469463,54.0605,0.0199877,0.000257665,1e-06,0,1e-06,0.000172692,0.234732,0.000996177
M9,constant,ones,train/Category-4_a_0017,object,17.8994,0.229231,248.792,5.27772,0.511966,38.5474,0.0278793,1.05271e-05,1e-06,0,2.62839e-06,6.64554e-05,0.255983,0.000736364
M9,constant,ones,train/Category-4_a_0017,table,34.5556,0.344382,6691.02,1.06756,0.167701,85.7891,0.000996649,1e-06,1e-06,0,1e-06,9.98882e-06,0.0838506,0.000167103
M9,constant,ones,train/Category-4_a_0017,background,18.5299,0.102366,1793.98,2.72985,0.484824,59.1072,0.0245763,0.00598611,1e-06,0,1e-06,0.000527902,0.242412,0.00176145
M1,dropped pixels,drop 0.01,train/Category-4_a_0024,full,0.0708376,0.000133915,0.47881,65.2206,0.999862,0.00865158,0.985932,0.993327,0.852482,1,0.99712,0.941618,0.999931,0.969927
M1,dropped pixels,drop 0.01,train/Category-4_a_0024,object,0.0168775,7.54019e-06,0.271506,61.524,0.999872,0.00689118,0.99663,0.999623,0.913473,1,0.997706,0.96907,0.999936,0.984052
M1,dropped pixels,drop 0.01,train/Category-4_a_0024,table,0.236273,0.000741017,1.75103,62.2177,0.999621,0.0177941,0.953844,0.963627,0.557844,1,0.994086,0.800387,0.99981,0.893788
M1,dropped pixels,drop 0.01,train/Category-4_a_0024,background,0.0702166,0.000107602,0.74302,68.8174,0.999887,0.00820743,0.986055,0.994634,0.780615,1,0.997268,0.914816,0.999943,0.956049
M1,dropped pixels,drop 0.1,train/Category-4_a_0024,full,0.497985,0.00138337,1.51802,55.4398,0.998648,0.0851528,0.905202,0.933169,0.602898,1,0.972015,0.798576,0.999324,0.889624
M1,dropped pixels,drop 0.1,train/Category-4_a_0024,object,0.111991,7.24324e-05,0.859892,51.7966,0.998783,0.0644066,0.977851,0.996385,0.750789,1,0.97876,0.90103,0.999391,0.945972
M1,dropped pixels,drop 0.1,train/Category-4_a_0024,table,1.50051,0.00734605,5.00442,52.66,0.996405,0.166523,0.740743,0.6926,0.188598,1,0.946005,0.459088,0.998203,0.671519
M1,dropped pixels,drop 0.1,train/Category-4_a_0024,background,0.514015,0.00114833,2.37819,58.833,0.998856,0.0829035,0.902305,0.944201,0.452608,1,0.972744,0.727858,0.999428,0.849447
M1,dropped pixels,drop 0.5,train/Category-4_a_0024,full,2.39478,0.00688024,3.4127,48.419,0.993059,0.426258,0.61943,0.70892,0.320598,0.947299,0.867547,0.520216,0.970179,0.698609
M1,dropped pixels,drop 0.5,train/Category-4_a_0024,object,0.542884,0.000369429,1.94047,44.7282,0.993727,0.327629,0.89711,0.981698,0.523707,0.824275,0.896542,0.772628,0.909001,0.836312
M1,dropped pixels,drop 0.5,train/Category-4_a_0024,table,7.08827,0.0366965,11.3138,45.7127,0.981888,0.815677,0.242282,0.159641,0.023023,0.857091,0.761936,0.0962075,0.91949,0.289157
M1,dropped pixels,drop 0.5,train/Category-4_a_0024,background,2.48485,0.00568999,5.30744,51.8594,0.994099,0.415273,0.608371,0.752391,0.170479,1,0.870729,0.427327,0.99705,0.639608
M1,dropped pixels,pool 2,train/Category-4_a_0024,full,5.02937,0.0150317,6.52933,42.2365,0.978734,1.01319,0.365725,0.471619,0.113444,0.741218,0.713388,0.269469,0.859976,0.468084
M1,dropped pixels,pool 2,train/Category-4_a_0024,object,1.2884,0.00109041,4.05724,37.5686,0.972132,0.998105,0.772843,0.946939,0.258615,0.585619,0.716984,0.574146,0.778875,0.660468
M1,dropped pixels,pool 2,train/Category-4_a_0024,table,14.7769,0.0806676,21.3527,40.5682,0.948312,1.85788,0.0520592,0.0177143,0.000810747,0.685608,0.538324,0.00907617,0.81696,0.0808869
M1,dropped pixels,pool 2,train/Category-4_a_0024,background,5.1812,0.0122802,8.23799,47.47,0.984392,0.922652,0.354786,0.541175,0.0641843,0.915667,0.735246,0.230982,0.95003,0.450777
M1,dropped pixels,pool 4,train/Category-4_a_0024,full,6.22923,0.0219584,13.7311,35.4321,0.950372,1.50747,0.287697,0.333564,0.0102854,0.514404,0.605022,0.0995661,0.732388,0.26241
M1,dropped pixels,pool 4,train/Category-4_a_0024,object,2.11037,0.00358647,9.08855,30.0778,0.890066,2.20714,0.655686,0.835836,0.0483391,0.335928,0.479163,0.298107,0.612997,0.411973
M1,dropped pixels,pool 4,train/Category-4_a_0024,table,18.0706,0.115618,58.6149,34.0976,0.905627,2.58032,0.0269407,0.003086,1e-06,0.469921,0.423117,0.000436451,0.687774,0.016108
M1,dropped pixels,pool 4,train/Category-4_a_0024,background,6.27086,0.0175218,12.2747,43.8568,0.975667,1.15133,0.285312,0.416407,0.0167131,0.795227,0.681283,0.125689,0.885447,0.320742
M1,dropped pixels,pool 8,train/Category-4_a_0024,full,7.13564,0.0284362,26.6534,29.213,0.903002,2.24813,0.239997,0.241277,0.000138526,0.307101,0.472661,0.0200179,0.605052,0.106052
M1,dropped pixels,pool 8,train/Category-4_a_0024,object,3.49394,0.012755,17.8829,23.8541,0.730057,4.54617,0.497187,0.52848,0.00257746,0.128469,0.219723,0.0878173,0.429263,0.1756
M1,dropped pixels,pool 8,train/Category-4_a_0024,table,20.3827,0.141651,162.282,26.5507,0.836449,3.73925,0.0169661,0.00083964,1e-06,0.218355,0.287533,0.000242414,0.527402,0.0103236
M1,dropped pixels,pool 8,train/Category-4_a_0024,background,6.8581,0.0208836,18.352,39.7955,0.968554,1.30843,0.253696,0.35198,0.00220431,0.65985,0.646525,0.0581702,0.814202,0.21023
M2,dropped bands,every 10,train/Category-4_a_0024,full,6.37901,0.0113054,4.80128,38.7837,0.99681,4.75049,0.279207,0.568206,0.201811,0.626123,0.205256,0.317535,0.811466,0.413033
M2,dropped bands,every 10,train/Category-4_a_0024,object,1.15085,0.00103615,2.00117,46.0491,0.998076,0.920993,0.794399,0.949512,0.513217,0.868304,0.735652,0.728808,0.93319,0.795787
M2,dropped bands,every 10,train/Category-4_a_0024,table,3.10153,0.00648366,4.95191,50.5764,0.995224,0.749421,0.53778,0.723118,0.191927,1,0.778951,0.421034,0.997612,0.624484
M2,dropped bands,every 10,train/Category-4_a_0024,background,8.50387,0.0152963,7.76368,37.3906,0.996565,6.48803,0.182542,0.465421,0.0751782,0.579686,0.115017,0.185538,0.788125,0.28651
M2,dropped bands,every 4,train/Category-4_a_0024,full,4.26717,0.00730143,4.20407,44.2133,0.996273,2.10769,0.42595,0.694147,0.246262,0.807109,0.495314,0.417576,0.901691,0.560881
M2,dropped bands,every 4,train/Category-4_a_0024,object,1.08747,0.000639639,2.02309,47.3558,0.996689,0.505381,0.804532,0.968524,0.50948,0.91186,0.844965,0.734954,0.954274,0.822321
M2,dropped bands,every 4,train/Category-4_a_0024,table,7.03841,0.022895,8.79513,48.5016,0.991657,0.986594,0.24471,0.318303,0.0533058,0.950055,0.71974,0.160727,0.970856,0.377681
M2,dropped bands,every 4,train/Category-4_a_0024,background,5.02025,0.00777149,7.26301,43.2658,0.996656,2.77211,0.366393,0.678023,0.0888325,0.775527,0.396914,0.280492,0.886092,0.44196
M2,dropped bands,every 2,train/Category-4_a_0024,full,8.45022,0.022839,6.94543,39.5027,0.992825,4.27962,0.184511,0.319196,0.0987522,0.65009,0.240138,0.179836,0.821457,0.319604
M2,dropped bands,every 2,train/Category-4_a_0024,object,1.74373,0.00186119,3.06556,43.015,0.993432,0.949254,0.705573,0.911139,0.359928,0.767166,0.728755,0.613923,0.880299,0.714603
M2,dropped bands,every 2,train/Category-4_a_0024,table,11.0997,0.0478929,12.8803,45.6088,0.984491,1.37824,0.108616,0.0912049,0.0136581,0.853626,0.631654,0.0513375,0.919058,0.205333
M2,dropped bands,every 2,train/Category-4_a_0024,background,10.4003,0.0270411,12.4084,38.4596,0.993565,5.72526,0.124924,0.258708,0.0159847,0.61532,0.148315,0.0802393,0.804442,0.197149
M3,low-rank,k=30,train/Category-4_a_0024,full,1.61455,0.00346731,1.51767,77.0499,0.99999,0.0263611,0.724039,0.84083,0.602968,1,0.991251,0.716014,0.999995,0.84506
M3,low-rank,k=30,train/Category-4_a_0024,object,0.434316,0.000180852,0.843945,73.7204,0.999986,0.0144826,0.916803,0.990998,0.754791,1,0.995184,0.881844,0.999993,0.938383
M3,low-rank,k=30,train/Category-4_a_0024,table,5.38403,0.0227807,8.45401,72.9835,0.999968,0.0618705,0.340682,0.320128,0.059725,1,0.979588,0.186757,0.999984,0.430816
M3,low-rank,k=30,train/Category-4_a_0024,background,1.58387,0.00238403,2.84718,80.6364,0.999993,0.0263273,0.728495,0.887629,0.387105,1,0.991263,0.630225,0.999997,0.792822
M3,low-rank,k=12,train/Category-4_a_0024,full,4.50037,0.0321368,7.39981,43.7206,0.993863,0.713737,0.406539,0.20052,0.0848727,0.790687,0.788272,0.19055,0.892275,0.404744
M3,low-rank,k=12,train/Category-4_a_0024,object,2.31294,0.0121638,4.89388,38.0703,0.9849,0.828354,0.629652,0.544336,0.195676,0.602344,0.758723,0.406289,0.793622,0.564021
M3,low-rank,k=12,train/Category-4_a_0024,table,14.3723,0.197132,18.9921,44.2948,0.990599,1.71885,0.0564471,5.2399e-05,0.00178081,0.809827,0.563859,0.00173991,0.900213,0.0368944
M3,low-rank,k=12,train/Category-4_a_0024,background,4.11695,0.0201638,7.13029,53.029,0.997239,0.56153,0.438941,0.364879,0.0928506,1,0.829297,0.245912,0.99862,0.481933
M3,low-rank,k=8,train/Category-4_a_0024,full,6.12524,0.0871772,10.2865,30.6027,0.954226,2.75743,0.293744,0.0127929,0.0324249,0.353424,0.39886,0.0495761,0.653825,0.167175
M3,low-rank,k=8,train/Category-4_a_0024,object,3.12454,0.0406802,6.94353,24.8165,0.905795,4.72805,0.53531,0.13081,0.0988145,0.160551,0.206797,0.190556,0.533173,0.276533
M3,low-rank,k=8,train/Category-4_a_0024,table,21.6536,0.563434,27.2279,30.2249,0.826199,9.72715,0.0131581,1e-06,0.000114383,0.340831,0.0390707,0.0001146,0.583515,0.00545115
M3,low-rank,k=8,train/Category-4_a_0024,background,5.37446,0.0488751,8.85027,43.2956,0.984964,1.30753,0.341334,0.086834,0.052335,0.776519,0.646718,0.115759,0.880741,0.304847
M3,low-rank,k=4,train/Category-4_a_0024,full,10.5775,0.320661,18.2852,27.9712,0.938728,3.31635,0.120572,1e-06,0.00225393,0.265707,0.331062,0.000647732,0.602218,0.018055
M3,low-rank,k=4,train/Category-4_a_0024,object,5.31698,0.0572629,12.3828,22.1043,0.880734,6.47102,0.345281,0.0570889,0.0161213,0.0701434,0.115671,0.0682404,0.475439,0.145709
M3,low-rank,k=4,train/Category-4_a_0024,table,39.1808,2.64764,63.323,29.7101,0.876106,6.23912,0.000395186,1e-06,1e-06,0.323669,0.124967,7.33839e-06,0.599888,0.00165823
M3,low-rank,k=4,train/Category-4_a_0024,background,9.10513,0.145667,13.4874,39.0746,0.965271,1.92724,0.161859,0.000686897,0.0111556,0.635819,0.526022,0.0107442,0.800545,0.0870809
M3,low-rank,k=2,train/Category-4_a_0024,full,13.7685,0.438371,49.2543,20.2715,0.928826,8.11047,0.0636913,1e-06,1e-06,0.00905011,0.0669714,3.99356e-05,0.468938,0.00323187
M3,low-rank,k=2,train/Category-4_a_0024,object,14.0773,0.213705,34.928,14.049,0.822874,21.5728,0.0598777,2.28801e-05,8.78337e-06,0,0.000753397,0.000229154,0.411437,0.00377245
M3,low-rank,k=2,train/Category-4_a_0024,table,40.0934,3.45879,67.2662,30.1559,0.879304,5.28457,0.000329254,1e-06,1e-06,0.338531,0.171783,6.90521e-06,0.608917,0.00169602
M3,low-rank,k=2,train/Category-4_a_0024,background,10.6856,0.171903,16.011,35.321,0.969976,3.914,0.117994,0.000185003,0.00481023,0.5107,0.271263,0.00471775,0.740338,0.0508366
M4,added noise,sigma 0.001,train/Category-4_a_0024,full,1.28857,0.00736191,0.830551,56.9696,0.998299,0.298012,0.772816,0.692051,0.758168,1,0.905437,0.740162,0.99915,0.84735
M4,added noise,sigma 0.001,train/Category-4_a_0024,object,0.189022,3.46804e-05,0.279862,60.9361,0.999522,0.0914624,0.962901,0.998267,0.910932,1,0.969973,0.956691,0.999761,0.973561
M4,added noise,sigma 0.001,train/Category-4_a_0024,table,4.75899,0.048777,6.94752,50.017,0.992101,0.772714,0.386047,0.0872612,0.0986832,1,0.772926,0.149246,0.99605,0.371167
M4,added noise,sigma 0.001,train/Category-4_a_0024,background,1.26467,0.00513283,2.11122,58.2018,0.99859,0.31358,0.776519,0.773646,0.494732,1,0.900751,0.667351,0.999295,0.804009
M4,added noise,sigma 0.003,train/Category-4_a_0024,full,3.7406,0.073319,2.48405,47.6979,0.986321,0.882322,0.473256,0.0255798,0.436915,0.923264,0.745197,0.174233,0.954793,0.392983
M4,added noise,sigma 0.003,train/Category-4_a_0024,object,0.56713,0.000313124,0.839888,51.4648,0.995906,0.273834,0.89277,0.984466,0.755812,1,0.912764,0.872539,0.997953,0.920735
M4,added noise,sigma 0.003,train/Category-4_a_0024,table,13.2808,0.558958,20.3215,40.8397,0.940011,2.23697,0.0702173,1e-06,0.00114331,0.694658,0.474423,0.000431389,0.817334,0.0173061
M4,added noise,sigma 0.003,train/Category-4_a_0024,background,3.7255,0.0428482,6.32229,48.897,0.988347,0.933142,0.474687,0.117372,0.12155,0.963235,0.732679,0.189195,0.975791,0.411591
M4,added noise,sigma 0.01,train/Category-4_a_0024,full,10.9577,0.435511,8.19092,37.9935,0.898586,2.7499,0.111744,1e-06,0.0651992,0.599785,0.399862,0.0019386,0.749186,0.0346847
M4,added noise,sigma 0.01,train/Category-4_a_0024,object,1.88541,0.00411918,2.79788,40.9824,0.963947,0.907519,0.68586,0.813867,0.393518,0.699413,0.738964,0.603371,0.83168,0.695938
M4,added noise,sigma 0.01,train/Category-4_a_0024,table,31.0656,3.71093,59.6427,31.9385,0.708177,5.98897,0.00200298,1e-06,1e-06,0.397951,0.135834,1.26055e-05,0.553064,0.00213896
M4,added noise,sigma 0.01,train/Category-4_a_0024,background,11.7256,0.209535,20.9887,38.8355,0.898209,3.0014,0.0958365,2.81849e-05,0.000915315,0.627848,0.367708,0.00135219,0.763029,0.0287895
M4,added noise,sigma 0.03,train/Category-4_a_0024,full,24.9466,1.95484,23.3694,29.5378,0.604177,6.7427,0.00681032,1e-06,0.000413938,0.317926,0.105656,0.000141265,0.461052,0.00647014
M4,added noise,sigma 0.03,train/Category-4_a_0024,object,5.49191,0.0883253,8.30423,32.4654,0.854055,2.61038,0.33341,0.0120793,0.0627827,0.415513,0.418899,0.0632344,0.634784,0.18824
M4,added noise,sigma 0.03,train/Category-4_a_0024,table,47.4631,7.80244,158.569,24.4261,0.400794,11.1961,7.54061e-05,1e-06,1e-06,0.147535,0.0239444,4.22476e-06,0.274164,0.000746596
M4,added noise,sigma 0.03,train/Category-4_a_0024,background,28.9249,1.91921,59.1188,29.9451,0.543366,7.62498,0.0030734,1e-06,1e-06,0.331505,0.0787355,1.45392e-05,0.437435,0.00194991
M4,added noise,sigma 0.05,train/Category-4_a_0024,full,32.2808,3.77354,36.5193,25.9884,0.441492,9.28944,0.00157081,1e-06,5.16758e-06,0.199612,0.0452081,2.00973e-05,0.320552,0.00189197
M4,added noise,sigma 0.05,train/Category-4_a_0024,object,8.71889,0.261073,13.6364,29.0205,0.764772,4.10677,0.174858,2.14222e-06,0.0106151,0.300684,0.254381,0.00158426,0.532728,0.0260023
M4,added noise,sigma 0.05,train/Category-4_a_0024,table,52.8503,9.30643,256.956,21.0314,0.27869,14.0905,2.56732e-05,1e-06,1e-06,0.0343789,0.00912415,2.95003e-06,0.156534,0.000443665
M4,added noise,sigma 0.05,train/Category-4_a_0024,background,37.8573,4.3257,90.0082,26.3157,0.351464,10.4847,0.000514936,1e-06,1e-06,0.210525,0.0303513,8.01526e-06,0.280994,0.0010748
M5,smoothing,sigma 0.5px,train/Category-4_a_0024,full,1.90023,0.00272118,1.98416,52.951,0.997635,0.346102,0.68383,0.872791,0.516136,1,0.891039,0.675368,0.998818,0.807374
M5,smoothing,sigma 0.5px,train/Category-4_a_0024,object,0.439031,0.000126399,1.14386,49.1354,0.997842,0.275253,0.915938,0.9937,0.682981,0.97118,0.912332,0.853447,0.984511,0.90623
M5,smoothing,sigma 0.5px,train/Category-4_a_0024,table,5.59829,0.0152562,6.52229,50.2783,0.993718,0.662827,0.326391,0.466355,0.113711,1,0.801763,0.258674,0.996859,0.491479
M5,smoothing,sigma 0.5px,train/Category-4_a_0024,background,1.9719,0.00217301,3.01313,56.6005,0.998009,0.334025,0.674098,0.897044,0.366273,1,0.894633,0.605035,0.999004,0.76469
M5,smoothing,sigma 1px,train/Category-4_a_0024,full,4.72822,0.0134886,6.13868,42.782,0.981608,0.944529,0.388429,0.509448,0.129221,0.759399,0.729903,0.294611,0.870504,0.493212
M5,smoothing,sigma 1px,train/Category-4_a_0024,object,1.21149,0.000968792,3.81179,38.1007,0.976043,0.940014,0.784823,0.952715,0.280664,0.603357,0.731003,0.594256,0.7897,0.677152
M5,smoothing,sigma 1px,train/Category-4_a_0024,table,13.8715,0.0723516,20.4283,41.1152,0.955691,1.73116,0.0623935,0.0268476,0.00110333,0.703839,0.561551,0.0122721,0.829765,0.0951703
M5,smoothing,sigma 1px,train/Category-4_a_0024,background,4.87321,0.0110268,7.74177,48.0585,0.986408,0.857016,0.377327,0.576178,0.0757293,0.935282,0.751509,0.254398,0.960845,0.476514
M5,smoothing,sigma 2px,train/Category-4_a_0024,full,6.06163,0.0208705,13.0157,35.8575,0.954647,1.46171,0.297505,0.352211,0.0130553,0.528582,0.614321,0.11101,0.741614,0.278935
M5,smoothing,sigma 2px,train/Category-4_a_0024,object,2.0407,0.0032942,8.62971,30.5052,0.902202,2.13763,0.664886,0.84814,0.0563277,0.350173,0.490396,0.316698,0.626187,0.429291
M5,smoothing,sigma 2px,train/Category-4_a_0024,table,17.6113,0.110168,53.4436,34.5328,0.913385,2.49698,0.0295327,0.00405262,1e-06,0.484426,0.435036,0.000492811,0.698905,0.0172848
M5,smoothing,sigma 2px,train/Category-4_a_0024,background,6.10342,0.0166606,11.5346,44.2557,0.976911,1.11779,0.295029,0.43473,0.0213891,0.808523,0.688943,0.139988,0.892717,0.340035
M5,smoothing,sigma 4px,train/Category-4_a_0024,full,7.00228,0.0273744,24.8862,29.7493,0.911192,2.17879,0.246485,0.254432,0.000249666,0.324977,0.483712,0.0250173,0.618084,0.11986
M5,smoothing,sigma 4px,train/Category-4_a_0024,object,3.35506,0.0114452,16.7163,24.3923,0.758444,4.33836,0.511191,0.564249,0.00380245,0.146409,0.235482,0.103127,0.452427,0.195849
M5,smoothing,sigma 4px,train/Category-4_a_0024,table,20.0835,0.137624,137.707,27.1096,0.846594,3.66597,0.0180124,0.00102693,1e-06,0.236986,0.294643,0.000264467,0.54179,0.010925
M5,smoothing,sigma 4px,train/Category-4_a_0024,background,6.74536,0.0202408,17.8732,40.2535,0.969746,1.286,0.259481,0.363477,0.00258575,0.675115,0.651378,0.0624774,0.822431,0.218888
M6,destriping,own profile,train/Category-4_a_0024,full,6.9912,0.199958,6.7679,34.0922,0.939735,1.91548,0.247031,4.54962e-05,0.104772,0.46974,0.528087,0.0105598,0.704738,0.0826122
M6,destriping,own profile,train/Category-4_a_0024,object,1.1493,0.0016528,2.60107,36.9067,0.982366,0.845059,0.794645,0.920683,0.420201,0.563558,0.75451,0.674911,0.772962,0.719662
M6,destriping,own profile,train/Category-4_a_0024,table,24.5762,1.74602,43.5315,28.4455,0.762191,4.15313,0.00733402,1e-06,1e-06,0.281516,0.25048,1.94289e-05,0.521853,0.00285221
M6,destriping,own profile,train/Category-4_a_0024,background,6.96083,0.0915067,15.3761,34.7583,0.945528,2.02134,0.248536,0.0103029,0.00594398,0.491942,0.509778,0.0247823,0.718735,0.126758
M6,destriping,train template,train/Category-4_a_0024,full,5.8027,0.0384566,4.16275,45.2285,0.982597,0.95726,0.313317,0.146192,0.249678,0.840949,0.726813,0.225301,0.911773,0.438082
M6,destriping,train template,train/Category-4_a_0024,object,0.90742,0.000587632,1.59931,48.8106,0.994837,0.26838,0.834032,0.971046,0.586782,0.960354,0.914425,0.780368,0.977595,0.864724
M6,destriping,train template,train/Category-4_a_0024,table,19.8551,0.253031,19.136,39.0744,0.935475,2.28934,0.0188541,3.20267e-06,0.00169738,0.635812,0.466212,0.000467986,0.785644,0.017731
M6,destriping,train template,train/Category-4_a_0024,background,5.85456,0.0268762,8.81155,46.0128,0.983824,1.0376,0.310084,0.26085,0.0530149,0.867093,0.707606,0.162464,0.925459,0.372453
M7,gain error,global +1%,train/Category-4_a_0024,full,0.023227,1.70419e-08,1.84872,55.7121,0.999983,0.129056,0.995365,0.999999,0.53997,1,0.957893,0.81305,0.999991,0.895891
M7,gain error,global +1%,train/Category-4_a_0024,object,0.00605068,1.28099e-08,1.23585,52.0452,0.999976,0.198357,0.998791,0.999999,0.662358,1,0.93602,0.871343,0.999988,0.924241
M7,gain error,global +1%,train/Category-4_a_0024,table,0.0871607,1.73037e-08,1.76646,62.3662,0.999974,0.0640527,0.982719,0.999999,0.554982,1,0.978875,0.817026,0.999987,0.901001
M7,gain error,global +1%,train/Category-4_a_0024,background,0.0217535,1.8432e-08,1.13651,57.6251,0.999986,0.113165,0.995659,0.999999,0.684657,1,0.962981,0.880091,0.999993,0.932836
M7,gain error,global -1%,train/Category-4_a_0024,full,0.0232864,1.70547e-08,1.84872,55.6325,0.999983,0.129176,0.995354,0.999999,0.53997,1,0.957855,0.813047,0.999991,0.895883
M7,gain error,global -1%,train/Category-4_a_0024,object,0.00607919,1.28105e-08,1.23585,51.9408,0.999977,0.197041,0.998785,0.999999,0.662358,1,0.93643,0.871341,0.999988,0.924301
M7,gain error,global -1%,train/Category-4_a_0024,table,0.0880436,1.73458e-08,1.76646,62.316,0.999974,0.0644818,0.982545,0.999999,0.554982,1,0.978735,0.816978,0.999987,0.900955
M7,gain error,global -1%,train/Category-4_a_0024,background,0.0217301,1.84456e-08,1.13651,57.5744,0.999986,0.113731,0.995663,0.999999,0.684657,1,0.962799,0.880093,0.999993,0.932811
M7,gain error,global +3%,train/Category-4_a_0024,full,0.023122,1.70398e-08,5.54617,46.2434,0.99985,0.383124,0.995386,0.999999,0.157438,0.87478,0.88011,0.539138,0.937315,0.704191
M7,gain error,global +3%,train/Category-4_a_0024,object,0.00608076,1.28222e-08,3.70754,42.597,0.999788,0.582991,0.998785,0.999999,0.290589,0.753233,0.823386,0.66209,0.87651,0.754682
M7,gain error,global +3%,train/Category-4_a_0024,table,0.0862898,1.73528e-08,5.29938,52.8733,0.999776,0.190886,0.98289,0.999999,0.170937,1,0.938353,0.551798,0.999888,0.735746
M7,gain error,global +3%,train/Category-4_a_0024,background,0.0216899,1.84193e-08,3.40954,48.1326,0.999879,0.33783,0.995671,0.999999,0.320936,0.937752,0.893499,0.683667,0.968816,0.804027
M7,gain error,global -3%,train/Category-4_a_0024,full,0.0233296,1.70744e-08,5.54617,46.0269,0.99985,0.388321,0.995345,0.999999,0.157438,0.867563,0.878587,0.539131,0.933707,0.703054
M7,gain error,global -3%,train/Category-4_a_0024,object,0.00599624,1.2825e-08,3.70754,42.3254,0.999817,0.588925,0.998801,0.999999,0.290589,0.74418,0.821759,0.662093,0.871998,0.753098
M7,gain error,global -3%,train/Category-4_a_0024,table,0.0889922,1.73763e-08,5.29938,52.7225,0.999759,0.194746,0.982359,0.999999,0.170937,1,0.937147,0.551699,0.99988,0.735536
M7,gain error,global -3%,train/Category-4_a_0024,background,0.0217131,1.84658e-08,3.40954,47.9806,0.999871,0.342931,0.995667,0.999999,0.320936,0.932686,0.891981,0.683666,0.966279,0.803084
M7,gain error,global +10%,train/Category-4_a_0024,full,0.0226728,1.70212e-08,18.4873,35.9827,0.998476,1.24564,0.995476,0.999999,0.00210715,0.532756,0.6602,0.128009,0.765616,0.30618
M7,gain error,global +10%,train/Category-4_a_0024,object,0.00594092,1.28359e-08,12.3585,32.3604,0.997912,1.86758,0.998813,0.999999,0.0162527,0.412015,0.536587,0.253204,0.704963,0.405545
M7,gain error,global +10%,train/Category-4_a_0024,table,0.0834793,1.736e-08,17.6646,42.5835,0.997702,0.621903,0.983443,0.999999,0.00277194,0.752784,0.812775,0.139694,0.875243,0.345803
M7,gain error,global +10%,train/Category-4_a_0024,background,0.0214041,1.8387e-08,11.3651,37.8441,0.998753,1.10758,0.995728,0.999999,0.0226322,0.594802,0.691292,0.282459,0.796778,0.464403
M7,gain error,global -10%,train/Category-4_a_0024,full,0.0235973,1.71093e-08,18.4873,35.3719,0.998231,1.32272,0.995292,0.999999,0.00210715,0.512397,0.643452,0.128002,0.755314,0.30355
M7,gain error,global -10%,train/Category-4_a_0024,object,0.00611723,1.28766e-08,12.3585,31.6613,0.99796,2.01651,0.998777,0.999999,0.0162527,0.38871,0.5106,0.253201,0.693335,0.400198
M7,gain error,global -10%,train/Category-4_a_0024,table,0.0924075,1.74073e-08,17.6646,42.08,0.997087,0.664678,0.981688,0.999999,0.00277194,0.736,0.801268,0.139611,0.866543,0.343758
M7,gain error,global -10%,train/Category-4_a_0024,background,0.0216738,1.84956e-08,11.3651,37.3363,0.998452,1.16445,0.995675,0.999999,0.0226322,0.577878,0.678311,0.282454,0.788165,0.461322
M7,gain error,per band 1%,train/Category-4_a_0024,full,0.54621,9.623e-05,1.84872,55.8876,0.999744,0.479507,0.896513,0.9952,0.53997,1,0.852284,0.783933,0.999872,0.864386
M7,gain error,per band 1%,train/Category-4_a_0024,object,0.568148,9.86367e-05,1.23585,51.2511,0.99893,0.551514,0.892589,0.99508,0.662358,1,0.832071,0.837917,0.999465,0.890314
M7,gain error,per band 1%,train/Category-4_a_0024,table,0.500379,9.34892e-05,1.76646,64.3095,0.999981,0.257599,0.904769,0.995336,0.554982,1,0.917717,0.793589,0.99999,0.879433
M7,gain error,per band 1%,train/Category-4_a_0024,background,0.544038,9.57328e-05,1.13651,59.2916,0.99999,0.480465,0.896903,0.995225,0.684657,1,0.852012,0.84862,0.999995,0.899337
M7,gain error,per band 3%,train/Category-4_a_0024,full,1.62634,0.000863274,5.54617,46.4624,0.998519,1.42205,0.722334,0.957755,0.157438,0.882081,0.622497,0.477567,0.9403,0.629913
M7,gain error,per band 3%,train/Category-4_a_0024,object,1.70134,0.000886379,3.70754,41.8759,0.993938,1.64207,0.71158,0.956649,0.290589,0.729197,0.578477,0.582664,0.861567,0.667426
M7,gain error,per band 3%,train/Category-4_a_0024,table,1.4621,0.00083771,5.29938,54.7868,0.999832,0.776605,0.746456,0.95898,0.170937,1,0.771925,0.496459,0.999916,0.677743
M7,gain error,per band 3%,train/Category-4_a_0024,background,1.61977,0.000858416,3.40954,49.7648,0.999907,1.42129,0.723283,0.957987,0.320936,0.99216,0.622655,0.605846,0.996033,0.723959
M7,gain error,per band 10%,train/Category-4_a_0024,full,5.31439,0.00950527,18.4873,36.542,0.995145,4.51328,0.34546,0.621721,0.00210715,0.551401,0.222144,0.0767767,0.773273,0.202082
M7,gain error,per band 10%,train/Category-4_a_0024,object,5.62441,0.00981756,12.3585,32.2256,0.982677,5.30617,0.324691,0.612089,0.0162527,0.407519,0.170551,0.147821,0.695098,0.259635
M7,gain error,per band 10%,train/Category-4_a_0024,table,4.71984,0.00918703,17.6646,44.3887,0.99822,2.61076,0.389081,0.631693,0.00277194,0.812958,0.418846,0.087992,0.905589,0.251452
M7,gain error,per band 10%,train/Category-4_a_0024,background,5.27768,0.00943652,11.3651,39.3513,0.99898,4.46261,0.348006,0.623862,0.0226322,0.645042,0.225929,0.170007,0.822011,0.30799
M8,zero-clamping,zero <0.001,train/Category-4_a_0024,full,0.0508035,0.00568657,0.0229158,74.0995,0.999965,0.00279444,0.989891,0.752519,0.992391,1,0.999069,0.904196,0.999983,0.950753
M8,zero-clamping,zero <0.001,train/Category-4_a_0024,object,0.0058018,1.62645e-08,4.73372e-05,120,1,6.46383e-09,0.99884,0.999999,0.999984,1,1,0.999608,1,0.999804
M8,zero-clamping,zero <0.001,train/Category-4_a_0024,table,0.263747,0.0337948,0.450671,66.327,0.999783,0.0171983,0.948618,0.184567,0.860516,1,0.994284,0.53211,0.999892,0.728804
M8,zero-clamping,zero <0.001,train/Category-4_a_0024,background,0.0418004,0.0044131,0.0515428,75.229,0.999974,0.00210174,0.991675,0.801993,0.982966,1,0.9993,0.921212,0.999987,0.959693
M8,zero-clamping,zero <0.003,train/Category-4_a_0024,full,0.34609,0.115973,0.189823,53.796,0.99683,0.0395435,0.933123,0.0030317,0.938686,1,0.986905,0.138478,0.998415,0.371186
M8,zero-clamping,zero <0.003,train/Category-4_a_0024,object,0.00581362,6.17875e-07,0.000546201,120,1,2.38161e-07,0.998838,0.999969,0.999818,1,1,0.999542,1,0.999771
M8,zero-clamping,zero <0.003,train/Category-4_a_0024,table,2.50201,0.782834,4.27524,45.7079,0.981092,0.275581,0.606287,1e-06,0.240489,0.85693,0.912232,0.0052633,0.919011,0.0694716
M8,zero-clamping,zero <0.003,train/Category-4_a_0024,background,0.216247,0.0794059,0.39443,55.2231,0.997548,0.0260956,0.957673,0.0188679,0.8768,1,0.991339,0.251158,0.998774,0.500288
M8,zero-clamping,zero <0.01,train/Category-4_a_0024,full,2.62371,1.0948,1.26611,37.419,0.959827,0.34179,0.591708,1e-06,0.655709,0.580633,0.89232,0.00729356,0.77023,0.076624
M8,zero-clamping,zero <0.01,train/Category-4_a_0024,object,0.00608289,1.4812e-05,0.0048954,98.8291,1,9.73046e-06,0.998784,0.99926,0.99837,1,0.999997,0.998804,1,0.999401
M8,zero-clamping,zero <0.01,train/Category-4_a_0024,table,25.0576,10.2757,35.0794,27.4348,0.624394,3.30322,0.00666075,1e-06,8.35088e-06,0.247826,0.332514,3.81726e-05,0.43611,0.00391747
M8,zero-clamping,zero <0.01,train/Category-4_a_0024,background,0.962882,0.423017,1.79777,42.3539,0.984313,0.121287,0.824831,1e-06,0.54922,0.74513,0.960377,0.00768017,0.864721,0.0827863
M8,zero-clamping,zero <0.02,train/Category-4_a_0024,full,4.82607,1.87808,2.35439,32.4398,0.927435,0.610708,0.380902,1e-06,0.456213,0.414661,0.815814,0.00558033,0.671048,0.0630133
M8,zero-clamping,zero <0.02,train/Category-4_a_0024,object,0.03313,0.00480498,0.263622,46.5392,0.997326,0.0201123,0.993396,0.786432,0.915876,0.884641,0.993318,0.894417,0.940983,0.924883
M8,zero-clamping,zero <0.02,train/Category-4_a_0024,table,44.765,18.1911,60.6366,22.29,0.298164,5.69822,0.000129349,1e-06,1e-06,0.0763344,0.149657,5.05733e-06,0.187249,0.000940962
M8,zero-clamping,zero <0.02,train/Category-4_a_0024,background,1.91387,0.660268,3.41586,38.2218,0.975207,0.233055,0.681967,1e-06,0.32026,0.607393,0.925256,0.0060222,0.7913,0.0706702
M8,zero-clamping,floor 0.005,train/Category-4_a_0024,full,0.491153,0.00543241,0.313223,48.4791,0.99607,0.0757318,0.90644,0.762143,0.900858,0.949303,0.975072,0.853776,0.972687,0.911629
M8,zero-clamping,floor 0.005,train/Category-4_a_0024,object,0.00582422,5.71582e-08,0.000841762,120,1,4.43135e-07,0.998836,0.999997,0.999719,1,1,0.999517,1,0.999759
M8,zero-clamping,floor 0.005,train/Category-4_a_0024,table,3.55682,0.0345261,6.77649,40.5502,0.973708,0.527512,0.490974,0.17794,0.104473,0.685008,0.838754,0.208983,0.829358,0.417024
M8,zero-clamping,floor 0.005,train/Category-4_a_0024,background,0.307009,0.00396214,0.667288,49.7508,0.997282,0.0500072,0.940445,0.820282,0.800571,0.991692,0.983469,0.851593,0.994487,0.918734
M8,zero-clamping,floor 0.02,train/Category-4_a_0024,full,2.61416,0.0266093,3.17852,33.1415,0.973168,0.7308,0.592839,0.264354,0.346627,0.438049,0.783801,0.378729,0.705609,0.525161
M8,zero-clamping,floor 0.02,train/Category-4_a_0024,object,0.00997832,8.37875e-06,0.0442284,62.2568,0.999899,0.00308459,0.998006,0.999581,0.985365,1,0.998972,0.994297,0.999949,0.996973
M8,zero-clamping,floor 0.02,train/Category-4_a_0024,table,22.3204,0.203338,81.5424,23.9144,0.770476,6.50473,0.0115152,3.84211e-05,1e-06,0.130481,0.114378,7.61986e-05,0.450478,0.00476992
M8,zero-clamping,floor 0.02,train/Category-4_a_0024,background,1.25753,0.0155319,5.45499,36.1431,0.98714,0.321461,0.777629,0.459969,0.162296,0.538103,0.898388,0.387201,0.762621,0.556924
M9,constant,zeros,train/Category-4_a_0024,full,90,23.6022,184.873,8.9884,0.00389152,25.1803,1e-06,1e-06,1e-06,0,0.000226348,1e-06,0.00194576,3.19446e-05
M9,constant,zeros,train/Category-4_a_0024,object,90,23.6589,123.585,4.7617,0.00423379,48.7833,1e-06,1e-06,1e-06,0,1e-06,1e-06,0.0021169,1.4588e-05
M9,constant,zeros,train/Category-4_a_0024,table,90,23.7121,176.646,17.4036,0.0150035,9.25781,1e-06,1e-06,1e-06,0,0.0456872,1e-06,0.00750175,0.000113573
M9,constant,zeros,train/Category-4_a_0024,background,90,23.5708,113.651,11.6283,0.00251909,19.0641,1e-06,1e-06,1e-06,0,0.00173856,1e-06,0.00125955,3.7248e-05
M9,constant,train mean,train/Category-4_a_0024,full,19.6593,0.159707,156.017,14.3694,0.748321,16.3911,0.0196073,0.000340416,1e-06,0,0.00423788,0.000188282,0.37416,0.00428595
M9,constant,train mean,train/Category-4_a_0024,object,20.0055,0.271358,97.5851,10.93,0.470482,27.6561,0.0182954,1.28099e-06,1e-06,0,9.91687e-05,2.86174e-05,0.235241,0.000808724
M9,constant,train mean,train/Category-4_a_0024,table,35.4815,0.374375,864.952,11.1284,0.378194,25.419,0.000828169,1e-06,1e-06,0,0.000209037,9.39088e-06,0.189097,0.000479983
M9,constant,train mean,train/Category-4_a_0024,background,17.7524,0.0979553,190.73,17.6547,0.883419,11.5902,0.0287107,0.00746325,1e-06,0,0.0209966,0.000598399,0.441709,0.0102947
M9,constant,ones,train/Category-4_a_0024,full,20.0388,0.16672,749.246,2.93744,0.429066,57.3505,0.0181741,0.000239732,1e-06,0,1e-06,0.000163328,0.214533,0.000938756
M9,constant,ones,train/Category-4_a_0024,object,21.953,0.32283,198.191,5.47321,0.412357,38.9796,0.0123934,1e-06,1e-06,0,2.27573e-06,2.31418e-05,0.206179,0.000394232
M9,constant,ones,train/Category-4_a_0024,table,33.9523,0.342402,6877.47,1.02732,0.158541,86.3325,0.00112445,1e-06,1e-06,0,1e-06,1.03987e-05,0.0792707,0.000167178
M9,constant,ones,train/Category-4_a_0024,background,17.8219,0.0944653,2013.89,2.57974,0.465288,60.2335,0.0283143,0.00888613,1e-06,0,1e-06,0.000631305,0.232644,0.00189872
